{"vk":{"amount":"15","count":"\u2705 6059 \u0639\u062f\u062f"},"wa":{"amount":"6","count":"\u2705 7431 \u0639\u062f\u062f"},"vi":{"amount":"6","count":"\u2705 11597 \u0639\u062f\u062f"},"tg":{"amount":"10","count":"\u2705 420 \u0639\u062f\u062f"},"wb":{"amount":"20","count":"\u2705 71223 \u0639\u062f\u062f"},"go":{"amount":"8","count":"\u2705 17670 \u0639\u062f\u062f"},"fb":{"amount":"5","count":"\u2705 3528 \u0639\u062f\u062f"},"tw":{"amount":"2","count":"\u2705 22853 \u0639\u062f\u062f"},"ig":{"amount":"6","count":"\u2705 5190 \u0639\u062f\u062f"},"mm":{"amount":"4","count":"\u2705 5051 \u0639\u062f\u062f"},"me":{"amount":"---","count":"\u274c"},"mb":{"amount":"2","count":"\u2705 11754 \u0639\u062f\u062f"},"tn":{"amount":"---","count":"\u274c"},"im":{"amount":"1","count":"\u2705 77911 \u0639\u062f\u062f"},"am":{"amount":"3","count":"\u2705 11214 \u0639\u062f\u062f"},"ot":{"amount":"3","count":"\u2705 29854 \u0639\u062f\u062f"}}