{"vk":{"count":"\u2705 2660 \u0639\u062f\u062f","amount":"18"},"wa":{"count":"\u2705 2746 \u0639\u062f\u062f","amount":"15"},"vi":{"count":"\u2705 1348 \u0639\u062f\u062f","amount":"12"},"tg":{"count":"\u274c","amount":"12"},"wb":{"count":"\u2705 1361 \u0639\u062f\u062f","amount":"30"},"go":{"count":"\u274c","amount":"14"},"fb":{"count":"\u2705 1213 \u0639\u062f\u062f","amount":"15"},"tw":{"count":"\u2705 2153 \u0639\u062f\u062f","amount":"4"},"ig":{"count":"\u2705 1533 \u0639\u062f\u062f","amount":"9"},"mm":{"count":"\u2705 2043 \u0639\u062f\u062f","amount":"4"},"me":{"count":"\u274c","amount":"---"},"mb":{"count":"\u2705 3002 \u0639\u062f\u062f","amount":"3"},"tn":{"count":"\u2705 3591 \u0639\u062f\u062f","amount":"1"},"im":{"count":"\u2705 3693 \u0639\u062f\u062f","amount":"3"},"am":{"count":"\u274c","amount":"7"},"ot":{"count":"\u2705 2717 \u0639\u062f\u062f","amount":"18"}}