{"ig":{"amount":"11","count":"\u2705 2579 \u0639\u062f\u062f"},"go":{"amount":"14","count":"\u2705 3421 \u0639\u062f\u062f"},"mm":{"amount":"7","count":"\u2705 4841 \u0639\u062f\u062f"},"fb":{"amount":"9","count":"\u2705 2178 \u0639\u062f\u062f"},"me":{"amount":"---","count":"\u274c"},"tw":{"amount":"4","count":"\u2705 2108 \u0639\u062f\u062f"},"mb":{"amount":"---","count":"\u274c"},"tn":{"amount":"---","count":"\u274c"},"im":{"amount":"---","count":"\u274c"},"am":{"amount":"17","count":"\u2705 3409 \u0639\u062f\u062f"},"ot":{"amount":"9","count":"\u2705 2444 \u0639\u062f\u062f"},"vk":{"amount":"---","count":"\u274c"},"wa":{"amount":"12","count":"\u2705 2448 \u0639\u062f\u062f"},"vi":{"amount":"10","count":"\u2705 2206 \u0639\u062f\u062f"},"tg":{"amount":"11","count":"\u2705 726 \u0639\u062f\u062f"},"wb":{"amount":"45","count":"\u2705 379 \u0639\u062f\u062f"}}