{"tw":{"amount":"3","count":"\u2705 203 \u0639\u062f\u062f"},"ig":{"amount":"6","count":"\u2705 699 \u0639\u062f\u062f"},"mm":{"amount":"4","count":"\u2705 1170 \u0639\u062f\u062f"},"me":{"amount":"1","count":"\u2705 1550 \u0639\u062f\u062f"},"mb":{"amount":"3","count":"\u2705 760 \u0639\u062f\u062f"},"tn":{"amount":"2","count":"\u2705 1987 \u0639\u062f\u062f"},"im":{"amount":"---","count":"\u274c"},"am":{"amount":"---","count":"\u274c"},"ot":{"amount":"6","count":"\u2705 1906 \u0639\u062f\u062f"},"vk":{"amount":"12","count":"\u2705 1449 \u0639\u062f\u062f"},"wa":{"amount":"7","count":"\u2705 1098 \u0639\u062f\u062f"},"vi":{"amount":"5","count":"\u2705 1476 \u0639\u062f\u062f"},"tg":{"amount":"9","count":"\u2705 189 \u0639\u062f\u062f"},"wb":{"amount":"40","count":"\u2705 531 \u0639\u062f\u062f"},"go":{"amount":"12","count":"\u2705 132 \u0639\u062f\u062f"},"fb":{"amount":"5","count":"\u2705 510 \u0639\u062f\u062f"}}