{"tn":{"amount":"1","count":"\u2705 79436 \u0639\u062f\u062f"},"im":{"amount":"2","count":"\u2705 78594 \u0639\u062f\u062f"},"am":{"amount":"2","count":"\u2705 78360 \u0639\u062f\u062f"},"ot":{"amount":"6","count":"\u2705 79997 \u0639\u062f\u062f"},"vk":{"amount":"5","count":"\u2705 79608 \u0639\u062f\u062f"},"wa":{"amount":"5","count":"\u2705 77852 \u0639\u062f\u062f"},"vi":{"amount":"5","count":"\u2705 79821 \u0639\u062f\u062f"},"tg":{"amount":"10","count":"\u2705 78327 \u0639\u062f\u062f"},"wb":{"amount":"11","count":"\u2705 79444 \u0639\u062f\u062f"},"go":{"amount":"7","count":"\u2705 79414 \u0639\u062f\u062f"},"fb":{"amount":"4","count":"\u2705 79781 \u0639\u062f\u062f"},"tw":{"amount":"3","count":"\u2705 79679 \u0639\u062f\u062f"},"ig":{"amount":"5","count":"\u2705 79802 \u0639\u062f\u062f"},"mm":{"amount":"3","count":"\u2705 78693 \u0639\u062f\u062f"},"me":{"amount":"2","count":"\u2705 78412 \u0639\u062f\u062f"},"mb":{"amount":"---","count":"\u274c"}}