{"am":{"amount":"---","count":"\u274c"},"im":{"amount":"---","count":"\u274c"},"ot":{"amount":"70","count":"\u2705 57 \u0639\u062f\u062f"},"vk":{"amount":"---","count":"\u274c"},"wa":{"amount":"35","count":"\u2705 27 \u0639\u062f\u062f"},"vi":{"amount":"---","count":"\u274c"},"tg":{"amount":"36","count":"\u2705 22 \u0639\u062f\u062f"},"wb":{"amount":"45","count":"\u2705 5 \u0639\u062f\u062f"},"go":{"amount":"36","count":"\u2705 785 \u0639\u062f\u062f"},"fb":{"amount":"20","count":"\u2705 55 \u0639\u062f\u062f"},"tw":{"amount":"10","count":"\u2705 70 \u0639\u062f\u062f"},"ig":{"amount":"16","count":"\u2705 21 \u0639\u062f\u062f"},"mm":{"amount":"17","count":"\u2705 257 \u0639\u062f\u062f"},"me":{"amount":"12","count":"\u2705 60 \u0639\u062f\u062f"},"mb":{"amount":"---","count":"\u274c"},"tn":{"amount":"---","count":"\u274c"}}