{"ot":{"amount":"27","count":"\u2705 28 \u0639\u062f\u062f"},"vk":{"amount":"---","count":"\u274c"},"wa":{"amount":"30","count":"\u274c"},"vi":{"amount":"10","count":"\u2705 136 \u0639\u062f\u062f"},"tg":{"amount":"25","count":"\u2705 166 \u0639\u062f\u062f"},"wb":{"amount":"---","count":"\u274c"},"go":{"amount":"23","count":"\u2705 94 \u0639\u062f\u062f"},"fb":{"amount":"35","count":"\u274c"},"tw":{"amount":"10","count":"\u2705 856 \u0639\u062f\u062f"},"ig":{"amount":"18","count":"\u2705 21 \u0639\u062f\u062f"},"mm":{"amount":"13","count":"\u2705 59 \u0639\u062f\u062f"},"me":{"amount":"21","count":"\u2705 5 \u0639\u062f\u062f"},"mb":{"amount":"16","count":"\u2705 179 \u0639\u062f\u062f"},"tn":{"amount":"---","count":"\u274c"},"im":{"amount":"---","count":"\u274c"},"am":{"amount":"35","count":"\u2705 9 \u0639\u062f\u062f"}}