{"am":{"amount":"7","count":"\u2705 2040 \u0639\u062f\u062f"},"im":{"amount":"2","count":"\u2705 2238 \u0639\u062f\u062f"},"ot":{"amount":"25","count":"\u2705 1649 \u0639\u062f\u062f"},"vk":{"amount":"25","count":"\u2705 2179 \u0639\u062f\u062f"},"wa":{"amount":"15","count":"\u2705 259 \u0639\u062f\u062f"},"vi":{"amount":"13","count":"\u2705 2207 \u0639\u062f\u062f"},"tg":{"amount":"14","count":"\u2705 299 \u0639\u062f\u062f"},"wb":{"amount":"55","count":"\u2705 834 \u0639\u062f\u062f"},"go":{"amount":"18","count":"\u2705 1068 \u0639\u062f\u062f"},"fb":{"amount":"15","count":"\u2705 1716 \u0639\u062f\u062f"},"tw":{"amount":"4","count":"\u2705 822 \u0639\u062f\u062f"},"ig":{"amount":"12","count":"\u2705 2114 \u0639\u062f\u062f"},"mm":{"amount":"5","count":"\u2705 1770 \u0639\u062f\u062f"},"me":{"amount":"---","count":"\u274c"},"mb":{"amount":"4","count":"\u2705 2275 \u0639\u062f\u062f"},"tn":{"amount":"3","count":"\u2705 2287 \u0639\u062f\u062f"}}