{"me":{"amount":"---","count":"\u274c"},"mb":{"amount":"5","count":"\u2705 1202 \u0639\u062f\u062f"},"tn":{"amount":"10","count":"\u2705 5589 \u0639\u062f\u062f"},"im":{"amount":"3","count":"\u2705 5616 \u0639\u062f\u062f"},"am":{"amount":"25","count":"\u2705 4333 \u0639\u062f\u062f"},"ot":{"amount":"18","count":"\u2705 3084 \u0639\u062f\u062f"},"vk":{"amount":"11","count":"\u2705 2874 \u0639\u062f\u062f"},"wa":{"amount":"12","count":"\u2705 1886 \u0639\u062f\u062f"},"vi":{"amount":"8","count":"\u2705 2295 \u0639\u062f\u062f"},"tg":{"amount":"16","count":"\u2705 869 \u0639\u062f\u062f"},"wb":{"amount":"50","count":"\u2705 2279 \u0639\u062f\u062f"},"go":{"amount":"20","count":"\u2705 1515 \u0639\u062f\u062f"},"fb":{"amount":"15","count":"\u2705 3034 \u0639\u062f\u062f"},"tw":{"amount":"5","count":"\u2705 3629 \u0639\u062f\u062f"},"ig":{"amount":"13","count":"\u2705 4066 \u0639\u062f\u062f"},"mm":{"amount":"12","count":"\u2705 3494 \u0639\u062f\u062f"}}