{"ot":{"amount":"25","count":"\u2705 3 \u0639\u062f\u062f"},"vk":{"amount":"17","count":"\u2705 3 \u0639\u062f\u062f"},"wa":{"amount":"16","count":"\u2705 1 \u0639\u062f\u062f"},"vi":{"amount":"13","count":"\u2705 1 \u0639\u062f\u062f"},"tg":{"amount":"13","count":"\u2705 101 \u0639\u062f\u062f"},"wb":{"amount":"15","count":"\u2705 2 \u0639\u062f\u062f"},"go":{"amount":"22","count":"\u2705 101 \u0639\u062f\u062f"},"fb":{"amount":"10","count":"\u2705 102 \u0639\u062f\u062f"},"tw":{"amount":"2","count":"\u2705 3 \u0639\u062f\u062f"},"ig":{"amount":"13","count":"\u2705 101 \u0639\u062f\u062f"},"mm":{"amount":"13","count":"\u2705 103 \u0639\u062f\u062f"},"me":{"amount":"4","count":"\u2705 3 \u0639\u062f\u062f"},"mb":{"amount":"6","count":"\u2705 3 \u0639\u062f\u062f"},"tn":{"amount":"3","count":"\u2705 3 \u0639\u062f\u062f"},"im":{"amount":"---","count":"\u274c"},"am":{"amount":"15","count":"\u2705 103 \u0639\u062f\u062f"}}