{"mb":{"amount":"7","count":"\u2705 24 \u0639\u062f\u062f"},"tn":{"amount":"---","count":"\u274c"},"im":{"amount":"---","count":"\u274c"},"am":{"amount":"17","count":"\u2705 543 \u0639\u062f\u062f"},"ot":{"amount":"25","count":"\u2705 17 \u0639\u062f\u062f"},"vk":{"amount":"12","count":"\u2705 2026 \u0639\u062f\u062f"},"wa":{"amount":"14","count":"\u2705 1169 \u0639\u062f\u062f"},"vi":{"amount":"10","count":"\u2705 1788 \u0639\u062f\u062f"},"tg":{"amount":"16","count":"\u2705 901 \u0639\u062f\u062f"},"wb":{"amount":"25","count":"\u2705 3 \u0639\u062f\u062f"},"go":{"amount":"22","count":"\u2705 1679 \u0639\u062f\u062f"},"fb":{"amount":"5","count":"\u274c"},"tw":{"amount":"7","count":"\u2705 19 \u0639\u062f\u062f"},"ig":{"amount":"12","count":"\u2705 1409 \u0639\u062f\u062f"},"mm":{"amount":"12","count":"\u2705 2217 \u0639\u062f\u062f"},"me":{"amount":"---","count":"\u274c"}}