{"vk":{"count":"\u2705 438 \u0639\u062f\u062f","amount":"14"},"wa":{"count":"\u2705 626 \u0639\u062f\u062f","amount":"7"},"vi":{"count":"\u2705 1111 \u0639\u062f\u062f","amount":"4"},"tg":{"count":"\u2705 117 \u0639\u062f\u062f","amount":"11"},"wb":{"count":"\u2705 1312 \u0639\u062f\u062f","amount":"20"},"go":{"count":"\u2705 937 \u0639\u062f\u062f","amount":"8"},"fb":{"count":"\u2705 278 \u0639\u062f\u062f","amount":"5"},"tw":{"count":"\u2705 1108 \u0639\u062f\u062f","amount":"2"},"ig":{"count":"\u274c","amount":"8"},"mm":{"count":"\u2705 1033 \u0639\u062f\u062f","amount":"4"},"me":{"count":"\u274c","amount":"---"},"mb":{"count":"\u2705 91 \u0639\u062f\u062f","amount":"3"},"tn":{"count":"\u2705 1571 \u0639\u062f\u062f","amount":"1"},"im":{"count":"\u274c","amount":"---"},"am":{"count":"\u2705 1332 \u0639\u062f\u062f","amount":"3"},"ot":{"count":"\u2705 589 \u0639\u062f\u062f","amount":"5"}}