{"ot":{"amount":"---","count":"\u274c"},"vk":{"amount":"---","count":"\u274c"},"wa":{"amount":"---","count":"\u274c"},"vi":{"amount":"---","count":"\u274c"},"tg":{"amount":"---","count":"\u274c"},"wb":{"amount":"---","count":"\u274c"},"go":{"amount":"---","count":"\u274c"},"fb":{"amount":"---","count":"\u274c"},"tw":{"amount":"---","count":"\u274c"},"ig":{"amount":"---","count":"\u274c"},"mm":{"amount":"---","count":"\u274c"},"me":{"amount":"---","count":"\u274c"},"mb":{"amount":"---","count":"\u274c"},"tn":{"amount":"---","count":"\u274c"},"im":{"amount":"---","count":"\u274c"},"am":{"amount":"---","count":"\u274c"}}