{"mm":{"amount":"20","count":"\u2705 972 \u0639\u062f\u062f"},"me":{"amount":"12","count":"\u2705 469 \u0639\u062f\u062f"},"mb":{"amount":"7","count":"\u2705 165 \u0639\u062f\u062f"},"tn":{"amount":"---","count":"\u274c"},"im":{"amount":"---","count":"\u274c"},"am":{"amount":"22","count":"\u2705 638 \u0639\u062f\u062f"},"ot":{"amount":"55","count":"\u2705 469 \u0639\u062f\u062f"},"vk":{"amount":"16","count":"\u2705 1215 \u0639\u062f\u062f"},"wa":{"amount":"42","count":"\u2705 109 \u0639\u062f\u062f"},"vi":{"amount":"19","count":"\u2705 1286 \u0639\u062f\u062f"},"tg":{"amount":"28","count":"\u2705 840 \u0639\u062f\u062f"},"wb":{"amount":"45","count":"\u274c"},"go":{"amount":"28","count":"\u2705 1124 \u0639\u062f\u062f"},"fb":{"amount":"30","count":"\u2705 163 \u0639\u062f\u062f"},"tw":{"amount":"12","count":"\u2705 387 \u0639\u062f\u062f"},"ig":{"amount":"20","count":"\u2705 859 \u0639\u062f\u062f"}}