{"ot":{"amount":"25","count":"\u2705 16496 \u0639\u062f\u062f"},"vk":{"amount":"14","count":"\u2705 9655 \u0639\u062f\u062f"},"wa":{"amount":"17","count":"\u2705 11575 \u0639\u062f\u062f"},"vi":{"amount":"13","count":"\u2705 12844 \u0639\u062f\u062f"},"tg":{"amount":"13","count":"\u2705 1359696 \u0639\u062f\u062f"},"wb":{"amount":"30","count":"\u2705 16296 \u0639\u062f\u062f"},"go":{"amount":"22","count":"\u2705 10028 \u0639\u062f\u062f"},"fb":{"amount":"14","count":"\u2705 47063 \u0639\u062f\u062f"},"tw":{"amount":"16","count":"\u2705 95246 \u0639\u062f\u062f"},"ig":{"amount":"12","count":"\u2705 57591 \u0639\u062f\u062f"},"mm":{"amount":"10","count":"\u2705 11368 \u0639\u062f\u062f"},"me":{"amount":"14","count":"\u2705 16645 \u0639\u062f\u062f"},"mb":{"amount":"19","count":"\u2705 16453 \u0639\u062f\u062f"},"tn":{"amount":"---","count":"\u274c"},"im":{"amount":"8","count":"\u2705 16536 \u0639\u062f\u062f"},"am":{"amount":"17","count":"\u2705 15496 \u0639\u062f\u062f"}}