{"ot":{"amount":"25","count":"\u2705 81 \u0639\u062f\u062f"},"vk":{"amount":"10","count":"\u2705 663 \u0639\u062f\u062f"},"wa":{"amount":"13","count":"\u274c"},"vi":{"amount":"13","count":"\u2705 35 \u0639\u062f\u062f"},"tg":{"amount":"8","count":"\u2705 1 \u0639\u062f\u062f"},"wb":{"amount":"---","count":"\u274c"},"go":{"amount":"15","count":"\u2705 3 \u0639\u062f\u062f"},"fb":{"amount":"5","count":"\u2705 3000 \u0639\u062f\u062f"},"tw":{"amount":"8","count":"\u2705 960 \u0639\u062f\u062f"},"ig":{"amount":"13","count":"\u2705 721 \u0639\u062f\u062f"},"mm":{"amount":"13","count":"\u2705 915 \u0639\u062f\u062f"},"me":{"amount":"10","count":"\u2705 563 \u0639\u062f\u062f"},"mb":{"amount":"7","count":"\u2705 833 \u0639\u062f\u062f"},"tn":{"amount":"---","count":"\u274c"},"im":{"amount":"2","count":"\u2705 842 \u0639\u062f\u062f"},"am":{"amount":"12","count":"\u2705 721 \u0639\u062f\u062f"}}