{"me":{"amount":"7","count":"\u2705 1029 \u0639\u062f\u062f"},"wb":{"amount":"60","count":"\u2705 683 \u0639\u062f\u062f"},"mb":{"amount":"5","count":"\u2705 512 \u0639\u062f\u062f"},"go":{"amount":"25","count":"\u2705 751 \u0639\u062f\u062f"},"tn":{"amount":"4","count":"\u2705 802 \u0639\u062f\u062f"},"im":{"amount":"---","count":"\u274c"},"tw":{"amount":"8","count":"\u2705 773 \u0639\u062f\u062f"},"ig":{"amount":"30","count":"\u2705 1271 \u0639\u062f\u062f"},"ot":{"amount":"9","count":"\u2705 768 \u0639\u062f\u062f"},"mm":{"amount":"5","count":"\u2705 776 \u0639\u062f\u062f"},"am":{"amount":"---","count":"\u274c"},"vk":{"count":"\u274c","amount":"---"},"wa":{"count":"\u2705 773 \u0639\u062f\u062f","amount":"8"},"vi":{"count":"\u274c","amount":"---"},"tg":{"count":"\u274c","amount":"35"},"fb":{"count":"\u2705 798 \u0639\u062f\u062f","amount":"25"}}