{"am":{"amount":"---","count":"\u274c"},"ot":{"amount":"20","count":"\u2705 96 \u0639\u062f\u062f"},"vk":{"count":"\u274c","amount":"---"},"wa":{"count":"\u2705 3521 \u0639\u062f\u062f","amount":"28"},"vi":{"count":"\u274c","amount":"---"},"tg":{"count":"\u2705 306 \u0639\u062f\u062f","amount":"20"},"wb":{"count":"\u2705 1 \u0639\u062f\u062f","amount":"50"},"go":{"count":"\u2705 490 \u0639\u062f\u062f","amount":"17"},"fb":{"count":"\u2705 53 \u0639\u062f\u062f","amount":"9"},"tw":{"count":"\u274c","amount":"---"},"ig":{"count":"\u2705 365 \u0639\u062f\u062f","amount":"14"},"mm":{"count":"\u2705 77 \u0639\u062f\u062f","amount":"5"},"me":{"count":"\u274c","amount":"---"},"mb":{"count":"\u2705 31 \u0639\u062f\u062f","amount":"6"},"tn":{"count":"\u274c","amount":"---"},"im":{"count":"\u274c","amount":"---"}}