{"tn":{"amount":"---","count":"\u274c"},"im":{"amount":"9","count":"\u2705 605 \u0639\u062f\u062f"},"am":{"amount":"22","count":"\u2705 471 \u0639\u062f\u062f"},"ot":{"amount":"---","count":"\u274c"},"vk":{"count":"\u2705 249 \u0639\u062f\u062f","amount":"14"},"wa":{"count":"\u2705 110 \u0639\u062f\u062f","amount":"40"},"vi":{"count":"\u2705 743 \u0639\u062f\u062f","amount":"12"},"tg":{"count":"\u2705 27 \u0639\u062f\u062f","amount":"18"},"wb":{"count":"\u274c","amount":"12"},"go":{"count":"\u2705 888 \u0639\u062f\u062f","amount":"22"},"fb":{"count":"\u274c","amount":"4"},"tw":{"count":"\u274c","amount":"2"},"ig":{"count":"\u2705 359 \u0639\u062f\u062f","amount":"13"},"mm":{"count":"\u274c","amount":"2"},"me":{"count":"\u274c","amount":"15"},"mb":{"count":"\u274c","amount":"1"}}