{"im":{"amount":"---","count":"\u274c"},"am":{"amount":"20","count":"\u2705 1 \u0639\u062f\u062f"},"ot":{"amount":"25","count":"\u2705 1 \u0639\u062f\u062f"},"vk":{"count":"\u2705 1 \u0639\u062f\u062f","amount":"40"},"wa":{"count":"\u274c","amount":"35"},"vi":{"count":"\u2705 1 \u0639\u062f\u062f","amount":"18"},"tg":{"count":"\u274c","amount":"40"},"wb":{"count":"\u274c","amount":"30"},"go":{"count":"\u2705 1 \u0639\u062f\u062f","amount":"30"},"fb":{"count":"\u2705 1 \u0639\u062f\u062f","amount":"10"},"tw":{"count":"\u274c","amount":"10"},"ig":{"count":"\u274c","amount":"20"},"mm":{"count":"\u274c","amount":"18"},"me":{"count":"\u274c","amount":"13"},"mb":{"count":"\u2705 1 \u0639\u062f\u062f","amount":"7"},"tn":{"count":"\u274c","amount":"---"}}