{"am":{"amount":"---","count":"\u274c"},"ot":{"amount":"35","count":"\u2705 1 \u0639\u062f\u062f"},"vk":{"count":"\u2705 529 \u0639\u062f\u062f","amount":"36"},"wa":{"count":"\u2705 574 \u0639\u062f\u062f","amount":"36"},"vi":{"count":"\u2705 635 \u0639\u062f\u062f","amount":"26"},"tg":{"count":"\u2705 638 \u0639\u062f\u062f","amount":"36"},"wb":{"count":"\u274c","amount":"30"},"go":{"count":"\u2705 567 \u0639\u062f\u062f","amount":"36"},"fb":{"count":"\u2705 47 \u0639\u062f\u062f","amount":"26"},"tw":{"count":"\u2705 723 \u0639\u062f\u062f","amount":"22"},"ig":{"count":"\u2705 571 \u0639\u062f\u062f","amount":"26"},"mm":{"count":"\u2705 720 \u0639\u062f\u062f","amount":"25"},"me":{"count":"\u2705 553 \u0639\u062f\u062f","amount":"14"},"mb":{"count":"\u2705 65 \u0639\u062f\u062f","amount":"7"},"tn":{"count":"\u274c","amount":"---"},"im":{"count":"\u274c","amount":"---"}}