{"vk":{"count":"\u2705 200 \u0639\u062f\u062f","amount":"35"},"wa":{"count":"\u2705 250 \u0639\u062f\u062f","amount":"25"},"vi":{"count":"\u2705 250 \u0639\u062f\u062f","amount":"25"},"tg":{"count":"\u2705 250 \u0639\u062f\u062f","amount":"30"},"wb":{"count":"\u274c","amount":"71"},"go":{"count":"\u2705 250 \u0639\u062f\u062f","amount":"20"},"fb":{"count":"\u2705 400 \u0639\u062f\u062f","amount":"20"},"tw":{"count":"\u2705 450 \u0639\u062f\u062f","amount":"20"},"ig":{"count":"\u2705 650 \u0639\u062f\u062f","amount":"25"},"mm":{"count":"\u2705 450 \u0639\u062f\u062f","amount":"20"},"me":{"count":"\u2705 550 \u0639\u062f\u062f","amount":"15"},"mb":{"count":"\u2705 250 \u0639\u062f\u062f","amount":"4"},"tn":{"count":"\u2705 350 \u0639\u062f\u062f","amount":"22"},"im":{"count":"\u274c","amount":"---"},"am":{"count":"\u2705 300 \u0639\u062f\u062f","amount":"26"},"ot":{"count":"\u274c","amount":"---"}}