{"ot":{"amount":"25","count":"\u2705 9 \u0639\u062f\u062f"},"vk":{"count":"\u2705 960 \u0639\u062f\u062f","amount":"17"},"wa":{"count":"\u2705 26 \u0639\u062f\u062f","amount":"42"},"vi":{"count":"\u2705 23 \u0639\u062f\u062f","amount":"22"},"tg":{"count":"\u2705 378 \u0639\u062f\u062f","amount":"42"},"wb":{"count":"\u2705 1 \u0639\u062f\u062f","amount":"30"},"go":{"count":"\u2705 1014 \u0639\u062f\u062f","amount":"26"},"fb":{"count":"\u2705 236 \u0639\u062f\u062f","amount":"12"},"tw":{"count":"\u2705 955 \u0639\u062f\u062f","amount":"20"},"ig":{"count":"\u2705 1055 \u0639\u062f\u062f","amount":"22"},"mm":{"count":"\u2705 854 \u0639\u062f\u062f","amount":"28"},"me":{"count":"\u2705 923 \u0639\u062f\u062f","amount":"17"},"mb":{"count":"\u2705 39 \u0639\u062f\u062f","amount":"7"},"tn":{"count":"\u274c","amount":"---"},"im":{"count":"\u274c","amount":"---"},"am":{"count":"\u2705 8 \u0639\u062f\u062f","amount":"15"}}