{"me":{"amount":"10","count":"\u274c"},"mb":{"amount":"11","count":"\u274c"},"tn":{"amount":"8","count":"\u274c"},"im":{"amount":"9","count":"\u2705 278 \u0639\u062f\u062f"},"am":{"amount":"23","count":"\u2705 224 \u0639\u062f\u062f"},"ot":{"amount":"---","count":"\u274c"},"vk":{"count":"\u2705 788 \u0639\u062f\u062f","amount":"23"},"wa":{"count":"\u274c","amount":"11"},"vi":{"count":"\u2705 400 \u0639\u062f\u062f","amount":"14"},"tg":{"count":"\u2705 288 \u0639\u062f\u062f","amount":"18"},"wb":{"count":"\u274c","amount":"19"},"go":{"count":"\u2705 1324 \u0639\u062f\u062f","amount":"19"},"fb":{"count":"\u274c","amount":"9"},"tw":{"count":"\u274c","amount":"8"},"ig":{"count":"\u2705 380 \u0639\u062f\u062f","amount":"17"},"mm":{"count":"\u2705 902 \u0639\u062f\u062f","amount":"14"}}