{"im":{"amount":"---","count":"\u274c"},"am":{"amount":"15","count":"\u2705 337 \u0639\u062f\u062f"},"ot":{"amount":"25","count":"\u2705 327 \u0639\u062f\u062f"},"vk":{"count":"\u2705 942 \u0639\u062f\u062f","amount":"12"},"wa":{"count":"\u2705 201 \u0639\u062f\u062f","amount":"16"},"vi":{"count":"\u2705 340 \u0639\u062f\u062f","amount":"10"},"tg":{"count":"\u2705 79 \u0639\u062f\u062f","amount":"20"},"wb":{"count":"\u2705 219 \u0639\u062f\u062f","amount":"45"},"go":{"count":"\u2705 202 \u0639\u062f\u062f","amount":"18"},"fb":{"count":"\u2705 351 \u0639\u062f\u062f","amount":"15"},"tw":{"count":"\u2705 138 \u0639\u062f\u062f","amount":"5"},"ig":{"count":"\u2705 339 \u0639\u062f\u062f","amount":"12"},"mm":{"count":"\u2705 314 \u0639\u062f\u062f","amount":"5"},"me":{"count":"\u274c","amount":"---"},"mb":{"count":"\u2705 223 \u0639\u062f\u062f","amount":"3"},"tn":{"count":"\u274c","amount":"---"}}