{"ot":{"amount":"25","count":"\u2705 50 \u0639\u062f\u062f"},"vk":{"amount":"12","count":"\u2705 38 \u0639\u062f\u062f"},"wa":{"amount":"22","count":"\u2705 169 \u0639\u062f\u062f"},"vi":{"amount":"13","count":"\u2705 1917 \u0639\u062f\u062f"},"tg":{"amount":"11","count":"\u2705 1639 \u0639\u062f\u062f"},"wb":{"amount":"---","count":"\u274c"},"go":{"amount":"19","count":"\u2705 1391 \u0639\u062f\u062f"},"fb":{"amount":"12","count":"\u2705 2099 \u0639\u062f\u062f"},"tw":{"amount":"8","count":"\u2705 30 \u0639\u062f\u062f"},"ig":{"amount":"11","count":"\u2705 1385 \u0639\u062f\u062f"},"mm":{"amount":"13","count":"\u2705 2012 \u0639\u062f\u062f"},"me":{"amount":"14","count":"\u2705 50 \u0639\u062f\u062f"},"mb":{"amount":"8","count":"\u2705 32 \u0639\u062f\u062f"},"tn":{"amount":"---","count":"\u274c"},"im":{"amount":"---","count":"\u274c"},"am":{"amount":"17","count":"\u2705 387 \u0639\u062f\u062f"}}