{"tn":{"amount":"5","count":"\u2705 1415 \u0639\u062f\u062f"},"im":{"amount":"2","count":"\u2705 1399 \u0639\u062f\u062f"},"am":{"amount":"5","count":"\u2705 392 \u0639\u062f\u062f"},"ot":{"amount":"12","count":"\u2705 1373 \u0639\u062f\u062f"},"vk":{"count":"\u2705 1175 \u0639\u062f\u062f","amount":"10"},"wa":{"count":"\u2705 1316 \u0639\u062f\u062f","amount":"6"},"vi":{"count":"\u2705 1386 \u0639\u062f\u062f","amount":"13"},"tg":{"count":"\u2705 732 \u0639\u062f\u062f","amount":"23"},"wb":{"count":"\u2705 1119 \u0639\u062f\u062f","amount":"30"},"go":{"count":"\u274c","amount":"14"},"fb":{"count":"\u2705 1191 \u0639\u062f\u062f","amount":"10"},"tw":{"count":"\u2705 539 \u0639\u062f\u062f","amount":"3"},"ig":{"count":"\u2705 941 \u0639\u062f\u062f","amount":"11"},"mm":{"count":"\u2705 797 \u0639\u062f\u062f","amount":"4"},"me":{"count":"\u274c","amount":"---"},"mb":{"count":"\u2705 1393 \u0639\u062f\u062f","amount":"2"}}