{"fb":{"amount":"4","count":"\u2705 168894 \u0639\u062f\u062f"},"tw":{"amount":"2","count":"\u2705 169832 \u0639\u062f\u062f"},"ig":{"amount":"6","count":"\u2705 167779 \u0639\u062f\u062f"},"mm":{"amount":"5","count":"\u2705 151929 \u0639\u062f\u062f"},"me":{"amount":"2","count":"\u2705 163043 \u0639\u062f\u062f"},"mb":{"amount":"2","count":"\u2705 97965 \u0639\u062f\u062f"},"tn":{"amount":"2","count":"\u2705 168478 \u0639\u062f\u062f"},"im":{"amount":"3","count":"\u2705 169732 \u0639\u062f\u062f"},"am":{"amount":"3","count":"\u2705 163515 \u0639\u062f\u062f"},"ot":{"amount":"20","count":"\u2705 9764 \u0639\u062f\u062f"},"vk":{"count":"\u2705 140891 \u0639\u062f\u062f","amount":"10"},"wa":{"count":"\u2705 125709 \u0639\u062f\u062f","amount":"5"},"vi":{"count":"\u2705 169221 \u0639\u062f\u062f","amount":"4"},"tg":{"count":"\u2705 53382 \u0639\u062f\u062f","amount":"12"},"wb":{"count":"\u2705 9709 \u0639\u062f\u062f","amount":"11"},"go":{"count":"\u2705 169773 \u0639\u062f\u062f","amount":"8"}}