{"tw":{"amount":"4","count":"\u2705 2 \u0639\u062f\u062f"},"ig":{"amount":"12","count":"\u2705 999 \u0639\u062f\u062f"},"mm":{"amount":"12","count":"\u2705 1015 \u0639\u062f\u062f"},"me":{"amount":"---","count":"\u274c"},"mb":{"amount":"8","count":"\u2705 2 \u0639\u062f\u062f"},"tn":{"amount":"---","count":"\u274c"},"im":{"amount":"---","count":"\u274c"},"am":{"amount":"17","count":"\u2705 150 \u0639\u062f\u062f"},"ot":{"amount":"40","count":"\u2705 3 \u0639\u062f\u062f"},"vk":{"count":"\u2705 911 \u0639\u062f\u062f","amount":"14"},"wa":{"count":"\u274c","amount":"15"},"vi":{"count":"\u2705 323 \u0639\u062f\u062f","amount":"12"},"tg":{"count":"\u2705 790 \u0639\u062f\u062f","amount":"14"},"wb":{"count":"\u274c","amount":"---"},"go":{"count":"\u2705 773 \u0639\u062f\u062f","amount":"19"},"fb":{"count":"\u274c","amount":"8"}}