{"ot":{"amount":"---","count":"\u274c"},"vk":{"amount":"14","count":"\u2705 624 \u0639\u062f\u062f"},"wa":{"amount":"19","count":"\u2705 12 \u0639\u062f\u062f"},"vi":{"amount":"4","count":"\u2705 20 \u0639\u062f\u062f"},"tg":{"amount":"16","count":"\u2705 197 \u0639\u062f\u062f"},"wb":{"amount":"12","count":"\u2705 6 \u0639\u062f\u062f"},"go":{"amount":"20","count":"\u2705 923 \u0639\u062f\u062f"},"fb":{"amount":"4","count":"\u2705 15 \u0639\u062f\u062f"},"tw":{"amount":"2","count":"\u2705 12 \u0639\u062f\u062f"},"ig":{"amount":"16","count":"\u2705 900 \u0639\u062f\u062f"},"mm":{"amount":"2","count":"\u2705 12 \u0639\u062f\u062f"},"me":{"amount":"---","count":"\u274c"},"mb":{"amount":"1","count":"\u2705 6 \u0639\u062f\u062f"},"tn":{"amount":"---","count":"\u274c"},"im":{"amount":"9","count":"\u2705 289 \u0639\u062f\u062f"},"am":{"amount":"17","count":"\u2705 162 \u0639\u062f\u062f"}}