{"vk":{"count":"\u2705 23 \u0639\u062f\u062f","amount":"20"},"wa":{"amount":"20","count":"\u2705 6 \u0639\u062f\u062f"},"vi":{"amount":"14","count":"\u2705 1321 \u0639\u062f\u062f"},"tg":{"amount":"20","count":"\u2705 95 \u0639\u062f\u062f"},"wb":{"amount":"40","count":"\u2705 13 \u0639\u062f\u062f"},"go":{"amount":"26","count":"\u2705 933 \u0639\u062f\u062f"},"fb":{"amount":"20","count":"\u2705 16 \u0639\u062f\u062f"},"tw":{"amount":"8","count":"\u2705 63 \u0639\u062f\u062f"},"ig":{"amount":"20","count":"\u2705 9 \u0639\u062f\u062f"},"mm":{"amount":"20","count":"\u2705 17 \u0639\u062f\u062f"},"me":{"amount":"20","count":"\u2705 933 \u0639\u062f\u062f"},"mb":{"amount":"14","count":"\u2705 52 \u0639\u062f\u062f"},"tn":{"amount":"---","count":"\u274c"},"im":{"amount":"---","count":"\u274c"},"am":{"amount":"17","count":"\u2705 406 \u0639\u062f\u062f"},"ot":{"amount":"30","count":"\u2705 74 \u0639\u062f\u062f"}}