{"vk":{"count":"\u274c","amount":"---"},"wa":{"count":"\u2705 3771 \u0639\u062f\u062f","amount":"15"},"vi":{"count":"\u2705 3786 \u0639\u062f\u062f","amount":"13"},"tg":{"count":"\u2705 1 \u0639\u062f\u062f","amount":"11"},"wb":{"count":"\u2705 35 \u0639\u062f\u062f","amount":"45"},"go":{"count":"\u2705 4333 \u0639\u062f\u062f","amount":"17"},"fb":{"count":"\u2705 1821 \u0639\u062f\u062f","amount":"9"},"tw":{"count":"\u2705 425 \u0639\u062f\u062f","amount":"7"},"ig":{"count":"\u2705 3179 \u0639\u062f\u062f","amount":"10"},"mm":{"count":"\u2705 3620 \u0639\u062f\u062f","amount":"12"},"me":{"count":"\u2705 1166 \u0639\u062f\u062f","amount":"14"},"mb":{"count":"\u2705 338 \u0639\u062f\u062f","amount":"6"},"tn":{"count":"\u274c","amount":"---"},"im":{"count":"\u274c","amount":"---"},"am":{"count":"\u2705 1253 \u0639\u062f\u062f","amount":"17"},"ot":{"count":"\u2705 437 \u0639\u062f\u062f","amount":"30"}}