{"wa":{"amount":"42","count":"\u2705 895 \u0639\u062f\u062f"},"vi":{"amount":"36","count":"\u2705 1061 \u0639\u062f\u062f"},"tg":{"amount":"40","count":"\u2705 92 \u0639\u062f\u062f"},"wb":{"amount":"---","count":"\u274c"},"go":{"amount":"42","count":"\u2705 1156 \u0639\u062f\u062f"},"fb":{"amount":"36","count":"\u2705 895 \u0639\u062f\u062f"},"tw":{"amount":"22","count":"\u2705 1073 \u0639\u062f\u062f"},"ig":{"amount":"22","count":"\u2705 1053 \u0639\u062f\u062f"},"mm":{"amount":"22","count":"\u2705 974 \u0639\u062f\u062f"},"me":{"amount":"22","count":"\u2705 851 \u0639\u062f\u062f"},"mb":{"amount":"14","count":"\u2705 742 \u0639\u062f\u062f"},"tn":{"amount":"---","count":"\u274c"},"im":{"amount":"---","count":"\u274c"},"am":{"amount":"28","count":"\u2705 942 \u0639\u062f\u062f"},"ot":{"amount":"---","count":"\u274c"},"vk":{"count":"\u2705 851 \u0639\u062f\u062f","amount":"50"}}