{"ot":{"amount":"25","count":"\u274c"},"vk":{"count":"\u2705 358 \u0639\u062f\u062f","amount":"14"},"wa":{"count":"\u2705 45 \u0639\u062f\u062f","amount":"18"},"vi":{"count":"\u2705 922 \u0639\u062f\u062f","amount":"14"},"tg":{"count":"\u2705 728 \u0639\u062f\u062f","amount":"17"},"wb":{"count":"\u274c","amount":"30"},"go":{"count":"\u2705 591 \u0639\u062f\u062f","amount":"22"},"fb":{"count":"\u2705 883 \u0639\u062f\u062f","amount":"12"},"tw":{"count":"\u2705 731 \u0639\u062f\u062f","amount":"14"},"ig":{"count":"\u2705 433 \u0639\u062f\u062f","amount":"14"},"mm":{"count":"\u2705 505 \u0639\u062f\u062f","amount":"14"},"me":{"count":"\u2705 872 \u0639\u062f\u062f","amount":"14"},"mb":{"count":"\u274c","amount":"10"},"tn":{"count":"\u274c","amount":"3"},"im":{"count":"\u274c","amount":"---"},"am":{"count":"\u274c","amount":"15"}}