{"mb":{"count":"\u2705 2540 \u0639\u062f\u062f","amount":"15"},"tn":{"amount":"15","count":"\u2705 2465 \u0639\u062f\u062f"},"im":{"amount":"---","count":"\u274c"},"am":{"amount":"30","count":"\u2705 3031 \u0639\u062f\u062f"},"ot":{"amount":"55","count":"\u2705 1743 \u0639\u062f\u062f"},"vk":{"count":"\u2705 3443 \u0639\u062f\u062f","amount":"35"},"wa":{"count":"\u2705 2153 \u0639\u062f\u062f","amount":"55"},"vi":{"count":"\u2705 4474 \u0639\u062f\u062f","amount":"22"},"tg":{"count":"\u2705 1450 \u0639\u062f\u062f","amount":"55"},"wb":{"count":"\u2705 249 \u0639\u062f\u062f","amount":"55"},"go":{"count":"\u2705 1322 \u0639\u062f\u062f","amount":"35"},"fb":{"count":"\u2705 3569 \u0639\u062f\u062f","amount":"20"},"tw":{"count":"\u2705 4639 \u0639\u062f\u062f","amount":"15"},"ig":{"count":"\u2705 3553 \u0639\u062f\u062f","amount":"15"},"mm":{"count":"\u2705 4614 \u0639\u062f\u062f","amount":"25"},"me":{"count":"\u2705 2746 \u0639\u062f\u062f","amount":"15"}}