{"im":{"amount":"---","count":"\u274c"},"am":{"amount":"10","count":"\u2705 244 \u0639\u062f\u062f"},"ot":{"amount":"20","count":"\u2705 265 \u0639\u062f\u062f"},"vk":{"count":"\u2705 1214 \u0639\u062f\u062f","amount":"17"},"wa":{"count":"\u2705 269 \u0639\u062f\u062f","amount":"15"},"vi":{"count":"\u2705 217 \u0639\u062f\u062f","amount":"10"},"tg":{"count":"\u2705 1 \u0639\u062f\u062f","amount":"18"},"wb":{"count":"\u2705 125 \u0639\u062f\u062f","amount":"55"},"go":{"count":"\u2705 39 \u0639\u062f\u062f","amount":"18"},"fb":{"count":"\u2705 274 \u0639\u062f\u062f","amount":"17"},"tw":{"count":"\u2705 193 \u0639\u062f\u062f","amount":"4"},"ig":{"count":"\u2705 99 \u0639\u062f\u062f","amount":"11"},"mm":{"count":"\u2705 281 \u0639\u062f\u062f","amount":"6"},"me":{"count":"\u2705 144 \u0639\u062f\u062f","amount":"5"},"mb":{"count":"\u274c","amount":"---"},"tn":{"count":"\u2705 366 \u0639\u062f\u062f","amount":"2"}}