{"me":{"amount":"---","count":"\u274c"},"mb":{"amount":"---","count":"\u274c"},"tn":{"amount":"---","count":"\u274c"},"im":{"amount":"---","count":"\u274c"},"am":{"amount":"---","count":"\u274c"},"ot":{"amount":"---","count":"\u274c"},"vk":{"count":"\u274c","amount":"---"},"wa":{"count":"\u274c","amount":"---"},"vi":{"count":"\u274c","amount":"---"},"tg":{"count":"\u274c","amount":"---"},"wb":{"count":"\u274c","amount":"---"},"go":{"count":"\u274c","amount":"---"},"fb":{"count":"\u274c","amount":"---"},"tw":{"count":"\u274c","amount":"---"},"ig":{"count":"\u274c","amount":"---"},"mm":{"count":"\u274c","amount":"---"}}