{"vi":{"amount":"20","count":"\u2705 203 \u0639\u062f\u062f"},"tg":{"amount":"50","count":"\u2705 62 \u0639\u062f\u062f"},"wb":{"amount":"50","count":"\u2705 164 \u0639\u062f\u062f"},"go":{"amount":"50","count":"\u2705 68 \u0639\u062f\u062f"},"fb":{"amount":"25","count":"\u2705 164 \u0639\u062f\u062f"},"tw":{"amount":"---","count":"\u274c"},"ig":{"amount":"15","count":"\u2705 99 \u0639\u062f\u062f"},"mm":{"amount":"20","count":"\u2705 194 \u0639\u062f\u062f"},"me":{"amount":"---","count":"\u274c"},"mb":{"amount":"15","count":"\u2705 202 \u0639\u062f\u062f"},"tn":{"amount":"15","count":"\u2705 203 \u0639\u062f\u062f"},"im":{"amount":"---","count":"\u274c"},"am":{"amount":"---","count":"\u274c"},"ot":{"amount":"50","count":"\u2705 193 \u0639\u062f\u062f"},"vk":{"count":"\u2705 201 \u0639\u062f\u062f","amount":"30"},"wa":{"count":"\u2705 122 \u0639\u062f\u062f","amount":"50"}}