{"ot":{"amount":"30","count":"\u2705 25 \u0639\u062f\u062f"},"vk":{"count":"\u2705 826 \u0639\u062f\u062f","amount":"12"},"wa":{"count":"\u2705 2 \u0639\u062f\u062f","amount":"24"},"vi":{"count":"\u2705 1055 \u0639\u062f\u062f","amount":"23"},"tg":{"count":"\u2705 615 \u0639\u062f\u062f","amount":"16"},"wb":{"count":"\u2705 3 \u0639\u062f\u062f","amount":"35"},"go":{"count":"\u2705 327 \u0639\u062f\u062f","amount":"23"},"fb":{"count":"\u2705 3 \u0639\u062f\u062f","amount":"30"},"tw":{"count":"\u2705 559 \u0639\u062f\u062f","amount":"23"},"ig":{"count":"\u2705 799 \u0639\u062f\u062f","amount":"23"},"mm":{"count":"\u2705 971 \u0639\u062f\u062f","amount":"23"},"me":{"count":"\u2705 701 \u0639\u062f\u062f","amount":"23"},"mb":{"count":"\u2705 947 \u0639\u062f\u062f","amount":"7"},"tn":{"count":"\u274c","amount":"---"},"im":{"count":"\u274c","amount":"---"},"am":{"count":"\u2705 30 \u0639\u062f\u062f","amount":"15"}}