{"tn":{"amount":"5","count":"\u2705 359 \u0639\u062f\u062f"},"im":{"amount":"---","count":"\u274c"},"am":{"amount":"15","count":"\u2705 385 \u0639\u062f\u062f"},"ot":{"amount":"35","count":"\u2705 363 \u0639\u062f\u062f"},"vk":{"amount":"15","count":"\u2705 134 \u0639\u062f\u062f"},"wa":{"amount":"15","count":"\u2705 203 \u0639\u062f\u062f"},"vi":{"amount":"8","count":"\u2705 161 \u0639\u062f\u062f"},"tg":{"amount":"20","count":"\u274c"},"wb":{"amount":"35","count":"\u2705 265 \u0639\u062f\u062f"},"go":{"amount":"18","count":"\u2705 250 \u0639\u062f\u062f"},"fb":{"amount":"18","count":"\u2705 232 \u0639\u062f\u062f"},"tw":{"amount":"5","count":"\u2705 342 \u0639\u062f\u062f"},"ig":{"amount":"15","count":"\u2705 13 \u0639\u062f\u062f"},"mm":{"amount":"10","count":"\u274c"},"me":{"amount":"---","count":"\u274c"},"mb":{"amount":"7","count":"\u2705 224 \u0639\u062f\u062f"}}