{"mm":{"amount":"6","count":"\u2705 246 \u0639\u062f\u062f"},"ig":{"amount":"15","count":"\u274c"},"mb":{"amount":"5","count":"\u2705 253 \u0639\u062f\u062f"},"tn":{"amount":"---","count":"\u274c"},"im":{"amount":"---","count":"\u274c"},"am":{"amount":"---","count":"\u274c"},"ot":{"amount":"20","count":"\u2705 237 \u0639\u062f\u062f"},"vk":{"count":"\u2705 243 \u0639\u062f\u062f","amount":"15"},"wa":{"count":"\u2705 210 \u0639\u062f\u062f","amount":"12"},"vi":{"count":"\u2705 198 \u0639\u062f\u062f","amount":"10"},"tg":{"count":"\u2705 2 \u0639\u062f\u062f","amount":"20"},"wb":{"count":"\u2705 54 \u0639\u062f\u062f","amount":"55"},"go":{"count":"\u2705 134 \u0639\u062f\u062f","amount":"22"},"fb":{"count":"\u2705 214 \u0639\u062f\u062f","amount":"15"},"tw":{"count":"\u274c","amount":"---"},"me":{"count":"\u274c","amount":"---"}}