{"vk":{"count":"\u2705 965 \u0639\u062f\u062f","amount":"12"},"wa":{"count":"\u2705 13 \u0639\u062f\u062f","amount":"20"},"vi":{"count":"\u2705 274 \u0639\u062f\u062f","amount":"20"},"tg":{"count":"\u2705 479 \u0639\u062f\u062f","amount":"19"},"wb":{"count":"\u2705 21 \u0639\u062f\u062f","amount":"20"},"go":{"count":"\u2705 1419 \u0639\u062f\u062f","amount":"16"},"fb":{"count":"\u2705 1037 \u0639\u062f\u062f","amount":"14"},"tw":{"count":"\u2705 32 \u0639\u062f\u062f","amount":"8"},"ig":{"count":"\u2705 1051 \u0639\u062f\u062f","amount":"14"},"mm":{"count":"\u2705 1703 \u0639\u062f\u062f","amount":"14"},"me":{"count":"\u2705 36 \u0639\u062f\u062f","amount":"14"},"mb":{"count":"\u2705 35 \u0639\u062f\u062f","amount":"8"},"tn":{"count":"\u2705 35 \u0639\u062f\u062f","amount":"12"},"im":{"count":"\u274c","amount":"---"},"am":{"count":"\u2705 792 \u0639\u062f\u062f","amount":"17"},"ot":{"count":"\u2705 37 \u0639\u062f\u062f","amount":"25"}}