{"tn":{"amount":"22","count":"\u2705 29 \u0639\u062f\u062f"},"im":{"amount":"---","count":"\u274c"},"am":{"amount":"---","count":"\u274c"},"ot":{"amount":"75","count":"\u2705 5 \u0639\u062f\u062f"},"vk":{"count":"\u2705 25 \u0639\u062f\u062f","amount":"45"},"wa":{"count":"\u274c","amount":"75"},"vi":{"count":"\u2705 18 \u0639\u062f\u062f","amount":"30"},"tg":{"count":"\u274c","amount":"75"},"wb":{"count":"\u2705 11 \u0639\u062f\u062f","amount":"98"},"go":{"count":"\u2705 16 \u0639\u062f\u062f","amount":"75"},"fb":{"count":"\u2705 31 \u0639\u062f\u062f","amount":"22"},"tw":{"count":"\u2705 30 \u0639\u062f\u062f","amount":"15"},"ig":{"count":"\u2705 13 \u0639\u062f\u062f","amount":"22"},"mm":{"count":"\u2705 8 \u0639\u062f\u062f","amount":"30"},"me":{"count":"\u2705 32 \u0639\u062f\u062f","amount":"22"},"mb":{"count":"\u2705 32 \u0639\u062f\u062f","amount":"22"}}