{"am":{"amount":"28","count":"\u2705 278 \u0639\u062f\u062f"},"ot":{"amount":"---","count":"\u274c"},"vk":{"count":"\u2705 870 \u0639\u062f\u062f","amount":"50"},"wa":{"count":"\u2705 867 \u0639\u062f\u062f","amount":"50"},"vi":{"count":"\u2705 2 \u0639\u062f\u062f","amount":"28"},"tg":{"count":"\u2705 745 \u0639\u062f\u062f","amount":"42"},"wb":{"count":"\u274c","amount":"---"},"go":{"count":"\u2705 407 \u0639\u062f\u062f","amount":"42"},"fb":{"count":"\u2705 724 \u0639\u062f\u062f","amount":"22"},"tw":{"count":"\u274c","amount":"---"},"ig":{"count":"\u2705 972 \u0639\u062f\u062f","amount":"22"},"mm":{"count":"\u2705 955 \u0639\u062f\u062f","amount":"22"},"me":{"count":"\u274c","amount":"---"},"mb":{"count":"\u274c","amount":"---"},"tn":{"count":"\u274c","amount":"---"},"im":{"count":"\u274c","amount":"---"}}