{"am":{"amount":"17","count":"\u2705 436 \u0639\u062f\u062f"},"ot":{"amount":"---","count":"\u274c"},"vk":{"count":"\u2705 3704 \u0639\u062f\u062f","amount":"14"},"wa":{"count":"\u2705 2656 \u0639\u062f\u062f","amount":"13"},"vi":{"count":"\u2705 3990 \u0639\u062f\u062f","amount":"13"},"tg":{"count":"\u2705 2525 \u0639\u062f\u062f","amount":"13"},"wb":{"count":"\u274c","amount":"---"},"go":{"count":"\u2705 1862 \u0639\u062f\u062f","amount":"22"},"fb":{"count":"\u2705 100 \u0639\u062f\u062f","amount":"12"},"tw":{"count":"\u274c","amount":"---"},"ig":{"count":"\u2705 1025 \u0639\u062f\u062f","amount":"12"},"mm":{"count":"\u2705 3872 \u0639\u062f\u062f","amount":"12"},"me":{"count":"\u2705 100 \u0639\u062f\u062f","amount":"14"},"mb":{"count":"\u274c","amount":"---"},"tn":{"count":"\u274c","amount":"---"},"im":{"count":"\u274c","amount":"---"}}