{"ot":{"amount":"25","count":"\u2705 4 \u0639\u062f\u062f"},"vk":{"count":"\u2705 729 \u0639\u062f\u062f","amount":"20"},"wa":{"count":"\u274c","amount":"14"},"vi":{"count":"\u2705 149 \u0639\u062f\u062f","amount":"14"},"tg":{"count":"\u2705 13 \u0639\u062f\u062f","amount":"14"},"wb":{"count":"\u274c","amount":"---"},"go":{"count":"\u2705 39 \u0639\u062f\u062f","amount":"18"},"fb":{"count":"\u2705 1 \u0639\u062f\u062f","amount":"8"},"tw":{"count":"\u2705 1 \u0639\u062f\u062f","amount":"2"},"ig":{"count":"\u2705 1111 \u0639\u062f\u062f","amount":"16"},"mm":{"count":"\u2705 608 \u0639\u062f\u062f","amount":"13"},"me":{"count":"\u274c","amount":"---"},"mb":{"count":"\u2705 1 \u0639\u062f\u062f","amount":"8"},"tn":{"count":"\u274c","amount":"---"},"im":{"count":"\u274c","amount":"---"},"am":{"count":"\u2705 611 \u0639\u062f\u062f","amount":"17"}}