{"tn":{"amount":"---","count":"\u274c"},"im":{"amount":"---","count":"\u274c"},"am":{"amount":"17","count":"\u2705 738 \u0639\u062f\u062f"},"ot":{"amount":"25","count":"\u2705 213 \u0639\u062f\u062f"},"vk":{"count":"\u2705 4237 \u0639\u062f\u062f","amount":"20"},"wa":{"count":"\u274c","amount":"16"},"vi":{"count":"\u2705 6975 \u0639\u062f\u062f","amount":"14"},"tg":{"count":"\u2705 3964 \u0639\u062f\u062f","amount":"17"},"wb":{"count":"\u2705 16 \u0639\u062f\u062f","amount":"14"},"go":{"count":"\u2705 5992 \u0639\u062f\u062f","amount":"16"},"fb":{"count":"\u2705 4074 \u0639\u062f\u062f","amount":"12"},"tw":{"count":"\u274c","amount":"---"},"ig":{"count":"\u2705 5547 \u0639\u062f\u062f","amount":"14"},"mm":{"count":"\u2705 6645 \u0639\u062f\u062f","amount":"12"},"me":{"count":"\u2705 214 \u0639\u062f\u062f","amount":"14"},"mb":{"count":"\u2705 100 \u0639\u062f\u062f","amount":"14"}}