{"fb":{"amount":"25","count":"\u2705 6 \u0639\u062f\u062f"},"tw":{"amount":"---","count":"\u274c"},"ig":{"amount":"20","count":"\u2705 910 \u0639\u062f\u062f"},"mm":{"amount":"10","count":"\u2705 711 \u0639\u062f\u062f"},"me":{"amount":"---","count":"\u274c"},"mb":{"amount":"---","count":"\u274c"},"tn":{"amount":"---","count":"\u274c"},"im":{"amount":"---","count":"\u274c"},"am":{"amount":"---","count":"\u274c"},"ot":{"amount":"---","count":"\u274c"},"vk":{"count":"\u274c","amount":"---"},"wa":{"count":"\u274c","amount":"---"},"vi":{"count":"\u274c","amount":"---"},"tg":{"count":"\u274c","amount":"---"},"wb":{"count":"\u274c","amount":"---"},"go":{"count":"\u2705 9 \u0639\u062f\u062f","amount":"25"}}