{"am":{"amount":"45","count":"\u2705 764 \u0639\u062f\u062f"},"ot":{"amount":"65","count":"\u2705 54 \u0639\u062f\u062f"},"vk":{"count":"\u2705 1011 \u0639\u062f\u062f","amount":"15"},"wa":{"count":"\u2705 26 \u0639\u062f\u062f","amount":"55"},"vi":{"count":"\u2705 331 \u0639\u062f\u062f","amount":"35"},"tg":{"count":"\u2705 51 \u0639\u062f\u062f","amount":"55"},"wb":{"count":"\u2705 91 \u0639\u062f\u062f","amount":"50"},"go":{"count":"\u2705 96 \u0639\u062f\u062f","amount":"55"},"fb":{"count":"\u2705 63 \u0639\u062f\u062f","amount":"40"},"tw":{"count":"\u2705 175 \u0639\u062f\u062f","amount":"22"},"ig":{"count":"\u2705 948 \u0639\u062f\u062f","amount":"25"},"mm":{"count":"\u2705 138 \u0639\u062f\u062f","amount":"20"},"me":{"count":"\u2705 71 \u0639\u062f\u062f","amount":"25"},"mb":{"count":"\u2705 172 \u0639\u062f\u062f","amount":"20"},"tn":{"count":"\u274c","amount":"---"},"im":{"count":"\u274c","amount":"---"}}