{"im":{"amount":"---","count":"\u274c"},"am":{"amount":"---","count":"\u274c"},"ot":{"amount":"120","count":"\u2705 95 \u0639\u062f\u062f"},"vk":{"count":"\u274c","amount":"---"},"wa":{"count":"\u2705 17 \u0639\u062f\u062f","amount":"60"},"vi":{"count":"\u274c","amount":"---"},"tg":{"count":"\u2705 378 \u0639\u062f\u062f","amount":"45"},"wb":{"count":"\u274c","amount":"---"},"go":{"count":"\u2705 1222 \u0639\u062f\u062f","amount":"25"},"fb":{"count":"\u2705 1806 \u0639\u062f\u062f","amount":"33"},"tw":{"count":"\u2705 94 \u0639\u062f\u062f","amount":"20"},"ig":{"count":"\u2705 1067 \u0639\u062f\u062f","amount":"25"},"mm":{"count":"\u274c","amount":"---"},"me":{"count":"\u274c","amount":"---"},"mb":{"count":"\u274c","amount":"---"},"tn":{"count":"\u274c","amount":"---"}}