{"wb":{"amount":"23","count":"\u2705 38 \u0639\u062f\u062f"},"go":{"amount":"22","count":"\u2705 5762 \u0639\u062f\u062f"},"fb":{"amount":"7","count":"\u2705 24 \u0639\u062f\u062f"},"tw":{"amount":"2","count":"\u2705 27 \u0639\u062f\u062f"},"ig":{"amount":"12","count":"\u2705 5141 \u0639\u062f\u062f"},"mm":{"amount":"10","count":"\u2705 5818 \u0639\u062f\u062f"},"me":{"amount":"---","count":"\u274c"},"mb":{"amount":"15","count":"\u2705 159 \u0639\u062f\u062f"},"tn":{"amount":"---","count":"\u274c"},"im":{"amount":"---","count":"\u274c"},"am":{"amount":"25","count":"\u2705 504 \u0639\u062f\u062f"},"ot":{"amount":"25","count":"\u2705 67 \u0639\u062f\u062f"},"vk":{"count":"\u2705 5101 \u0639\u062f\u062f","amount":"14"},"wa":{"count":"\u2705 11 \u0639\u062f\u062f","amount":"16"},"vi":{"count":"\u2705 4453 \u0639\u062f\u062f","amount":"12"},"tg":{"count":"\u2705 5496 \u0639\u062f\u062f","amount":"13"}}