{"wb":{"amount":"---","count":"\u274c"},"go":{"amount":"---","count":"\u274c"},"fb":{"amount":"---","count":"\u274c"},"tw":{"amount":"---","count":"\u274c"},"ig":{"amount":"---","count":"\u274c"},"mm":{"amount":"---","count":"\u274c"},"me":{"amount":"---","count":"\u274c"},"mb":{"amount":"---","count":"\u274c"},"tn":{"amount":"---","count":"\u274c"},"im":{"amount":"---","count":"\u274c"},"am":{"amount":"---","count":"\u274c"},"ot":{"amount":"---","count":"\u274c"},"vk":{"count":"\u274c","amount":"---"},"wa":{"count":"\u274c","amount":"---"},"vi":{"count":"\u274c","amount":"---"},"tg":{"count":"\u274c","amount":"---"}}