{"vk":{"count":"\u2705 17145 \u0639\u062f\u062f","amount":"10"},"wa":{"count":"\u2705 2761 \u0639\u062f\u062f","amount":"8"},"vi":{"count":"\u2705 26232 \u0639\u062f\u062f","amount":"9"},"tg":{"count":"\u2705 2994 \u0639\u062f\u062f","amount":"10"},"wb":{"count":"\u2705 14502 \u0639\u062f\u062f","amount":"35"},"go":{"count":"\u2705 9948 \u0639\u062f\u062f","amount":"10"},"fb":{"count":"\u2705 12290 \u0639\u062f\u062f","amount":"5"},"tw":{"count":"\u2705 5948 \u0639\u062f\u062f","amount":"3"},"ig":{"count":"\u2705 2997 \u0639\u062f\u062f","amount":"6"},"mm":{"count":"\u2705 8747 \u0639\u062f\u062f","amount":"4"},"me":{"count":"\u2705 13817 \u0639\u062f\u062f","amount":"4"},"mb":{"count":"\u2705 12729 \u0639\u062f\u062f","amount":"3"},"tn":{"count":"\u274c","amount":"---"},"im":{"count":"\u2705 14979 \u0639\u062f\u062f","amount":"2"},"am":{"count":"\u2705 14936 \u0639\u062f\u062f","amount":"5"},"ot":{"count":"\u2705 14186 \u0639\u062f\u062f","amount":"6"}}