{"fb":{"amount":"11","count":"\u2705 131 \u0639\u062f\u062f"},"tw":{"amount":"---","count":"\u274c"},"ig":{"amount":"13","count":"\u2705 4731 \u0639\u062f\u062f"},"mm":{"amount":"13","count":"\u2705 5916 \u0639\u062f\u062f"},"me":{"amount":"---","count":"\u274c"},"mb":{"amount":"15","count":"\u2705 169 \u0639\u062f\u062f"},"tn":{"amount":"---","count":"\u274c"},"im":{"amount":"---","count":"\u274c"},"am":{"amount":"17","count":"\u2705 674 \u0639\u062f\u062f"},"ot":{"amount":"25","count":"\u2705 82 \u0639\u062f\u062f"},"vk":{"count":"\u2705 5716 \u0639\u062f\u062f","amount":"17"},"wa":{"count":"\u2705 23 \u0639\u062f\u062f","amount":"13"},"vi":{"count":"\u2705 5722 \u0639\u062f\u062f","amount":"13"},"tg":{"count":"\u2705 4638 \u0639\u062f\u062f","amount":"13"},"wb":{"count":"\u2705 40 \u0639\u062f\u062f","amount":"23"},"go":{"count":"\u2705 5384 \u0639\u062f\u062f","amount":"19"}}