{"mm":{"amount":"14","count":"\u2705 584 \u0639\u062f\u062f"},"me":{"amount":"14","count":"\u2705 1 \u0639\u062f\u062f"},"mb":{"amount":"9","count":"\u2705 1 \u0639\u062f\u062f"},"tn":{"amount":"---","count":"\u274c"},"im":{"amount":"---","count":"\u274c"},"am":{"amount":"17","count":"\u2705 731 \u0639\u062f\u062f"},"ot":{"amount":"25","count":"\u2705 1 \u0639\u062f\u062f"},"vk":{"count":"\u2705 1064 \u0639\u062f\u062f","amount":"12"},"wa":{"count":"\u2705 176 \u0639\u062f\u062f","amount":"14"},"vi":{"count":"\u2705 385 \u0639\u062f\u062f","amount":"14"},"tg":{"count":"\u2705 746 \u0639\u062f\u062f","amount":"14"},"wb":{"count":"\u274c","amount":"---"},"go":{"count":"\u2705 1003 \u0639\u062f\u062f","amount":"19"},"fb":{"count":"\u2705 204 \u0639\u062f\u062f","amount":"11"},"tw":{"count":"\u2705 1 \u0639\u062f\u062f","amount":"8"},"ig":{"count":"\u2705 517 \u0639\u062f\u062f","amount":"14"}}