{"go":{"amount":"19","count":"\u2705 334 \u0639\u062f\u062f"},"fb":{"amount":"13","count":"\u2705 761 \u0639\u062f\u062f"},"tw":{"amount":"2","count":"\u2705 694 \u0639\u062f\u062f"},"ig":{"amount":"14","count":"\u2705 1239 \u0639\u062f\u062f"},"mm":{"amount":"10","count":"\u2705 1276 \u0639\u062f\u062f"},"me":{"amount":"---","count":"\u274c"},"mb":{"amount":"8","count":"\u2705 721 \u0639\u062f\u062f"},"tn":{"amount":"---","count":"\u274c"},"im":{"amount":"---","count":"\u274c"},"am":{"amount":"17","count":"\u2705 484 \u0639\u062f\u062f"},"ot":{"amount":"25","count":"\u2705 774 \u0639\u062f\u062f"},"vk":{"count":"\u2705 1431 \u0639\u062f\u062f","amount":"22"},"wa":{"count":"\u2705 67 \u0639\u062f\u062f","amount":"14"},"vi":{"count":"\u2705 1450 \u0639\u062f\u062f","amount":"13"},"tg":{"count":"\u2705 517 \u0639\u062f\u062f","amount":"14"},"wb":{"count":"\u274c","amount":"---"}}