{"mm":{"amount":"15","count":"\u2705 21 \u0639\u062f\u062f"},"me":{"amount":"10","count":"\u2705 26 \u0639\u062f\u062f"},"mb":{"amount":"7","count":"\u2705 8 \u0639\u062f\u062f"},"tn":{"amount":"10","count":"\u2705 29 \u0639\u062f\u062f"},"im":{"amount":"---","count":"\u274c"},"am":{"amount":"100","count":"\u2705 29 \u0639\u062f\u062f"},"ot":{"amount":"30","count":"\u274c"},"vk":{"count":"\u2705 10 \u0639\u062f\u062f","amount":"15"},"wa":{"count":"\u274c","amount":"25"},"vi":{"count":"\u2705 26 \u0639\u062f\u062f","amount":"12"},"tg":{"count":"\u274c","amount":"15"},"wb":{"count":"\u2705 1 \u0639\u062f\u062f","amount":"50"},"go":{"count":"\u274c","amount":"20"},"fb":{"count":"\u2705 20 \u0639\u062f\u062f","amount":"15"},"tw":{"count":"\u2705 26 \u0639\u062f\u062f","amount":"10"},"ig":{"count":"\u2705 12 \u0639\u062f\u062f","amount":"15"}}