{"ot":{"amount":"35","count":"\u2705 228 \u0639\u062f\u062f"},"vk":{"count":"\u2705 1022 \u0639\u062f\u062f","amount":"13"},"wa":{"count":"\u2705 439 \u0639\u062f\u062f","amount":"14"},"vi":{"count":"\u2705 3373 \u0639\u062f\u062f","amount":"13"},"tg":{"count":"\u2705 633 \u0639\u062f\u062f","amount":"14"},"wb":{"count":"\u274c","amount":"---"},"go":{"count":"\u2705 772 \u0639\u062f\u062f","amount":"20"},"fb":{"count":"\u2705 993 \u0639\u062f\u062f","amount":"12"},"tw":{"count":"\u274c","amount":"---"},"ig":{"count":"\u2705 1213 \u0639\u062f\u062f","amount":"13"},"mm":{"count":"\u2705 560 \u0639\u062f\u062f","amount":"12"},"me":{"count":"\u274c","amount":"---"},"mb":{"count":"\u274c","amount":"---"},"tn":{"count":"\u274c","amount":"---"},"im":{"count":"\u2705 364 \u0639\u062f\u062f","amount":"9"},"am":{"count":"\u2705 869 \u0639\u062f\u062f","amount":"22"}}