{"fb":{"amount":"17","count":"\u2705 1004 \u0639\u062f\u062f"},"tw":{"amount":"16","count":"\u2705 567 \u0639\u062f\u062f"},"ig":{"amount":"14","count":"\u2705 610 \u0639\u062f\u062f"},"mm":{"amount":"15","count":"\u2705 709 \u0639\u062f\u062f"},"me":{"amount":"14","count":"\u2705 667 \u0639\u062f\u062f"},"mb":{"amount":"19","count":"\u2705 823 \u0639\u062f\u062f"},"tn":{"amount":"---","count":"\u274c"},"im":{"amount":"9","count":"\u2705 968 \u0639\u062f\u062f"},"am":{"amount":"17","count":"\u2705 904 \u0639\u062f\u062f"},"ot":{"amount":"25","count":"\u2705 103 \u0639\u062f\u062f"},"vk":{"count":"\u2705 867 \u0639\u062f\u062f","amount":"19"},"wa":{"count":"\u2705 480 \u0639\u062f\u062f","amount":"17"},"vi":{"count":"\u2705 1071 \u0639\u062f\u062f","amount":"12"},"tg":{"count":"\u2705 1143 \u0639\u062f\u062f","amount":"13"},"wb":{"count":"\u2705 10 \u0639\u062f\u062f","amount":"23"},"go":{"count":"\u2705 1240 \u0639\u062f\u062f","amount":"19"}}