{"me":{"amount":"---","count":"\u274c"},"mb":{"amount":"11","count":"\u2705 360 \u0639\u062f\u062f"},"tn":{"amount":"---","count":"\u274c"},"im":{"amount":"9","count":"\u2705 997 \u0639\u062f\u062f"},"am":{"amount":"17","count":"\u2705 1378 \u0639\u062f\u062f"},"ot":{"amount":"25","count":"\u2705 559 \u0639\u062f\u062f"},"vk":{"count":"\u2705 3773 \u0639\u062f\u062f","amount":"12"},"wa":{"count":"\u2705 246 \u0639\u062f\u062f","amount":"12"},"vi":{"count":"\u2705 4590 \u0639\u062f\u062f","amount":"13"},"tg":{"count":"\u2705 2121 \u0639\u062f\u062f","amount":"13"},"wb":{"count":"\u274c","amount":"---"},"go":{"count":"\u2705 2310 \u0639\u062f\u062f","amount":"22"},"fb":{"count":"\u2705 1256 \u0639\u062f\u062f","amount":"11"},"tw":{"count":"\u2705 383 \u0639\u062f\u062f","amount":"2"},"ig":{"count":"\u2705 1719 \u0639\u062f\u062f","amount":"13"},"mm":{"count":"\u2705 3650 \u0639\u062f\u062f","amount":"13"}}