{"ot":{"amount":"30","count":"\u2705 44 \u0639\u062f\u062f"},"vk":{"count":"\u2705 42 \u0639\u062f\u062f","amount":"9"},"wa":{"count":"\u2705 34 \u0639\u062f\u062f","amount":"9"},"vi":{"count":"\u2705 46 \u0639\u062f\u062f","amount":"6"},"tg":{"count":"\u2705 29 \u0639\u062f\u062f","amount":"10"},"wb":{"count":"\u2705 35 \u0639\u062f\u062f","amount":"35"},"go":{"count":"\u2705 46 \u0639\u062f\u062f","amount":"24"},"fb":{"count":"\u2705 36 \u0639\u062f\u062f","amount":"8"},"tw":{"count":"\u2705 46 \u0639\u062f\u062f","amount":"4"},"ig":{"count":"\u2705 46 \u0639\u062f\u062f","amount":"8"},"mm":{"count":"\u2705 45 \u0639\u062f\u062f","amount":"4"},"me":{"count":"\u2705 46 \u0639\u062f\u062f","amount":"8"},"mb":{"count":"\u2705 46 \u0639\u062f\u062f","amount":"5"},"tn":{"count":"\u2705 46 \u0639\u062f\u062f","amount":"6"},"im":{"count":"\u274c","amount":"---"},"am":{"count":"\u274c","amount":"---"}}