{"ig":{"amount":"15","count":"\u274c"},"mm":{"amount":"15","count":"\u274c"},"me":{"amount":"14","count":"\u274c"},"mb":{"amount":"35","count":"\u274c"},"tn":{"amount":"---","count":"\u274c"},"im":{"amount":"9","count":"\u274c"},"am":{"amount":"15","count":"\u274c"},"ot":{"amount":"25","count":"\u274c"},"vk":{"count":"\u274c","amount":"14"},"wa":{"count":"\u274c","amount":"48"},"vi":{"count":"\u274c","amount":"4"},"tg":{"count":"\u274c","amount":"18"},"wb":{"count":"\u274c","amount":"48"},"go":{"count":"\u274c","amount":"8"},"fb":{"count":"\u274c","amount":"15"},"tw":{"count":"\u274c","amount":"18"}}