{"ot":{"amount":"25","count":"\u2705 3 \u0639\u062f\u062f"},"vk":{"count":"\u2705 841 \u0639\u062f\u062f","amount":"14"},"wa":{"count":"\u2705 826 \u0639\u062f\u062f","amount":"64"},"vi":{"count":"\u2705 940 \u0639\u062f\u062f","amount":"28"},"tg":{"count":"\u2705 914 \u0639\u062f\u062f","amount":"26"},"wb":{"count":"\u274c","amount":"48"},"go":{"count":"\u2705 1043 \u0639\u062f\u062f","amount":"26"},"fb":{"count":"\u2705 393 \u0639\u062f\u062f","amount":"12"},"tw":{"count":"\u2705 843 \u0639\u062f\u062f","amount":"22"},"ig":{"count":"\u2705 1036 \u0639\u062f\u062f","amount":"23"},"mm":{"count":"\u2705 843 \u0639\u062f\u062f","amount":"22"},"me":{"count":"\u274c","amount":"---"},"mb":{"count":"\u2705 831 \u0639\u062f\u062f","amount":"42"},"tn":{"count":"\u274c","amount":"---"},"im":{"count":"\u274c","amount":"---"},"am":{"count":"\u2705 2 \u0639\u062f\u062f","amount":"15"}}