{"vk":{"count":"\u2705 114 \u0639\u062f\u062f","amount":"11"},"wa":{"count":"\u2705 356 \u0639\u062f\u062f","amount":"30"},"vi":{"count":"\u274c","amount":"---"},"tg":{"count":"\u2705 335 \u0639\u062f\u062f","amount":"11"},"wb":{"count":"\u274c","amount":"---"},"go":{"count":"\u2705 1060 \u0639\u062f\u062f","amount":"20"},"fb":{"count":"\u2705 1700 \u0639\u062f\u062f","amount":"15"},"tw":{"count":"\u2705 257 \u0639\u062f\u062f","amount":"4"},"ig":{"count":"\u2705 904 \u0639\u062f\u062f","amount":"14"},"mm":{"count":"\u2705 2167 \u0639\u062f\u062f","amount":"10"},"me":{"count":"\u2705 105 \u0639\u062f\u062f","amount":"10"},"mb":{"count":"\u2705 251 \u0639\u062f\u062f","amount":"8"},"tn":{"count":"\u274c","amount":"---"},"im":{"count":"\u2705 591 \u0639\u062f\u062f","amount":"9"},"am":{"count":"\u2705 377 \u0639\u062f\u062f","amount":"17"},"ot":{"count":"\u2705 277 \u0639\u062f\u062f","amount":"50"}}