{"am":{"amount":"17","count":"\u2705 951 \u0639\u062f\u062f"},"ot":{"amount":"25","count":"\u2705 28 \u0639\u062f\u062f"},"vk":{"count":"\u2705 917 \u0639\u062f\u062f","amount":"12"},"wa":{"count":"\u2705 394 \u0639\u062f\u062f","amount":"14"},"vi":{"count":"\u2705 2603 \u0639\u062f\u062f","amount":"13"},"tg":{"count":"\u2705 985 \u0639\u062f\u062f","amount":"14"},"wb":{"count":"\u274c","amount":"---"},"go":{"count":"\u2705 622 \u0639\u062f\u062f","amount":"18"},"fb":{"count":"\u2705 2080 \u0639\u062f\u062f","amount":"12"},"tw":{"count":"\u274c","amount":"---"},"ig":{"count":"\u2705 1515 \u0639\u062f\u062f","amount":"13"},"mm":{"count":"\u2705 1784 \u0639\u062f\u062f","amount":"13"},"me":{"count":"\u274c","amount":"---"},"mb":{"count":"\u2705 10 \u0639\u062f\u062f","amount":"8"},"tn":{"count":"\u274c","amount":"---"},"im":{"count":"\u274c","amount":"---"}}