{"fb":{"amount":"12","count":"\u2705 792 \u0639\u062f\u062f"},"tw":{"amount":"8","count":"\u2705 1 \u0639\u062f\u062f"},"ig":{"amount":"14","count":"\u2705 1157 \u0639\u062f\u062f"},"mm":{"amount":"13","count":"\u2705 1293 \u0639\u062f\u062f"},"me":{"amount":"14","count":"\u2705 1 \u0639\u062f\u062f"},"mb":{"amount":"15","count":"\u2705 1 \u0639\u062f\u062f"},"tn":{"amount":"---","count":"\u274c"},"im":{"amount":"9","count":"\u2705 564 \u0639\u062f\u062f"},"am":{"amount":"17","count":"\u2705 395 \u0639\u062f\u062f"},"ot":{"amount":"25","count":"\u2705 1 \u0639\u062f\u062f"},"vk":{"count":"\u2705 1 \u0639\u062f\u062f","amount":"12"},"wa":{"count":"\u2705 1041 \u0639\u062f\u062f","amount":"14"},"vi":{"count":"\u2705 695 \u0639\u062f\u062f","amount":"16"},"tg":{"count":"\u2705 658 \u0639\u062f\u062f","amount":"17"},"wb":{"count":"\u2705 1 \u0639\u062f\u062f","amount":"23"},"go":{"count":"\u2705 1393 \u0639\u062f\u062f","amount":"19"}}