{"tg":{"amount":"15","count":"\u2705 1088 \u0639\u062f\u062f"},"wb":{"amount":"35","count":"\u2705 750 \u0639\u062f\u062f"},"go":{"amount":"19","count":"\u2705 1792 \u0639\u062f\u062f"},"fb":{"amount":"15","count":"\u2705 1302 \u0639\u062f\u062f"},"tw":{"amount":"2","count":"\u2705 818 \u0639\u062f\u062f"},"ig":{"amount":"11","count":"\u2705 44 \u0639\u062f\u062f"},"mm":{"amount":"8","count":"\u2705 1137 \u0639\u062f\u062f"},"me":{"amount":"---","count":"\u274c"},"mb":{"amount":"3","count":"\u2705 897 \u0639\u062f\u062f"},"tn":{"amount":"4","count":"\u2705 1028 \u0639\u062f\u062f"},"im":{"amount":"---","count":"\u274c"},"am":{"amount":"12","count":"\u2705 1671 \u0639\u062f\u062f"},"ot":{"amount":"25","count":"\u2705 1306 \u0639\u062f\u062f"},"vk":{"count":"\u2705 1121 \u0639\u062f\u062f","amount":"12"},"wa":{"count":"\u2705 747 \u0639\u062f\u062f","amount":"30"},"vi":{"count":"\u2705 1397 \u0639\u062f\u062f","amount":"7"}}