{"mb":{"amount":"---","count":"\u274c"},"tn":{"amount":"---","count":"\u274c"},"im":{"amount":"---","count":"\u274c"},"am":{"amount":"---","count":"\u274c"},"ot":{"amount":"25","count":"\u2705 10 \u0639\u062f\u062f"},"vk":{"count":"\u274c","amount":"---"},"wa":{"count":"\u2705 6 \u0639\u062f\u062f","amount":"25"},"vi":{"count":"\u2705 6 \u0639\u062f\u062f","amount":"15"},"tg":{"count":"\u2705 881 \u0639\u062f\u062f","amount":"19"},"wb":{"count":"\u2705 5 \u0639\u062f\u062f","amount":"45"},"go":{"count":"\u2705 994 \u0639\u062f\u062f","amount":"17"},"fb":{"count":"\u2705 207 \u0639\u062f\u062f","amount":"14"},"tw":{"count":"\u2705 917 \u0639\u062f\u062f","amount":"14"},"ig":{"count":"\u2705 962 \u0639\u062f\u062f","amount":"19"},"mm":{"count":"\u2705 816 \u0639\u062f\u062f","amount":"22"},"me":{"count":"\u274c","amount":"---"}}