{"wa":{"amount":"20","count":"\u2705 816 \u0639\u062f\u062f"},"vi":{"amount":"10","count":"\u274c"},"tg":{"amount":"22","count":"\u2705 666 \u0639\u062f\u062f"},"wb":{"amount":"15","count":"\u274c"},"go":{"amount":"22","count":"\u2705 1000 \u0639\u062f\u062f"},"fb":{"amount":"19","count":"\u2705 745 \u0639\u062f\u062f"},"tw":{"amount":"2","count":"\u274c"},"ig":{"amount":"19","count":"\u2705 771 \u0639\u062f\u062f"},"mm":{"amount":"10","count":"\u274c"},"me":{"amount":"2","count":"\u274c"},"mb":{"amount":"8","count":"\u274c"},"tn":{"amount":"2","count":"\u274c"},"im":{"amount":"9","count":"\u274c"},"am":{"amount":"---","count":"\u274c"},"ot":{"amount":"---","count":"\u274c"},"vk":{"count":"\u2705 839 \u0639\u062f\u062f","amount":"17"}}