{"tg":{"amount":"27","count":"\u2705 1271 \u0639\u062f\u062f"},"wb":{"amount":"40","count":"\u274c"},"go":{"amount":"26","count":"\u2705 1235 \u0639\u062f\u062f"},"fb":{"amount":"15","count":"\u2705 718 \u0639\u062f\u062f"},"tw":{"amount":"22","count":"\u2705 641 \u0639\u062f\u062f"},"ig":{"amount":"24","count":"\u2705 888 \u0639\u062f\u062f"},"mm":{"amount":"24","count":"\u2705 908 \u0639\u062f\u062f"},"me":{"amount":"---","count":"\u274c"},"mb":{"amount":"22","count":"\u2705 706 \u0639\u062f\u062f"},"tn":{"amount":"---","count":"\u274c"},"im":{"amount":"---","count":"\u274c"},"am":{"amount":"22","count":"\u2705 639 \u0639\u062f\u062f"},"ot":{"amount":"30","count":"\u274c"},"vk":{"count":"\u2705 1291 \u0639\u062f\u062f","amount":"26"},"wa":{"count":"\u2705 306 \u0639\u062f\u062f","amount":"26"},"vi":{"count":"\u2705 671 \u0639\u062f\u062f","amount":"24"}}