{"tg":{"amount":"50","count":"\u274c"},"wb":{"amount":"15","count":"\u2705 24 \u0639\u062f\u062f"},"go":{"amount":"50","count":"\u2705 29 \u0639\u062f\u062f"},"fb":{"amount":"15","count":"\u2705 34 \u0639\u062f\u062f"},"tw":{"amount":"10","count":"\u2705 34 \u0639\u062f\u062f"},"ig":{"amount":"15","count":"\u2705 24 \u0639\u062f\u062f"},"mm":{"amount":"20","count":"\u2705 34 \u0639\u062f\u062f"},"me":{"amount":"15","count":"\u2705 34 \u0639\u062f\u062f"},"mb":{"amount":"15","count":"\u2705 34 \u0639\u062f\u062f"},"tn":{"amount":"15","count":"\u2705 34 \u0639\u062f\u062f"},"im":{"amount":"---","count":"\u274c"},"am":{"amount":"20","count":"\u2705 34 \u0639\u062f\u062f"},"ot":{"amount":"50","count":"\u2705 34 \u0639\u062f\u062f"},"vk":{"count":"\u2705 33 \u0639\u062f\u062f","amount":"30"},"wa":{"count":"\u2705 31 \u0639\u062f\u062f","amount":"50"},"vi":{"count":"\u2705 30 \u0639\u062f\u062f","amount":"20"}}