{"tw":{"amount":"12","count":"\u2705 88 \u0639\u062f\u062f"},"ig":{"amount":"18","count":"\u2705 747 \u0639\u062f\u062f"},"mm":{"amount":"20","count":"\u2705 669 \u0639\u062f\u062f"},"me":{"amount":"10","count":"\u2705 94 \u0639\u062f\u062f"},"mb":{"amount":"12","count":"\u2705 93 \u0639\u062f\u062f"},"tn":{"amount":"---","count":"\u274c"},"im":{"amount":"3","count":"\u2705 81 \u0639\u062f\u062f"},"am":{"amount":"25","count":"\u2705 597 \u0639\u062f\u062f"},"ot":{"amount":"65","count":"\u2705 76 \u0639\u062f\u062f"},"vk":{"count":"\u2705 76 \u0639\u062f\u062f","amount":"15"},"wa":{"count":"\u2705 42 \u0639\u062f\u062f","amount":"40"},"vi":{"count":"\u2705 1436 \u0639\u062f\u062f","amount":"24"},"tg":{"count":"\u2705 301 \u0639\u062f\u062f","amount":"25"},"wb":{"count":"\u2705 19 \u0639\u062f\u062f","amount":"55"},"go":{"count":"\u2705 304 \u0639\u062f\u062f","amount":"35"},"fb":{"count":"\u2705 183 \u0639\u062f\u062f","amount":"45"}}