{"mm":{"amount":"14","count":"\u2705 823 \u0639\u062f\u062f"},"me":{"amount":"17","count":"\u2705 913 \u0639\u062f\u062f"},"mb":{"amount":"17","count":"\u2705 816 \u0639\u062f\u062f"},"tn":{"amount":"---","count":"\u274c"},"im":{"amount":"---","count":"\u274c"},"am":{"amount":"22","count":"\u2705 1016 \u0639\u062f\u062f"},"ot":{"amount":"25","count":"\u2705 28 \u0639\u062f\u062f"},"vk":{"count":"\u2705 919 \u0639\u062f\u062f","amount":"17"},"wa":{"count":"\u2705 14 \u0639\u062f\u062f","amount":"20"},"vi":{"count":"\u2705 914 \u0639\u062f\u062f","amount":"24"},"tg":{"count":"\u2705 105 \u0639\u062f\u062f","amount":"14"},"wb":{"count":"\u2705 13 \u0639\u062f\u062f","amount":"23"},"go":{"count":"\u2705 1016 \u0639\u062f\u062f","amount":"24"},"fb":{"count":"\u2705 1017 \u0639\u062f\u062f","amount":"14"},"tw":{"count":"\u2705 923 \u0639\u062f\u062f","amount":"14"},"ig":{"count":"\u2705 1006 \u0639\u062f\u062f","amount":"20"}}