{"vk":{"count":"\u2705 1245 \u0639\u062f\u062f","amount":"12"},"wa":{"count":"\u2705 228 \u0639\u062f\u062f","amount":"16"},"vi":{"count":"\u2705 1868 \u0639\u062f\u062f","amount":"13"},"tg":{"count":"\u2705 554 \u0639\u062f\u062f","amount":"13"},"wb":{"count":"\u274c","amount":"15"},"go":{"count":"\u2705 1677 \u0639\u062f\u062f","amount":"22"},"fb":{"count":"\u274c","amount":"15"},"tw":{"count":"\u274c","amount":"8"},"ig":{"count":"\u2705 1167 \u0639\u062f\u062f","amount":"13"},"mm":{"count":"\u2705 1747 \u0639\u062f\u062f","amount":"13"},"me":{"count":"\u2705 1 \u0639\u062f\u062f","amount":"14"},"mb":{"count":"\u274c","amount":"8"},"tn":{"count":"\u2705 1 \u0639\u062f\u062f","amount":"14"},"im":{"count":"\u2705 589 \u0639\u062f\u062f","amount":"9"},"am":{"count":"\u2705 1 \u0639\u062f\u062f","amount":"15"},"ot":{"count":"\u2705 1 \u0639\u062f\u062f","amount":"25"}}