{"go":{"amount":"24","count":"\u2705 527 \u0639\u062f\u062f"},"fb":{"amount":"19","count":"\u2705 659 \u0639\u062f\u062f"},"tw":{"amount":"14","count":"\u2705 745 \u0639\u062f\u062f"},"ig":{"amount":"26","count":"\u2705 630 \u0639\u062f\u062f"},"mm":{"amount":"20","count":"\u2705 486 \u0639\u062f\u062f"},"me":{"amount":"24","count":"\u2705 567 \u0639\u062f\u062f"},"mb":{"amount":"20","count":"\u2705 764 \u0639\u062f\u062f"},"tn":{"amount":"---","count":"\u274c"},"im":{"amount":"9","count":"\u2705 565 \u0639\u062f\u062f"},"am":{"amount":"24","count":"\u2705 424 \u0639\u062f\u062f"},"ot":{"amount":"25","count":"\u2705 1 \u0639\u062f\u062f"},"vk":{"count":"\u2705 500 \u0639\u062f\u062f","amount":"23"},"wa":{"count":"\u2705 840 \u0639\u062f\u062f","amount":"23"},"vi":{"count":"\u2705 1002 \u0639\u062f\u062f","amount":"14"},"tg":{"count":"\u2705 763 \u0639\u062f\u062f","amount":"19"},"wb":{"count":"\u274c","amount":"23"}}