{"wa":{"amount":"28","count":"\u2705 440 \u0639\u062f\u062f"},"vi":{"count":"\u2705 1150 \u0639\u062f\u062f","amount":"23"},"tg":{"amount":"20","count":"\u2705 1504 \u0639\u062f\u062f"},"wb":{"amount":"---","count":"\u274c"},"go":{"amount":"20","count":"\u2705 1331 \u0639\u062f\u062f"},"fb":{"amount":"26","count":"\u2705 1242 \u0639\u062f\u062f"},"tw":{"amount":"23","count":"\u2705 1432 \u0639\u062f\u062f"},"ig":{"amount":"23","count":"\u2705 1214 \u0639\u062f\u062f"},"mm":{"amount":"20","count":"\u2705 1631 \u0639\u062f\u062f"},"me":{"amount":"24","count":"\u2705 759 \u0639\u062f\u062f"},"mb":{"amount":"19","count":"\u2705 881 \u0639\u062f\u062f"},"tn":{"amount":"---","count":"\u274c"},"im":{"amount":"9","count":"\u2705 678 \u0639\u062f\u062f"},"am":{"amount":"24","count":"\u2705 558 \u0639\u062f\u062f"},"ot":{"amount":"33","count":"\u2705 109 \u0639\u062f\u062f"},"vk":{"count":"\u2705 690 \u0639\u062f\u062f","amount":"23"}}