{"am":{"amount":"---","count":"\u274c"},"ot":{"amount":"---","count":"\u274c"},"vk":{"count":"\u2705 902 \u0639\u062f\u062f","amount":"36"},"wa":{"count":"\u2705 750 \u0639\u062f\u062f","amount":"28"},"vi":{"count":"\u2705 997 \u0639\u062f\u062f","amount":"30"},"tg":{"count":"\u2705 128 \u0639\u062f\u062f","amount":"28"},"wb":{"count":"\u274c","amount":"98"},"go":{"count":"\u2705 578 \u0639\u062f\u062f","amount":"34"},"fb":{"count":"\u274c","amount":"---"},"tw":{"count":"\u274c","amount":"---"},"ig":{"count":"\u274c","amount":"---"},"mm":{"count":"\u274c","amount":"---"},"me":{"count":"\u274c","amount":"---"},"mb":{"count":"\u274c","amount":"---"},"tn":{"count":"\u274c","amount":"---"},"im":{"count":"\u274c","amount":"---"}}