{"tn":{"amount":"---","count":"\u274c"},"im":{"amount":"---","count":"\u274c"},"am":{"amount":"---","count":"\u274c"},"ot":{"amount":"---","count":"\u274c"},"vk":{"count":"\u274c","amount":"17"},"wa":{"count":"\u274c","amount":"19"},"vi":{"count":"\u2705 822 \u0639\u062f\u062f","amount":"23"},"tg":{"count":"\u2705 595 \u0639\u062f\u062f","amount":"22"},"wb":{"count":"\u274c","amount":"---"},"go":{"count":"\u2705 931 \u0639\u062f\u062f","amount":"26"},"fb":{"count":"\u274c","amount":"---"},"tw":{"count":"\u274c","amount":"---"},"ig":{"count":"\u274c","amount":"---"},"mm":{"count":"\u2705 741 \u0639\u062f\u062f","amount":"24"},"me":{"count":"\u274c","amount":"---"},"mb":{"count":"\u274c","amount":"---"}}