{"vk":{"count":"\u2705 948 \u0639\u062f\u062f","amount":"28"},"wa":{"count":"\u2705 846 \u0639\u062f\u062f","amount":"28"},"vi":{"count":"\u2705 743 \u0639\u062f\u062f","amount":"20"},"tg":{"count":"\u2705 312 \u0639\u062f\u062f","amount":"26"},"wb":{"count":"\u274c","amount":"---"},"go":{"count":"\u2705 207 \u0639\u062f\u062f","amount":"23"},"fb":{"count":"\u274c","amount":"---"},"tw":{"count":"\u274c","amount":"---"},"ig":{"count":"\u274c","amount":"---"},"mm":{"count":"\u274c","amount":"---"},"me":{"count":"\u274c","amount":"---"},"mb":{"count":"\u274c","amount":"---"},"tn":{"count":"\u274c","amount":"---"},"im":{"count":"\u274c","amount":"---"},"am":{"count":"\u274c","amount":"---"},"ot":{"count":"\u274c","amount":"---"}}