{"tn":{"amount":"---","count":"\u274c"},"im":{"amount":"---","count":"\u274c"},"am":{"amount":"---","count":"\u274c"},"ot":{"amount":"35","count":"\u2705 36 \u0639\u062f\u062f"},"vk":{"count":"\u2705 9 \u0639\u062f\u062f","amount":"16"},"wa":{"count":"\u2705 2 \u0639\u062f\u062f","amount":"30"},"vi":{"count":"\u2705 800 \u0639\u062f\u062f","amount":"19"},"tg":{"count":"\u274c","amount":"22"},"wb":{"count":"\u274c","amount":"50"},"go":{"count":"\u2705 26 \u0639\u062f\u062f","amount":"25"},"fb":{"count":"\u2705 4 \u0639\u062f\u062f","amount":"20"},"tw":{"count":"\u274c","amount":"---"},"ig":{"count":"\u2705 6 \u0639\u062f\u062f","amount":"15"},"mm":{"count":"\u2705 12 \u0639\u062f\u062f","amount":"8"},"me":{"count":"\u274c","amount":"---"},"mb":{"count":"\u2705 27 \u0639\u062f\u062f","amount":"5"}}