{"go":{"amount":"28","count":"\u2705 353 \u0639\u062f\u062f"},"fb":{"amount":"---","count":"\u274c"},"tw":{"amount":"---","count":"\u274c"},"ig":{"amount":"---","count":"\u274c"},"mm":{"amount":"---","count":"\u274c"},"me":{"amount":"19","count":"\u2705 1 \u0639\u062f\u062f"},"mb":{"amount":"12","count":"\u2705 1 \u0639\u062f\u062f"},"tn":{"amount":"---","count":"\u274c"},"im":{"amount":"---","count":"\u274c"},"am":{"amount":"23","count":"\u274c"},"ot":{"amount":"30","count":"\u2705 1 \u0639\u062f\u062f"},"vk":{"count":"\u2705 1 \u0639\u062f\u062f","amount":"28"},"wa":{"count":"\u274c","amount":"35"},"vi":{"count":"\u2705 856 \u0639\u062f\u062f","amount":"36"},"tg":{"count":"\u2705 401 \u0639\u062f\u062f","amount":"31"},"wb":{"count":"\u274c","amount":"---"}}