{"tg":{"amount":"14","count":"\u2705 646 \u0639\u062f\u062f"},"wb":{"count":"\u274c","amount":"---"},"go":{"amount":"20","count":"\u2705 968 \u0639\u062f\u062f"},"fb":{"amount":"17","count":"\u2705 6 \u0639\u062f\u062f"},"tw":{"amount":"14","count":"\u2705 903 \u0639\u062f\u062f"},"ig":{"amount":"14","count":"\u2705 949 \u0639\u062f\u062f"},"mm":{"amount":"17","count":"\u2705 796 \u0639\u062f\u062f"},"me":{"amount":"14","count":"\u2705 863 \u0639\u062f\u062f"},"mb":{"amount":"17","count":"\u2705 760 \u0639\u062f\u062f"},"tn":{"amount":"---","count":"\u274c"},"im":{"amount":"---","count":"\u274c"},"am":{"amount":"17","count":"\u2705 958 \u0639\u062f\u062f"},"ot":{"amount":"30","count":"\u2705 19 \u0639\u062f\u062f"},"vk":{"count":"\u2705 865 \u0639\u062f\u062f","amount":"22"},"wa":{"count":"\u2705 2 \u0639\u062f\u062f","amount":"18"},"vi":{"count":"\u2705 909 \u0639\u062f\u062f","amount":"13"}}