{"im":{"amount":"---","count":"\u274c"},"tn":{"amount":"---","count":"\u274c"},"am":{"amount":"17","count":"\u2705 1043 \u0639\u062f\u062f"},"ot":{"amount":"29","count":"\u2705 53 \u0639\u062f\u062f"},"vk":{"count":"\u2705 1089 \u0639\u062f\u062f","amount":"17"},"wa":{"count":"\u2705 3 \u0639\u062f\u062f","amount":"20"},"vi":{"count":"\u2705 1602 \u0639\u062f\u062f","amount":"12"},"tg":{"count":"\u2705 519 \u0639\u062f\u062f","amount":"14"},"wb":{"count":"\u274c","amount":"---"},"go":{"count":"\u2705 1567 \u0639\u062f\u062f","amount":"19"},"fb":{"count":"\u2705 1565 \u0639\u062f\u062f","amount":"16"},"tw":{"count":"\u2705 1525 \u0639\u062f\u062f","amount":"14"},"ig":{"count":"\u2705 1344 \u0639\u062f\u062f","amount":"10"},"mm":{"count":"\u2705 1498 \u0639\u062f\u062f","amount":"13"},"me":{"count":"\u2705 853 \u0639\u062f\u062f","amount":"14"},"mb":{"count":"\u2705 843 \u0639\u062f\u062f","amount":"13"}}