{"am":{"amount":"23","count":"\u2705 1106 \u0639\u062f\u062f"},"ot":{"amount":"25","count":"\u2705 24 \u0639\u062f\u062f"},"vk":{"count":"\u2705 749 \u0639\u062f\u062f","amount":"26"},"wa":{"count":"\u2705 3 \u0639\u062f\u062f","amount":"16"},"vi":{"count":"\u2705 1166 \u0639\u062f\u062f","amount":"22"},"tg":{"count":"\u2705 1194 \u0639\u062f\u062f","amount":"24"},"wb":{"count":"\u274c","amount":"---"},"go":{"count":"\u2705 938 \u0639\u062f\u062f","amount":"24"},"fb":{"count":"\u2705 1102 \u0639\u062f\u062f","amount":"19"},"tw":{"count":"\u2705 11 \u0639\u062f\u062f","amount":"2"},"ig":{"count":"\u2705 1163 \u0639\u062f\u062f","amount":"24"},"mm":{"count":"\u2705 1340 \u0639\u062f\u062f","amount":"20"},"me":{"count":"\u274c","amount":"---"},"mb":{"count":"\u2705 22 \u0639\u062f\u062f","amount":"8"},"tn":{"count":"\u274c","amount":"---"},"im":{"count":"\u274c","amount":"---"}}