{"vk":{"count":"\u2705 422 \u0639\u062f\u062f","amount":"22"},"wa":{"count":"\u2705 28 \u0639\u062f\u062f","amount":"16"},"vi":{"count":"\u2705 464 \u0639\u062f\u062f","amount":"8"},"tg":{"count":"\u2705 13 \u0639\u062f\u062f","amount":"13"},"wb":{"count":"\u274c","amount":"---"},"go":{"count":"\u2705 2 \u0639\u062f\u062f","amount":"13"},"fb":{"count":"\u2705 27 \u0639\u062f\u062f","amount":"6"},"tw":{"count":"\u2705 42 \u0639\u062f\u062f","amount":"2"},"ig":{"count":"\u2705 25 \u0639\u062f\u062f","amount":"13"},"mm":{"count":"\u2705 517 \u0639\u062f\u062f","amount":"13"},"me":{"count":"\u274c","amount":"---"},"mb":{"count":"\u2705 297 \u0639\u062f\u062f","amount":"8"},"tn":{"count":"\u274c","amount":"---"},"im":{"count":"\u274c","amount":"---"},"am":{"count":"\u2705 96 \u0639\u062f\u062f","amount":"15"},"ot":{"count":"\u2705 98 \u0639\u062f\u062f","amount":"25"}}