{"im":{"amount":"---","count":"\u274c"},"am":{"amount":"17","count":"\u2705 601 \u0639\u062f\u062f"},"ot":{"amount":"---","count":"\u274c"},"vk":{"count":"\u2705 229 \u0639\u062f\u062f","amount":"13"},"wa":{"count":"\u274c","amount":"18"},"vi":{"count":"\u2705 533 \u0639\u062f\u062f","amount":"13"},"tg":{"count":"\u2705 610 \u0639\u062f\u062f","amount":"12"},"wb":{"count":"\u274c","amount":"---"},"go":{"count":"\u2705 628 \u0639\u062f\u062f","amount":"18"},"fb":{"count":"\u274c","amount":"---"},"tw":{"count":"\u274c","amount":"---"},"ig":{"count":"\u2705 621 \u0639\u062f\u062f","amount":"12"},"mm":{"count":"\u2705 434 \u0639\u062f\u062f","amount":"12"},"me":{"count":"\u274c","amount":"---"},"mb":{"count":"\u2705 601 \u0639\u062f\u062f","amount":"14"},"tn":{"count":"\u274c","amount":"---"}}