{"vk":{"count":"\u2705 1104 \u0639\u062f\u062f","amount":"14"},"wa":{"amount":"22","count":"\u2705 28 \u0639\u062f\u062f"},"vi":{"amount":"12","count":"\u2705 1109 \u0639\u062f\u062f"},"tg":{"amount":"12","count":"\u2705 580 \u0639\u062f\u062f"},"wb":{"amount":"30","count":"\u2705 2 \u0639\u062f\u062f"},"go":{"amount":"20","count":"\u2705 758 \u0639\u062f\u062f"},"fb":{"amount":"15","count":"\u2705 45 \u0639\u062f\u062f"},"tw":{"amount":"8","count":"\u2705 165 \u0639\u062f\u062f"},"ig":{"amount":"12","count":"\u2705 541 \u0639\u062f\u062f"},"mm":{"amount":"10","count":"\u2705 960 \u0639\u062f\u062f"},"me":{"amount":"14","count":"\u2705 153 \u0639\u062f\u062f"},"mb":{"amount":"10","count":"\u2705 999 \u0639\u062f\u062f"},"tn":{"amount":"---","count":"\u274c"},"im":{"amount":"---","count":"\u274c"},"am":{"amount":"24","count":"\u2705 419 \u0639\u062f\u062f"},"ot":{"amount":"25","count":"\u2705 169 \u0639\u062f\u062f"}}