{"ig":{"amount":"14","count":"\u2705 1008 \u0639\u062f\u062f"},"mm":{"amount":"14","count":"\u2705 911 \u0639\u062f\u062f"},"me":{"amount":"---","count":"\u274c"},"mb":{"amount":"14","count":"\u2705 808 \u0639\u062f\u062f"},"tn":{"amount":"---","count":"\u274c"},"im":{"amount":"---","count":"\u274c"},"am":{"amount":"---","count":"\u274c"},"ot":{"amount":"---","count":"\u274c"},"vk":{"count":"\u2705 843 \u0639\u062f\u062f","amount":"22"},"wa":{"count":"\u2705 1 \u0639\u062f\u062f","amount":"22"},"vi":{"count":"\u274c","amount":"---"},"tg":{"count":"\u2705 265 \u0639\u062f\u062f","amount":"14"},"wb":{"count":"\u274c","amount":"---"},"go":{"count":"\u2705 1072 \u0639\u062f\u062f","amount":"22"},"fb":{"count":"\u274c","amount":"---"},"tw":{"count":"\u274c","amount":"---"}}