{"fb":{"amount":"15","count":"\u2705 48 \u0639\u062f\u062f"},"tw":{"amount":"8","count":"\u2705 53 \u0639\u062f\u062f"},"ig":{"amount":"13","count":"\u2705 1540 \u0639\u062f\u062f"},"mm":{"amount":"14","count":"\u2705 1729 \u0639\u062f\u062f"},"me":{"amount":"15","count":"\u2705 54 \u0639\u062f\u062f"},"mb":{"amount":"14","count":"\u2705 385 \u0639\u062f\u062f"},"tn":{"amount":"---","count":"\u274c"},"im":{"amount":"---","count":"\u274c"},"am":{"amount":"15","count":"\u2705 51 \u0639\u062f\u062f"},"ot":{"amount":"25","count":"\u2705 54 \u0639\u062f\u062f"},"vk":{"count":"\u2705 438 \u0639\u062f\u062f","amount":"17"},"wa":{"count":"\u2705 243 \u0639\u062f\u062f","amount":"20"},"vi":{"count":"\u2705 34 \u0639\u062f\u062f","amount":"15"},"tg":{"count":"\u2705 1354 \u0639\u062f\u062f","amount":"14"},"wb":{"count":"\u274c","amount":"30"},"go":{"count":"\u2705 1724 \u0639\u062f\u062f","amount":"23"}}