{"fb":{"amount":"15","count":"\u274c"},"tw":{"amount":"8","count":"\u274c"},"ig":{"amount":"14","count":"\u2705 623 \u0639\u062f\u062f"},"mm":{"amount":"14","count":"\u2705 1182 \u0639\u062f\u062f"},"me":{"amount":"14","count":"\u274c"},"mb":{"amount":"14","count":"\u2705 883 \u0639\u062f\u062f"},"tn":{"amount":"---","count":"\u274c"},"im":{"amount":"---","count":"\u274c"},"am":{"amount":"15","count":"\u274c"},"ot":{"amount":"25","count":"\u274c"},"vk":{"count":"\u2705 856 \u0639\u062f\u062f","amount":"14"},"wa":{"count":"\u274c","amount":"20"},"vi":{"count":"\u274c","amount":"20"},"tg":{"count":"\u2705 1110 \u0639\u062f\u062f","amount":"20"},"wb":{"count":"\u274c","amount":"30"},"go":{"count":"\u2705 1036 \u0639\u062f\u062f","amount":"28"}}