{"ot":{"amount":"25","count":"\u2705 2 \u0639\u062f\u062f"},"vk":{"count":"\u2705 996 \u0639\u062f\u062f","amount":"17"},"wa":{"count":"\u2705 1 \u0639\u062f\u062f","amount":"20"},"vi":{"count":"\u2705 499 \u0639\u062f\u062f","amount":"17"},"tg":{"count":"\u2705 612 \u0639\u062f\u062f","amount":"14"},"wb":{"count":"\u274c","amount":"---"},"go":{"count":"\u2705 838 \u0639\u062f\u062f","amount":"22"},"fb":{"count":"\u2705 1 \u0639\u062f\u062f","amount":"6"},"tw":{"count":"\u2705 2 \u0639\u062f\u062f","amount":"2"},"ig":{"count":"\u2705 998 \u0639\u062f\u062f","amount":"13"},"mm":{"count":"\u2705 1270 \u0639\u062f\u062f","amount":"14"},"me":{"count":"\u274c","amount":"---"},"mb":{"count":"\u2705 1092 \u0639\u062f\u062f","amount":"14"},"tn":{"count":"\u274c","amount":"---"},"im":{"count":"\u274c","amount":"---"},"am":{"count":"\u2705 102 \u0639\u062f\u062f","amount":"15"}}