{"wb":{"amount":"---","count":"\u274c"},"go":{"amount":"28","count":"\u2705 1026 \u0639\u062f\u062f"},"fb":{"amount":"14","count":"\u2705 290 \u0639\u062f\u062f"},"tw":{"amount":"14","count":"\u2705 830 \u0639\u062f\u062f"},"ig":{"amount":"22","count":"\u2705 1022 \u0639\u062f\u062f"},"mm":{"amount":"14","count":"\u2705 830 \u0639\u062f\u062f"},"me":{"amount":"14","count":"\u2705 822 \u0639\u062f\u062f"},"mb":{"amount":"14","count":"\u2705 822 \u0639\u062f\u062f"},"tn":{"amount":"---","count":"\u274c"},"im":{"amount":"---","count":"\u274c"},"am":{"amount":"22","count":"\u2705 922 \u0639\u062f\u062f"},"ot":{"amount":"---","count":"\u274c"},"vk":{"count":"\u2705 823 \u0639\u062f\u062f","amount":"20"},"wa":{"count":"\u2705 722 \u0639\u062f\u062f","amount":"22"},"vi":{"count":"\u2705 822 \u0639\u062f\u062f","amount":"17"},"tg":{"count":"\u2705 1091 \u0639\u062f\u062f","amount":"22"}}