{"am":{"amount":"22","count":"\u2705 850 \u0639\u062f\u062f"},"ot":{"amount":"25","count":"\u2705 62 \u0639\u062f\u062f"},"vk":{"count":"\u2705 978 \u0639\u062f\u062f","amount":"28"},"wa":{"count":"\u2705 4 \u0639\u062f\u062f","amount":"22"},"vi":{"count":"\u2705 1165 \u0639\u062f\u062f","amount":"14"},"tg":{"count":"\u2705 538 \u0639\u062f\u062f","amount":"17"},"wb":{"count":"\u274c","amount":"---"},"go":{"count":"\u2705 1232 \u0639\u062f\u062f","amount":"19"},"fb":{"count":"\u2705 387 \u0639\u062f\u062f","amount":"14"},"tw":{"count":"\u2705 1077 \u0639\u062f\u062f","amount":"14"},"ig":{"count":"\u2705 609 \u0639\u062f\u062f","amount":"14"},"mm":{"count":"\u2705 1079 \u0639\u062f\u062f","amount":"14"},"me":{"count":"\u2705 217 \u0639\u062f\u062f","amount":"14"},"mb":{"count":"\u2705 1072 \u0639\u062f\u062f","amount":"14"},"tn":{"count":"\u274c","amount":"---"},"im":{"count":"\u274c","amount":"---"}}