{"ot":{"amount":"25","count":"\u2705 3 \u0639\u062f\u062f"},"vk":{"count":"\u2705 206 \u0639\u062f\u062f","amount":"17"},"wa":{"count":"\u274c","amount":"22"},"vi":{"count":"\u2705 638 \u0639\u062f\u062f","amount":"14"},"tg":{"count":"\u2705 664 \u0639\u062f\u062f","amount":"17"},"wb":{"count":"\u274c","amount":"---"},"go":{"count":"\u2705 854 \u0639\u062f\u062f","amount":"17"},"fb":{"count":"\u2705 421 \u0639\u062f\u062f","amount":"22"},"tw":{"count":"\u2705 986 \u0639\u062f\u062f","amount":"14"},"ig":{"count":"\u2705 739 \u0639\u062f\u062f","amount":"14"},"mm":{"count":"\u2705 1097 \u0639\u062f\u062f","amount":"14"},"me":{"count":"\u2705 823 \u0639\u062f\u062f","amount":"14"},"mb":{"count":"\u2705 211 \u0639\u062f\u062f","amount":"14"},"tn":{"count":"\u274c","amount":"---"},"im":{"count":"\u274c","amount":"---"},"am":{"count":"\u2705 375 \u0639\u062f\u062f","amount":"24"}}