{"1688":{"count":"\u2705 1000  \u0639\u062f\u062f","amount":"14.5","operator":""},"1xbet":{"count":"\u2705 1000  \u0639\u062f\u062f","amount":"22","operator":""},"23red":{"count":"\u274c","operator":"virtual23","amount":"\u2757\ufe0f"},"ace2three":{"count":"\u274c","operator":"virtual23","amount":"\u2757\ufe0f"},"adidas":{"count":"\u2705 11  \u0639\u062f\u062f","amount":"8","operator":""},"airbnb":{"count":"\u2705 11  \u0639\u062f\u062f","amount":"14","operator":""},"airtel":{"count":"\u2705 11  \u0639\u062f\u062f","amount":"9","operator":"virtual23"},"akelni":{"count":"\u274c","operator":"virtual4","amount":"\u2757\ufe0f"},"alibaba":{"count":"\u2705 11  \u0639\u062f\u062f","amount":"14","operator":""},"aliexpress":{"count":"\u2705 11  \u0639\u062f\u062f","operator":"virtual18","amount":"1.9"},"alipay":{"count":"\u2705 10  \u0639\u062f\u062f","amount":"7","operator":"virtual23"},"amasia":{"count":"\u2705 11  \u0639\u062f\u062f","amount":"7","operator":"virtual4"},"amazon":{"count":"\u2705 10  \u0639\u062f\u062f","amount":"14","operator":""},"aol":{"count":"\u274c","amount":"\u2757\ufe0f","operator":"virtual18"},"avito":{"count":"\u2705 11  \u0639\u062f\u062f","amount":"8","operator":"virtual4"},"azino":{"count":"\u274c","operator":"virtual18","amount":"\u2757\ufe0f"},"b4ucabs":{"count":"\u274c","operator":"virtual4","amount":"\u2757\ufe0f"},"bigcash":{"count":"\u274c","operator":"virtual4","amount":"\u2757\ufe0f"},"bigolive":{"count":"\u2705 11  \u0639\u062f\u062f","amount":"8","operator":""},"bitclout":{"count":"\u274c","operator":"","amount":"\u2757\ufe0f"},"bittube":{"count":"\u274c","operator":"","amount":"\u2757\ufe0f"},"blablacar":{"count":"\u2705 11  \u0639\u062f\u062f","amount":"8","operator":""},"blizzard":{"count":"\u2705 9  \u0639\u062f\u062f","amount":"10","operator":""},"blockchain":{"count":"\u274c","operator":"virtual18","amount":"\u2757\ufe0f"},"burgerking":{"count":"\u2705 11  \u0639\u062f\u062f","amount":"9","operator":"virtual4"},"careem":{"count":"\u2705 11  \u0639\u062f\u062f","amount":"24","operator":""},"cdkeys":{"count":"\u2705 11  \u0639\u062f\u062f","amount":"8","operator":""},"cekkazan":{"count":"\u274c","operator":"virtual4","amount":"\u2757\ufe0f"},"citymobil":{"count":"\u2705 11  \u0639\u062f\u062f","amount":"8","operator":""},"clickentregas":{"count":"\u274c","operator":"","amount":"\u2757\ufe0f"},"coinbase":{"count":"\u2705 11  \u0639\u062f\u062f","amount":"24","operator":""},"craigslist":{"count":"\u2705 11  \u0639\u062f\u062f","amount":"20","operator":""},"deliveroo":{"count":"\u2705 11  \u0639\u062f\u062f","amount":"9","operator":"virtual18"},"delivery":{"count":"\u2705 11  \u0639\u062f\u062f","amount":"8","operator":"virtual4"},"dent":{"count":"\u2705 11  \u0639\u062f\u062f","amount":"7","operator":""},"didi":{"count":"\u2705 11  \u0639\u062f\u062f","amount":"10","operator":"virtual4"},"discord":{"count":"\u2705 10  \u0639\u062f\u062f","amount":"8","operator":"virtual21"},"dixy":{"count":"\u274c","operator":"virtual4","amount":"\u2757\ufe0f"},"dodopizza":{"count":"\u2705 11  \u0639\u062f\u062f","amount":"8","operator":""},"domdara":{"count":"\u274c","operator":"virtual4","amount":"\u2757\ufe0f"},"dostavista":{"count":"\u2705 11  \u0639\u062f\u062f","amount":"7","operator":""},"douyu":{"count":"\u2705 1000  \u0639\u062f\u062f","amount":"28.3","operator":""},"drom":{"count":"\u2705 11  \u0639\u062f\u062f","amount":"9","operator":"virtual18"},"drugvokrug":{"count":"\u2705 11  \u0639\u062f\u062f","amount":"9","operator":""},"dukascopy":{"count":"\u274c","operator":"","amount":"\u2757\ufe0f"},"ebay":{"count":"\u2705 11  \u0639\u062f\u062f","amount":"14","operator":""},"edgeless":{"count":"\u274c","operator":"virtual23","amount":"\u2757\ufe0f"},"electroneum":{"count":"\u274c","operator":"virtual23","amount":"\u2757\ufe0f"},"ezway":{"count":"\u274c","operator":"virtual4","amount":"\u2757\ufe0f"},"facebook":{"count":"\u2705 1000  \u0639\u062f\u062f","amount":"12.3","operator":""},"fiverr":{"count":"\u274c","operator":"virtual21","amount":"\u2757\ufe0f"},"flipkart":{"count":"\u274c","operator":"virtual23","amount":"\u2757\ufe0f"},"foodpanda":{"count":"\u2705 10  \u0639\u062f\u062f","amount":"10","operator":""},"foody":{"count":"\u2705 11  \u0639\u062f\u062f","amount":"6","operator":"virtual23"},"forwarding":{"count":"\u274c","operator":"virtual17","amount":"\u2757\ufe0f"},"galaxy":{"count":"\u274c","operator":"virtual4","amount":"\u2757\ufe0f"},"gameflip":{"count":"\u274c","operator":"","amount":"\u2757\ufe0f"},"gcash":{"count":"\u274c","operator":"","amount":"\u2757\ufe0f"},"get":{"count":"\u274c","operator":"","amount":"\u2757\ufe0f"},"getir":{"count":"\u2705 9  \u0639\u062f\u062f","amount":"8","operator":""},"gett":{"count":"\u2705 11  \u0639\u062f\u062f","amount":"9","operator":""},"globus":{"count":"\u2705 11  \u0639\u062f\u062f","amount":"6","operator":""},"glovo":{"count":"\u274c","operator":"","amount":"\u2757\ufe0f"},"google":{"count":"\u2705 1000  \u0639\u062f\u062f","amount":"13.5","operator":"virtual18|virtual23|virtual4|virtual21|"},"grabtaxi":{"count":"\u2705 11  \u0639\u062f\u062f","amount":"8","operator":"virtual17"},"green":{"count":"\u274c","operator":"virtual17","amount":"\u2757\ufe0f"},"grindr":{"count":"\u2705 5  \u0639\u062f\u062f","amount":"6","operator":"virtual4"},"haraj":{"count":"\u2705 11  \u0639\u062f\u062f","amount":"36","operator":""},"hezzl":{"count":"\u2705 11  \u0639\u062f\u062f","amount":"9","operator":""},"hopi":{"count":"\u2705 11  \u0639\u062f\u062f","amount":"6","operator":""},"hqtrivia":{"count":"\u2705 11  \u0639\u062f\u062f","amount":"16","operator":""},"icard":{"count":"\u274c","operator":"virtual4","amount":"\u2757\ufe0f"},"icq":{"count":"\u2705 11  \u0639\u062f\u062f","amount":"5","operator":""},"imo":{"count":"\u2705 10  \u0639\u062f\u062f","amount":"16","operator":"virtual2"},"ininal":{"count":"\u2705 11  \u0639\u062f\u062f","amount":"5","operator":"virtual23"},"instagram":{"count":"\u2705 1000  \u0639\u062f\u062f","amount":"13","operator":""},"iost":{"count":"\u274c","operator":"virtual18","amount":"\u2757\ufe0f"},"jd":{"count":"\u2705 5  \u0639\u062f\u062f","amount":"12","operator":""},"justdating":{"count":"\u2705 11  \u0639\u062f\u062f","amount":"6","operator":"virtual18"},"kakaotalk":{"count":"\u2705 1000  \u0639\u062f\u062f","amount":"20","operator":"lycamobile"},"keybase":{"count":"\u2705 11  \u0639\u062f\u062f","amount":"14","operator":"virtual23"},"komandacard":{"count":"\u274c","operator":"virtual4","amount":"\u2757\ufe0f"},"kotak811":{"count":"\u2705 11  \u0639\u062f\u062f","amount":"8","operator":"virtual23"},"kufarby":{"count":"\u2705 11  \u0639\u062f\u062f","amount":"6","operator":"virtual4"},"kwai":{"count":"\u274c","operator":"virtual4","amount":"\u2757\ufe0f"},"lazada":{"count":"\u274c","operator":"virtual21","amount":"\u2757\ufe0f"},"lbry":{"count":"\u274c","operator":"virtual4","amount":"\u2757\ufe0f"},"lenta":{"count":"\u2705 11  \u0639\u062f\u062f","amount":"7","operator":""},"lianxin":{"count":"\u274c","operator":"","amount":"\u2757\ufe0f"},"line":{"count":"\u2705 11  \u0639\u062f\u062f","amount":"11","operator":""},"linkedin":{"count":"\u2705 9  \u0639\u062f\u062f","amount":"18","operator":"virtual18"},"livescore":{"count":"\u2705 11  \u0639\u062f\u062f","amount":"10","operator":"virtual23"},"magnit":{"count":"\u2705 11  \u0639\u062f\u062f","amount":"9","operator":"virtual4"},"magnolia":{"count":"\u2705 11  \u0639\u062f\u062f","amount":"9","operator":""},"mailru":{"count":"\u2705 11  \u0639\u062f\u062f","amount":"7","operator":""},"mamba":{"count":"\u2705 11  \u0639\u062f\u062f","amount":"8","operator":""},"mcdonalds":{"count":"\u2705 11  \u0639\u062f\u062f","amount":"7","operator":""},"meetme":{"count":"\u274c","operator":"","amount":"\u2757\ufe0f"},"mega":{"count":"\u2705 11  \u0639\u062f\u062f","amount":"5","operator":""},"mercado":{"count":"\u2705 11  \u0639\u062f\u062f","amount":"5","operator":""},"michat":{"count":"\u2705 11  \u0639\u062f\u062f","amount":"17","operator":""},"microsoft":{"count":"\u2705 22682  \u0639\u062f\u062f","amount":"19.75","operator":""},"miratorg":{"count":"\u2705 11  \u0639\u062f\u062f","amount":"5","operator":"virtual18"},"mtscashback":{"count":"\u274c","operator":"virtual23","amount":"\u2757\ufe0f"},"nana":{"count":"\u274c","operator":"virtual4","amount":"\u2757\ufe0f"},"naver":{"count":"\u2705 1000  \u0639\u062f\u062f","amount":"14","operator":""},"netflix":{"count":"\u274c","operator":"virtual18","amount":"\u2757\ufe0f"},"nhseven":{"count":"\u2705 11  \u0639\u062f\u062f","amount":"9","operator":"virtual4"},"nifty":{"count":"\u274c","operator":"virtual4","amount":"\u2757\ufe0f"},"nike":{"count":"\u2705 1000  \u0639\u062f\u062f","amount":"14.25","operator":""},"nimses":{"count":"\u274c","operator":"virtual21","amount":"\u2757\ufe0f"},"nttgame":{"count":"\u2705 300  \u0639\u062f\u062f","amount":"19.75","operator":""},"odnoklassniki":{"count":"\u2705 11  \u0639\u062f\u062f","amount":"9","operator":"virtual23"},"offerup":{"count":"\u274c","operator":"virtual17","amount":"\u2757\ufe0f"},"okcupid":{"count":"\u274c","operator":"virtual21","amount":"\u2757\ufe0f"},"okey":{"count":"\u274c","operator":"virtual4","amount":"\u2757\ufe0f"},"olx":{"count":"\u2705 11  \u0639\u062f\u062f","amount":"11","operator":""},"openpoint":{"count":"\u274c","operator":"virtual21","amount":"\u2757\ufe0f"},"oraclecloud":{"count":"\u274c","operator":"virtual4","amount":"\u2757\ufe0f"},"other":{"count":"\u2705 11  \u0639\u062f\u062f","amount":"20","operator":""},"ozon":{"count":"\u2705 11  \u0639\u062f\u062f","amount":"5","operator":""},"pairs":{"count":"\u2705 11  \u0639\u062f\u062f","amount":"5","operator":""},"papara":{"count":"\u2705 11  \u0639\u062f\u062f","amount":"26","operator":""},"paycell":{"count":"\u2705 11  \u0639\u062f\u062f","amount":"18","operator":""},"paymaya":{"count":"\u274c","operator":"virtual4","amount":"\u2757\ufe0f"},"paypal":{"count":"\u2705 11  \u0639\u062f\u062f","amount":"28","operator":""},"paysend":{"count":"\u2705 11  \u0639\u062f\u062f","amount":"6","operator":"virtual23"},"peoplecom":{"count":"\u274c","operator":"virtual4","amount":"\u2757\ufe0f"},"perekrestok":{"count":"\u2705 11  \u0639\u062f\u062f","amount":"6","operator":""},"pof":{"count":"\u2705 11  \u0639\u062f\u062f","amount":"10","operator":""},"pokec":{"count":"\u274c","operator":"virtual4","amount":"\u2757\ufe0f"},"pokermaster":{"count":"\u274c","operator":"virtual4","amount":"\u2757\ufe0f"},"potato":{"count":"\u2705 11  \u0639\u062f\u062f","amount":"7","operator":""},"proton":{"count":"\u274c","operator":"virtual21","amount":"\u2757\ufe0f"},"protp":{"count":"\u2705 11  \u0639\u062f\u062f","amount":"8","operator":""},"pubg":{"count":"\u274c","operator":"virtual23","amount":"\u2757\ufe0f"},"pyaterochka":{"count":"\u2705 11  \u0639\u062f\u062f","amount":"9","operator":""},"qiwiwallet":{"count":"\u2705 11  \u0639\u062f\u062f","amount":"6","operator":""},"quioo":{"count":"\u274c","operator":"","amount":"\u2757\ufe0f"},"quipp":{"count":"\u2705 11  \u0639\u062f\u062f","amount":"9","operator":""},"reuse":{"count":"\u274c","operator":"","amount":"\u2757\ufe0f"},"ripkord":{"count":"\u274c","operator":"","amount":"\u2757\ufe0f"},"samokat":{"count":"\u2705 11  \u0639\u062f\u062f","amount":"7","operator":""},"seosprint":{"count":"\u2705 11  \u0639\u062f\u062f","amount":"8","operator":""},"sheerid":{"count":"\u2705 11  \u0639\u062f\u062f","amount":"9","operator":""},"shopee":{"count":"\u2705 11  \u0639\u062f\u062f","amount":"20","operator":""},"signal":{"count":"\u274c","operator":"virtual23","amount":"\u2757\ufe0f"},"sikayetvar":{"count":"\u2705 11  \u0639\u062f\u062f","amount":"7","operator":"virtual18"},"skout":{"count":"\u2705 11  \u0639\u062f\u062f","amount":"8","operator":""},"snapchat":{"count":"\u2705 11  \u0639\u062f\u062f","amount":"19","operator":"virtual21"},"steam":{"count":"\u2705 11  \u0639\u062f\u062f","amount":"12","operator":""},"swvl":{"count":"\u2705 11  \u0639\u062f\u062f","amount":"7","operator":"virtual23"},"taksheel":{"count":"\u274c","operator":"virtual23","amount":"\u2757\ufe0f"},"tango":{"count":"\u2705 11  \u0639\u062f\u062f","amount":"8","operator":""},"tantan":{"count":"\u274c","operator":"virtual23","amount":"\u2757\ufe0f"},"taobao":{"count":"\u274c","operator":"virtual4","amount":"\u2757\ufe0f"},"telegram":{"count":"\u2705 1000  \u0639\u062f\u062f","amount":"12.19","operator":"virtual18|virtual23|virtual4||"},"tencentqq":{"count":"\u274c","amount":"\u2757\ufe0f","operator":"virtual23"},"tiktok":{"count":"\u2705 11  \u0639\u062f\u062f","amount":"12","operator":"virtual21"},"tinder":{"count":"\u2705 1000  \u0639\u062f\u062f","amount":"11.58","operator":"virtual20"},"tosla":{"count":"\u2705 11  \u0639\u062f\u062f","amount":"7","operator":"virtual17"},"totalcoin":{"count":"\u274c","operator":"virtual4","amount":"\u2757\ufe0f"},"touchance":{"count":"\u2705 11  \u0639\u062f\u062f","amount":"6","operator":"virtual23"},"trendyol":{"count":"\u2705 11  \u0639\u062f\u062f","amount":"10","operator":"virtual23"},"truecaller":{"count":"\u2705 11  \u0639\u062f\u062f","amount":"16","operator":""},"twitter":{"count":"\u2705 1000  \u0639\u062f\u062f","amount":"12.97","operator":""},"uber":{"count":"\u274c","amount":"\u2757\ufe0f","operator":"virtual18"},"uploaded":{"count":"\u274c","operator":"virtual4","amount":"\u2757\ufe0f"},"vernyi":{"count":"\u274c","operator":"virtual23","amount":"\u2757\ufe0f"},"viber":{"count":"\u2705 9  \u0639\u062f\u062f","amount":"10","operator":""},"vkontakte":{"count":"\u2705 1  \u0639\u062f\u062f","amount":"9","operator":""},"voopee":{"count":"\u274c","operator":"virtual18","amount":"\u2757\ufe0f"},"wechat":{"count":"\u274c","operator":"virtual23","amount":"\u2757\ufe0f"},"weibo":{"count":"\u2705 11  \u0639\u062f\u062f","amount":"14","operator":""},"weku":{"count":"\u274c","operator":"virtual4","amount":"\u2757\ufe0f"},"whatsapp":{"count":"\u2705 1000  \u0639\u062f\u062f","amount":"11.97","operator":"virtual18|virtual23|virtual4|virtual21|"},"winston":{"count":"\u274c","operator":"virtual16","amount":"\u2757\ufe0f"},"wish":{"count":"\u2705 11  \u0639\u062f\u062f","amount":"8","operator":"virtual23"},"yahoo":{"count":"\u2705 9  \u0639\u062f\u062f","amount":"13","operator":""},"yalla":{"count":"\u2705 11  \u0639\u062f\u062f","amount":"17","operator":"virtual23"},"yandex":{"count":"\u2705 11  \u0639\u062f\u062f","amount":"12","operator":""},"yemeksepeti":{"count":"\u2705 11  \u0639\u062f\u062f","amount":"8","operator":"virtual4"},"youdo":{"count":"\u274c","operator":"virtual21","amount":"\u2757\ufe0f"},"youla":{"count":"\u2705 11  \u0639\u062f\u062f","amount":"8","operator":""},"zalo":{"count":"\u2705 11  \u0639\u062f\u062f","amount":"7","operator":""},"zoho":{"count":"\u274c","amount":"\u2757\ufe0f","operator":"virtual17"},"digikala":{"count":"\u2705 11  \u0639\u062f\u062f","amount":"9","operator":""},"divar":{"count":"\u2705 11  \u0639\u062f\u062f","amount":"6","operator":""},"hamrahaval":{"count":"\u2705 11  \u0639\u062f\u062f","amount":"8","operator":""},"irancell":{"count":"\u2705 11  \u0639\u062f\u062f","amount":"5","operator":"virtual21||||"},"zomato":{"count":"\u2705 1000  \u0639\u062f\u062f","amount":"12.5","operator":""},"":{"operator":"||||"}}