{"1688":{"count":"\u2705 1000  \u0639\u062f\u062f","amount":"13.44","operator":""},"1xbet":{"count":"\u2705 91  \u0639\u062f\u062f","amount":"6","operator":"virtual23"},"23red":{"count":"\u274c","operator":"virtual21","amount":"\u2757\ufe0f"},"ace2three":{"count":"\u274c","operator":"virtual23","amount":"\u2757\ufe0f"},"adidas":{"count":"\u2705 91  \u0639\u062f\u062f","amount":"6","operator":""},"airbnb":{"count":"\u2705 430  \u0639\u062f\u062f","amount":"26.25","operator":""},"airtel":{"count":"\u2705 91  \u0639\u062f\u062f","amount":"9","operator":"virtual23"},"akelni":{"count":"\u274c","operator":"virtual4","amount":"\u2757\ufe0f"},"alibaba":{"count":"\u2705 61  \u0639\u062f\u062f","amount":"17","operator":""},"aliexpress":{"count":"\u2705 91  \u0639\u062f\u062f","operator":"virtual4","amount":"1.9"},"alipay":{"count":"\u2705 86  \u0639\u062f\u062f","amount":"7","operator":"virtual23"},"amasia":{"count":"\u2705 91  \u0639\u062f\u062f","amount":"7","operator":"virtual4"},"amazon":{"count":"\u2705 1000  \u0639\u062f\u062f","amount":"13.01","operator":""},"aol":{"count":"\u2705 547  \u0639\u062f\u062f","amount":"26.25","operator":"virtual23"},"avito":{"count":"\u2705 91  \u0639\u062f\u062f","amount":"7","operator":"virtual23"},"azino":{"count":"\u274c","operator":"virtual21","amount":"\u2757\ufe0f"},"b4ucabs":{"count":"\u274c","operator":"virtual4","amount":"\u2757\ufe0f"},"bigcash":{"count":"\u274c","operator":"virtual4","amount":"\u2757\ufe0f"},"bigolive":{"count":"\u2705 90  \u0639\u062f\u062f","amount":"5","operator":""},"bitclout":{"count":"\u274c","operator":"","amount":"\u2757\ufe0f"},"bittube":{"count":"\u274c","operator":"","amount":"\u2757\ufe0f"},"blablacar":{"count":"\u2705 85  \u0639\u062f\u062f","amount":"5","operator":""},"blizzard":{"count":"\u2705 90  \u0639\u062f\u062f","amount":"11","operator":""},"blockchain":{"count":"\u274c","operator":"virtual18","amount":"\u2757\ufe0f"},"burgerking":{"count":"\u2705 91  \u0639\u062f\u062f","amount":"7","operator":"virtual4"},"careem":{"count":"\u2705 91  \u0639\u062f\u062f","amount":"24","operator":""},"cdkeys":{"count":"\u2705 91  \u0639\u062f\u062f","amount":"6","operator":""},"cekkazan":{"count":"\u274c","operator":"virtual4","amount":"\u2757\ufe0f"},"citymobil":{"count":"\u2705 91  \u0639\u062f\u062f","amount":"9","operator":""},"clickentregas":{"count":"\u274c","operator":"","amount":"\u2757\ufe0f"},"coinbase":{"count":"\u2705 91  \u0639\u062f\u062f","amount":"24","operator":""},"craigslist":{"count":"\u2705 91  \u0639\u062f\u062f","amount":"20","operator":""},"deliveroo":{"count":"\u2705 91  \u0639\u062f\u062f","amount":"9","operator":"virtual18"},"delivery":{"count":"\u2705 91  \u0639\u062f\u062f","amount":"8","operator":"virtual4"},"dent":{"count":"\u2705 91  \u0639\u062f\u062f","amount":"7","operator":""},"didi":{"count":"\u2705 91  \u0639\u062f\u062f","amount":"5","operator":""},"discord":{"count":"\u2705 91  \u0639\u062f\u062f","amount":"12","operator":""},"dixy":{"count":"\u274c","operator":"virtual4","amount":"\u2757\ufe0f"},"dodopizza":{"count":"\u2705 91  \u0639\u062f\u062f","amount":"7","operator":""},"domdara":{"count":"\u274c","operator":"virtual4","amount":"\u2757\ufe0f"},"dostavista":{"count":"\u2705 91  \u0639\u062f\u062f","amount":"8","operator":""},"douyu":{"count":"\u2705 1000  \u0639\u062f\u062f","amount":"28.3","operator":""},"drom":{"count":"\u2705 91  \u0639\u062f\u062f","amount":"6","operator":"virtual23"},"drugvokrug":{"count":"\u2705 90  \u0639\u062f\u062f","amount":"6","operator":""},"dukascopy":{"count":"\u274c","operator":"","amount":"\u2757\ufe0f"},"ebay":{"count":"\u2705 1000  \u0639\u062f\u062f","amount":"15.19","operator":""},"edgeless":{"count":"\u274c","operator":"virtual18","amount":"\u2757\ufe0f"},"electroneum":{"count":"\u274c","operator":"virtual23","amount":"\u2757\ufe0f"},"ezway":{"count":"\u274c","operator":"virtual4","amount":"\u2757\ufe0f"},"facebook":{"count":"\u2705 1000  \u0639\u062f\u062f","amount":"10.91","operator":""},"fiverr":{"count":"\u274c","operator":"virtual18","amount":"\u2757\ufe0f"},"flipkart":{"count":"\u274c","operator":"virtual23","amount":"\u2757\ufe0f"},"foodpanda":{"count":"\u2705 91  \u0639\u062f\u062f","amount":"11","operator":""},"foody":{"count":"\u2705 91  \u0639\u062f\u062f","amount":"7","operator":"virtual18"},"forwarding":{"count":"\u274c","operator":"virtual4","amount":"\u2757\ufe0f"},"galaxy":{"count":"\u274c","operator":"virtual4","amount":"\u2757\ufe0f"},"gameflip":{"count":"\u274c","operator":"","amount":"\u2757\ufe0f"},"gcash":{"count":"\u274c","operator":"","amount":"\u2757\ufe0f"},"get":{"count":"\u274c","operator":"","amount":"\u2757\ufe0f"},"getir":{"count":"\u2705 81  \u0639\u062f\u062f","amount":"9","operator":""},"gett":{"count":"\u2705 91  \u0639\u062f\u062f","amount":"10","operator":""},"globus":{"count":"\u2705 91  \u0639\u062f\u062f","amount":"5","operator":""},"glovo":{"count":"\u274c","operator":"","amount":"\u2757\ufe0f"},"google":{"count":"\u2705 1000  \u0639\u062f\u062f","amount":"13.5","operator":""},"grabtaxi":{"count":"\u2705 91  \u0639\u062f\u062f","amount":"6","operator":"virtual23"},"green":{"count":"\u274c","operator":"virtual23","amount":"\u2757\ufe0f"},"grindr":{"count":"\u2705 91  \u0639\u062f\u062f","amount":"8","operator":""},"haraj":{"count":"\u2705 90  \u0639\u062f\u062f","amount":"36","operator":""},"hezzl":{"count":"\u2705 91  \u0639\u062f\u062f","amount":"8","operator":""},"hopi":{"count":"\u2705 91  \u0639\u062f\u062f","amount":"18","operator":""},"hqtrivia":{"count":"\u2705 417  \u0639\u062f\u062f","amount":"19.75","operator":""},"icard":{"count":"\u274c","operator":"virtual4","amount":"\u2757\ufe0f"},"icq":{"count":"\u2705 89  \u0639\u062f\u062f","amount":"7","operator":""},"imo":{"count":"\u2705 91  \u0639\u062f\u062f","amount":"16","operator":""},"ininal":{"count":"\u2705 91  \u0639\u062f\u062f","amount":"6","operator":"virtual23"},"instagram":{"count":"\u2705 1000  \u0639\u062f\u062f","amount":"13.75","operator":"virtual18|virtual23|virtual21|virtual4|"},"iost":{"count":"\u274c","operator":"virtual18","amount":"\u2757\ufe0f"},"jd":{"count":"\u2705 66  \u0639\u062f\u062f","amount":"11","operator":""},"justdating":{"count":"\u2705 91  \u0639\u062f\u062f","amount":"10","operator":"virtual23"},"kakaotalk":{"count":"\u2705 1000  \u0639\u062f\u062f","amount":"37.38","operator":"lycamobile"},"keybase":{"count":"\u274c","operator":"virtual18","amount":"\u2757\ufe0f"},"komandacard":{"count":"\u274c","operator":"virtual4","amount":"\u2757\ufe0f"},"kotak811":{"count":"\u2705 91  \u0639\u062f\u062f","amount":"8","operator":"virtual23"},"kufarby":{"count":"\u2705 91  \u0639\u062f\u062f","amount":"9","operator":"virtual4"},"kwai":{"count":"\u274c","operator":"virtual23","amount":"\u2757\ufe0f"},"lazada":{"count":"\u274c","operator":"virtual23","amount":"\u2757\ufe0f"},"lbry":{"count":"\u274c","operator":"virtual4","amount":"\u2757\ufe0f"},"lenta":{"count":"\u2705 91  \u0639\u062f\u062f","amount":"6","operator":""},"lianxin":{"count":"\u274c","operator":"","amount":"\u2757\ufe0f"},"line":{"count":"\u2705 637  \u0639\u062f\u062f","amount":"19.75","operator":""},"linkedin":{"count":"\u274c","operator":"virtual18","amount":"\u2757\ufe0f"},"livescore":{"count":"\u2705 91  \u0639\u062f\u062f","amount":"7","operator":"virtual23"},"magnit":{"count":"\u2705 91  \u0639\u062f\u062f","amount":"6","operator":"virtual4"},"magnolia":{"count":"\u2705 91  \u0639\u062f\u062f","amount":"8","operator":""},"mailru":{"count":"\u274c","operator":"virtual4","amount":"\u2757\ufe0f"},"mamba":{"count":"\u2705 48  \u0639\u062f\u062f","amount":"10","operator":""},"mcdonalds":{"count":"\u2705 91  \u0639\u062f\u062f","amount":"7","operator":""},"meetme":{"count":"\u274c","operator":"","amount":"\u2757\ufe0f"},"mega":{"count":"\u2705 91  \u0639\u062f\u062f","amount":"6","operator":""},"mercado":{"count":"\u2705 91  \u0639\u062f\u062f","amount":"10","operator":""},"michat":{"count":"\u2705 91  \u0639\u062f\u062f","amount":"17","operator":""},"microsoft":{"count":"\u2705 1000  \u0639\u062f\u062f","amount":"10.59","operator":""},"miratorg":{"count":"\u2705 91  \u0639\u062f\u062f","amount":"9","operator":"virtual18"},"mtscashback":{"count":"\u2705 200  \u0639\u062f\u062f","operator":"virtual23","amount":"19.75"},"nana":{"count":"\u274c","operator":"virtual4","amount":"\u2757\ufe0f"},"naver":{"count":"\u2705 1000  \u0639\u062f\u062f","amount":"11.67","operator":""},"netflix":{"count":"\u274c","operator":"virtual18","amount":"\u2757\ufe0f"},"nhseven":{"count":"\u2705 91  \u0639\u062f\u062f","amount":"9","operator":"virtual23"},"nifty":{"count":"\u274c","operator":"virtual4","amount":"\u2757\ufe0f"},"nike":{"count":"\u2705 91  \u0639\u062f\u062f","amount":"10","operator":""},"nimses":{"count":"\u274c","operator":"virtual23","amount":"\u2757\ufe0f"},"nttgame":{"count":"\u2705 91  \u0639\u062f\u062f","amount":"12","operator":""},"odnoklassniki":{"count":"\u274c","operator":"virtual23","amount":"\u2757\ufe0f"},"offerup":{"count":"\u274c","operator":"virtual23","amount":"\u2757\ufe0f"},"okcupid":{"count":"\u274c","operator":"virtual21","amount":"\u2757\ufe0f"},"okey":{"count":"\u274c","operator":"virtual4","amount":"\u2757\ufe0f"},"olx":{"count":"\u2705 91  \u0639\u062f\u062f","amount":"12","operator":""},"openpoint":{"count":"\u274c","operator":"virtual4","amount":"\u2757\ufe0f"},"oraclecloud":{"count":"\u274c","operator":"virtual4","amount":"\u2757\ufe0f"},"other":{"count":"\u274c","operator":"virtual4","amount":"\u2757\ufe0f"},"ozon":{"count":"\u2705 89  \u0639\u062f\u062f","amount":"6","operator":""},"pairs":{"count":"\u2705 91  \u0639\u062f\u062f","amount":"9","operator":""},"papara":{"count":"\u2705 91  \u0639\u062f\u062f","amount":"26","operator":""},"paycell":{"count":"\u2705 91  \u0639\u062f\u062f","amount":"18","operator":""},"paymaya":{"count":"\u274c","operator":"virtual4","amount":"\u2757\ufe0f"},"paypal":{"count":"\u2705 1000  \u0639\u062f\u062f","amount":"18.75","operator":""},"paysend":{"count":"\u2705 91  \u0639\u062f\u062f","amount":"7","operator":"virtual4"},"peoplecom":{"count":"\u274c","operator":"virtual4","amount":"\u2757\ufe0f"},"perekrestok":{"count":"\u2705 91  \u0639\u062f\u062f","amount":"7","operator":""},"pof":{"count":"\u2705 91  \u0639\u062f\u062f","amount":"9","operator":""},"pokec":{"count":"\u274c","operator":"virtual23","amount":"\u2757\ufe0f"},"pokermaster":{"count":"\u274c","operator":"virtual4","amount":"\u2757\ufe0f"},"potato":{"count":"\u2705 91  \u0639\u062f\u062f","amount":"7","operator":""},"proton":{"count":"\u274c","operator":"","amount":"\u2757\ufe0f"},"protp":{"count":"\u2705 91  \u0639\u062f\u062f","amount":"5","operator":""},"pubg":{"count":"\u274c","operator":"virtual23","amount":"\u2757\ufe0f"},"pyaterochka":{"count":"\u2705 90  \u0639\u062f\u062f","amount":"10","operator":""},"qiwiwallet":{"count":"\u2705 91  \u0639\u062f\u062f","amount":"8","operator":""},"quioo":{"count":"\u274c","operator":"","amount":"\u2757\ufe0f"},"quipp":{"count":"\u2705 91  \u0639\u062f\u062f","amount":"30","operator":""},"reuse":{"count":"\u274c","operator":"","amount":"\u2757\ufe0f"},"ripkord":{"count":"\u274c","operator":"","amount":"\u2757\ufe0f"},"samokat":{"count":"\u2705 91  \u0639\u062f\u062f","amount":"5","operator":""},"seosprint":{"count":"\u2705 91  \u0639\u062f\u062f","amount":"6","operator":""},"sheerid":{"count":"\u2705 91  \u0639\u062f\u062f","amount":"6","operator":""},"shopee":{"count":"\u2705 340  \u0639\u062f\u062f","amount":"26.25","operator":""},"signal":{"count":"\u274c","operator":"virtual4","amount":"\u2757\ufe0f"},"sikayetvar":{"count":"\u2705 91  \u0639\u062f\u062f","amount":"6","operator":"virtual18"},"skout":{"count":"\u2705 91  \u0639\u062f\u062f","amount":"12","operator":""},"snapchat":{"count":"\u2705 340  \u0639\u062f\u062f","amount":"21","operator":""},"steam":{"count":"\u274c","operator":"virtual23","amount":"\u2757\ufe0f"},"swvl":{"count":"\u2705 91  \u0639\u062f\u062f","amount":"8","operator":"virtual18"},"taksheel":{"count":"\u274c","operator":"virtual23","amount":"\u2757\ufe0f"},"tango":{"count":"\u2705 91  \u0639\u062f\u062f","amount":"10","operator":""},"tantan":{"count":"\u274c","operator":"virtual4","amount":"\u2757\ufe0f"},"taobao":{"count":"\u274c","operator":"virtual4","amount":"\u2757\ufe0f"},"telegram":{"count":"\u2705 1000  \u0639\u062f\u062f","amount":"12.5","operator":"virtual18|virtual23|virtual21|virtual4|"},"tencentqq":{"count":"\u2705 91  \u0639\u062f\u062f","amount":"8","operator":"virtual4"},"tiktok":{"count":"\u2705 88  \u0639\u062f\u062f","amount":"11","operator":""},"tinder":{"count":"\u2705 1000  \u0639\u062f\u062f","amount":"9.93","operator":""},"tosla":{"count":"\u2705 91  \u0639\u062f\u062f","amount":"8","operator":"virtual18"},"totalcoin":{"count":"\u274c","operator":"virtual23","amount":"\u2757\ufe0f"},"touchance":{"count":"\u2705 91  \u0639\u062f\u062f","amount":"8","operator":"virtual12"},"trendyol":{"count":"\u274c","operator":"virtual23","amount":"\u2757\ufe0f"},"truecaller":{"count":"\u2705 91  \u0639\u062f\u062f","amount":"16","operator":""},"twitter":{"count":"\u2705 1000  \u0639\u062f\u062f","amount":"13.58","operator":""},"uber":{"count":"\u2705 91  \u0639\u062f\u062f","amount":"12","operator":""},"uploaded":{"count":"\u274c","operator":"virtual21","amount":"\u2757\ufe0f"},"vernyi":{"count":"\u274c","operator":"virtual23","amount":"\u2757\ufe0f"},"viber":{"count":"\u2705 1000  \u0639\u062f\u062f","amount":"11.5","operator":""},"vkontakte":{"count":"\u2705 1000  \u0639\u062f\u062f","amount":"10.03","operator":""},"voopee":{"count":"\u274c","operator":"virtual23","amount":"\u2757\ufe0f"},"wechat":{"count":"\u274c","operator":"virtual23","amount":"\u2757\ufe0f"},"weibo":{"count":"\u2705 91  \u0639\u062f\u062f","amount":"14","operator":""},"weku":{"count":"\u274c","operator":"virtual4","amount":"\u2757\ufe0f"},"whatsapp":{"count":"\u274c","operator":"virtual23","amount":"\u2757\ufe0f"},"winston":{"count":"\u274c","operator":"virtual23","amount":"\u2757\ufe0f"},"wish":{"count":"\u2705 91  \u0639\u062f\u062f","amount":"7","operator":"virtual23"},"yahoo":{"count":"\u2705 82  \u0639\u062f\u062f","amount":"13","operator":""},"yalla":{"count":"\u274c","operator":"virtual18","amount":"\u2757\ufe0f"},"yandex":{"count":"\u2705 232  \u0639\u062f\u062f","amount":"13.13","operator":"virtual4"},"yemeksepeti":{"count":"\u2705 91  \u0639\u062f\u062f","amount":"9","operator":"virtual4"},"youdo":{"count":"\u274c","operator":"virtual21","amount":"\u2757\ufe0f"},"youla":{"count":"\u2705 71  \u0639\u062f\u062f","amount":"9","operator":""},"zalo":{"count":"\u2705 91  \u0639\u062f\u062f","amount":"5","operator":""},"zoho":{"count":"\u2705 91  \u0639\u062f\u062f","amount":"14","operator":""},"digikala":{"count":"\u2705 91  \u0639\u062f\u062f","amount":"6","operator":""},"divar":{"count":"\u2705 91  \u0639\u062f\u062f","amount":"8","operator":""},"hamrahaval":{"count":"\u2705 91  \u0639\u062f\u062f","amount":"8","operator":""},"irancell":{"count":"\u2705 91  \u0639\u062f\u062f","amount":"6","operator":""},"zomato":{"count":"\u2705 1000  \u0639\u062f\u062f","amount":"12.5","operator":""},"":{"operator":"||||"}}