{"1688":{"count":"\u2705 1000  \u0639\u062f\u062f","amount":"13.99","operator":""},"1xbet":{"count":"\u2705 1000  \u0639\u062f\u062f","amount":"22","operator":""},"23red":{"count":"\u274c","operator":"virtual21","amount":"\u2757\ufe0f"},"ace2three":{"count":"\u274c","operator":"virtual23","amount":"\u2757\ufe0f"},"adidas":{"count":"\u2705 1  \u0639\u062f\u062f","operator":"","amount":"6"},"airbnb":{"count":"\u2705 1000  \u0639\u062f\u062f","amount":"18.75","operator":""},"airtel":{"count":"\u2705 1  \u0639\u062f\u062f","operator":"virtual23","amount":"7"},"akelni":{"count":"\u274c","operator":"virtual4","amount":"\u2757\ufe0f"},"alibaba":{"count":"\u2705 1  \u0639\u062f\u062f","amount":"16","operator":""},"aliexpress":{"count":"\u2705 1000  \u0639\u062f\u062f","operator":"virtual4","amount":"25"},"alipay":{"count":"\u2705 1  \u0639\u062f\u062f","operator":"virtual23","amount":"7"},"amasia":{"count":"\u2705 1  \u0639\u062f\u062f","operator":"virtual23","amount":"8"},"amazon":{"count":"\u2705 1000  \u0639\u062f\u062f","amount":"15.77","operator":""},"aol":{"count":"\u2705 21363  \u0639\u062f\u062f","amount":"17.13","operator":"virtual23"},"avito":{"count":"\u2705 1  \u0639\u062f\u062f","operator":"virtual4","amount":"8"},"azino":{"count":"\u274c","operator":"virtual21","amount":"\u2757\ufe0f"},"b4ucabs":{"count":"\u274c","operator":"virtual4","amount":"\u2757\ufe0f"},"bigcash":{"count":"\u274c","operator":"virtual4","amount":"\u2757\ufe0f"},"bigolive":{"count":"\u2705 1  \u0639\u062f\u062f","operator":"virtual18","amount":"5"},"bitclout":{"count":"\u274c","operator":"","amount":"\u2757\ufe0f"},"bittube":{"count":"\u274c","operator":"","amount":"\u2757\ufe0f"},"blablacar":{"count":"\u2705 1  \u0639\u062f\u062f","operator":"","amount":"7"},"blizzard":{"count":"\u2705 1  \u0639\u062f\u062f","amount":"11","operator":""},"blockchain":{"count":"\u274c","operator":"virtual18","amount":"\u2757\ufe0f"},"burgerking":{"count":"\u2705 1  \u0639\u062f\u062f","operator":"virtual23","amount":"10"},"careem":{"count":"\u2705 10804  \u0639\u062f\u062f","amount":"19.75","operator":""},"cdkeys":{"count":"\u2705 1  \u0639\u062f\u062f","operator":"virtual4","amount":"9"},"cekkazan":{"count":"\u274c","operator":"virtual4","amount":"\u2757\ufe0f"},"citymobil":{"count":"\u2705 1  \u0639\u062f\u062f","operator":"","amount":"9"},"clickentregas":{"count":"\u274c","operator":"","amount":"\u2757\ufe0f"},"coinbase":{"count":"\u2705 1  \u0639\u062f\u062f","amount":"18","operator":"virtual4"},"craigslist":{"count":"\u2705 1  \u0639\u062f\u062f","amount":"17","operator":""},"deliveroo":{"count":"\u2705 1  \u0639\u062f\u062f","operator":"virtual18","amount":"6"},"delivery":{"count":"\u2705 1  \u0639\u062f\u062f","operator":"virtual21","amount":"7"},"dent":{"count":"\u2705 21594  \u0639\u062f\u062f","amount":"17.13","operator":"virtual23"},"didi":{"count":"\u2705 1  \u0639\u062f\u062f","operator":"virtual4","amount":"8"},"discord":{"count":"\u2705 432  \u0639\u062f\u062f","amount":"13.13","operator":""},"dixy":{"count":"\u274c","operator":"virtual4","amount":"\u2757\ufe0f"},"dodopizza":{"count":"\u2705 1  \u0639\u062f\u062f","operator":"virtual4","amount":"7"},"domdara":{"count":"\u274c","operator":"virtual4","amount":"\u2757\ufe0f"},"dostavista":{"count":"\u2705 1  \u0639\u062f\u062f","operator":"","amount":"5"},"douyu":{"count":"\u2705 1000  \u0639\u062f\u062f","amount":"28.3","operator":""},"drom":{"count":"\u2705 1  \u0639\u062f\u062f","operator":"virtual23","amount":"9"},"drugvokrug":{"count":"\u2705 1  \u0639\u062f\u062f","operator":"virtual23","amount":"5"},"dukascopy":{"count":"\u274c","operator":"","amount":"\u2757\ufe0f"},"ebay":{"count":"\u2705 1000  \u0639\u062f\u062f","amount":"15.27","operator":""},"edgeless":{"count":"\u274c","operator":"virtual18","amount":"\u2757\ufe0f"},"electroneum":{"count":"\u274c","operator":"virtual23","amount":"\u2757\ufe0f"},"ezway":{"count":"\u274c","operator":"virtual4","amount":"\u2757\ufe0f"},"facebook":{"count":"\u2705 23660  \u0639\u062f\u062f","amount":"17.13","operator":""},"fiverr":{"count":"\u274c","operator":"virtual18","amount":"\u2757\ufe0f"},"flipkart":{"count":"\u274c","operator":"virtual23","amount":"\u2757\ufe0f"},"foodpanda":{"count":"\u2705 1  \u0639\u062f\u062f","amount":"11","operator":""},"foody":{"count":"\u2705 1  \u0639\u062f\u062f","operator":"virtual18","amount":"5"},"forwarding":{"count":"\u274c","operator":"virtual4","amount":"\u2757\ufe0f"},"galaxy":{"count":"\u274c","operator":"virtual4","amount":"\u2757\ufe0f"},"gameflip":{"count":"\u274c","operator":"","amount":"\u2757\ufe0f"},"gcash":{"count":"\u274c","operator":"","amount":"\u2757\ufe0f"},"get":{"count":"\u274c","operator":"","amount":"\u2757\ufe0f"},"getir":{"count":"\u2705 1  \u0639\u062f\u062f","operator":"","amount":"9"},"gett":{"count":"\u2705 1  \u0639\u062f\u062f","operator":"","amount":"5"},"globus":{"count":"\u2705 1  \u0639\u062f\u062f","operator":"","amount":"7"},"glovo":{"count":"\u274c","operator":"","amount":"\u2757\ufe0f"},"google":{"count":"\u2705 1000  \u0639\u062f\u062f","amount":"18.75","operator":""},"grabtaxi":{"count":"\u2705 1  \u0639\u062f\u062f","operator":"virtual18","amount":"8"},"green":{"count":"\u274c","operator":"virtual23","amount":"\u2757\ufe0f"},"grindr":{"count":"\u2705 1  \u0639\u062f\u062f","operator":"virtual4","amount":"8"},"haraj":{"count":"\u2705 1  \u0639\u062f\u062f","amount":"36","operator":"virtual4"},"hezzl":{"count":"\u2705 1  \u0639\u062f\u062f","operator":"virtual4","amount":"5"},"hopi":{"count":"\u2705 1  \u0639\u062f\u062f","operator":"","amount":"7"},"hqtrivia":{"count":"\u2705 21564  \u0639\u062f\u062f","amount":"17.13","operator":""},"icard":{"count":"\u274c","operator":"virtual4","amount":"\u2757\ufe0f"},"icq":{"count":"\u2705 1  \u0639\u062f\u062f","operator":"","amount":"9"},"imo":{"count":"\u2705 1  \u0639\u062f\u062f","amount":"16","operator":""},"ininal":{"count":"\u2705 1  \u0639\u062f\u062f","operator":"virtual23","amount":"7"},"instagram":{"count":"\u2705 1000  \u0639\u062f\u062f","amount":"12.96","operator":""},"iost":{"count":"\u274c","operator":"virtual18","amount":"\u2757\ufe0f"},"jd":{"count":"\u2705 1  \u0639\u062f\u062f","amount":"12","operator":""},"justdating":{"count":"\u2705 1  \u0639\u062f\u062f","operator":"virtual18","amount":"10"},"kakaotalk":{"count":"\u2705 1000  \u0639\u062f\u062f","operator":"lycamobile","amount":"18.75"},"keybase":{"count":"\u2705 10804  \u0639\u062f\u062f","amount":"19.75","operator":"virtual18"},"komandacard":{"count":"\u274c","operator":"virtual18","amount":"\u2757\ufe0f"},"kotak811":{"count":"\u2705 1  \u0639\u062f\u062f","operator":"virtual4","amount":"10"},"kufarby":{"count":"\u2705 1  \u0639\u062f\u062f","operator":"virtual4","amount":"7"},"kwai":{"count":"\u274c","operator":"virtual18","amount":"\u2757\ufe0f"},"lazada":{"count":"\u274c","operator":"virtual23","amount":"\u2757\ufe0f"},"lbry":{"count":"\u274c","operator":"virtual4","amount":"\u2757\ufe0f"},"lenta":{"count":"\u2705 1  \u0639\u062f\u062f","operator":"","amount":"8"},"lianxin":{"count":"\u274c","operator":"","amount":"\u2757\ufe0f"},"line":{"count":"\u2705 1000  \u0639\u062f\u062f","amount":"12.02","operator":""},"linkedin":{"count":"\u274c","operator":"virtual18","amount":"\u2757\ufe0f"},"livescore":{"count":"\u2705 1  \u0639\u062f\u062f","operator":"virtual23","amount":"8"},"magnit":{"count":"\u2705 1  \u0639\u062f\u062f","operator":"virtual23","amount":"9"},"magnolia":{"count":"\u2705 1  \u0639\u062f\u062f","operator":"virtual4","amount":"5"},"mailru":{"count":"\u2705 1  \u0639\u062f\u062f","operator":"virtual4","amount":"9"},"mamba":{"count":"\u2705 1  \u0639\u062f\u062f","operator":"virtual4","amount":"8"},"mcdonalds":{"count":"\u2705 1  \u0639\u062f\u062f","operator":"","amount":"6"},"meetme":{"count":"\u274c","operator":"","amount":"\u2757\ufe0f"},"mega":{"count":"\u2705 1  \u0639\u062f\u062f","operator":"","amount":"7"},"mercado":{"count":"\u2705 1  \u0639\u062f\u062f","operator":"","amount":"5"},"michat":{"count":"\u2705 1  \u0639\u062f\u062f","amount":"17","operator":""},"microsoft":{"count":"\u2705 1000  \u0639\u062f\u062f","amount":"10.79","operator":""},"miratorg":{"count":"\u2705 1  \u0639\u062f\u062f","operator":"virtual18","amount":"6"},"mtscashback":{"count":"\u2705 21321  \u0639\u062f\u062f","amount":"19.75","operator":"virtual23"},"nana":{"count":"\u274c","operator":"virtual4","amount":"\u2757\ufe0f"},"naver":{"count":"\u2705 1  \u0639\u062f\u062f","amount":"10","operator":""},"netflix":{"count":"\u2705 1000  \u0639\u062f\u062f","amount":"11.24","operator":""},"nhseven":{"count":"\u2705 1  \u0639\u062f\u062f","operator":"virtual18","amount":"8"},"nifty":{"count":"\u274c","operator":"virtual23","amount":"\u2757\ufe0f"},"nike":{"count":"\u2705 1  \u0639\u062f\u062f","operator":"virtual21","amount":"11"},"nimses":{"count":"\u274c","operator":"virtual23","amount":"\u2757\ufe0f"},"nttgame":{"count":"\u2705 1000  \u0639\u062f\u062f","amount":"13.34","operator":""},"odnoklassniki":{"count":"\u274c","operator":"virtual23","amount":"\u2757\ufe0f"},"offerup":{"count":"\u274c","operator":"virtual23","amount":"\u2757\ufe0f"},"okcupid":{"count":"\u274c","operator":"virtual21","amount":"\u2757\ufe0f"},"okey":{"count":"\u274c","operator":"virtual4","amount":"\u2757\ufe0f"},"olx":{"count":"\u2705 250  \u0639\u062f\u062f","amount":"17.13","operator":""},"openpoint":{"count":"\u274c","operator":"virtual4","amount":"\u2757\ufe0f"},"oraclecloud":{"count":"\u274c","operator":"virtual4","amount":"\u2757\ufe0f"},"other":{"count":"\u2705 1  \u0639\u062f\u062f","operator":"virtual21||||","amount":"3"},"ozon":{"count":"\u2705 1  \u0639\u062f\u062f","operator":"virtual23","amount":"8"},"pairs":{"count":"\u2705 1  \u0639\u062f\u062f","operator":"virtual4","amount":"6"},"papara":{"count":"\u2705 1  \u0639\u062f\u062f","amount":"18","operator":""},"paycell":{"count":"\u2705 1  \u0639\u062f\u062f","amount":"18","operator":""},"paymaya":{"count":"\u274c","operator":"virtual4","amount":"\u2757\ufe0f"},"paypal":{"count":"\u274c","operator":"virtual21","amount":"\u2757\ufe0f"},"paysend":{"count":"\u2705 1  \u0639\u062f\u062f","operator":"virtual23","amount":"8"},"peoplecom":{"count":"\u274c","operator":"virtual4","amount":"\u2757\ufe0f"},"perekrestok":{"count":"\u2705 1  \u0639\u062f\u062f","operator":"virtual18","amount":"9"},"pof":{"count":"\u2705 1000  \u0639\u062f\u062f","amount":"15","operator":""},"pokec":{"count":"\u274c","operator":"virtual18","amount":"\u2757\ufe0f"},"pokermaster":{"count":"\u274c","operator":"virtual4","amount":"\u2757\ufe0f"},"potato":{"count":"\u2705 1  \u0639\u062f\u062f","operator":"","amount":"6"},"proton":{"count":"\u274c","operator":"","amount":"\u2757\ufe0f"},"protp":{"count":"\u2705 1  \u0639\u062f\u062f","operator":"","amount":"10"},"pubg":{"count":"\u274c","operator":"virtual23","amount":"\u2757\ufe0f"},"pyaterochka":{"count":"\u2705 1  \u0639\u062f\u062f","operator":"","amount":"7"},"qiwiwallet":{"count":"\u2705 1  \u0639\u062f\u062f","operator":"","amount":"8"},"quioo":{"count":"\u274c","operator":"","amount":"\u2757\ufe0f"},"quipp":{"count":"\u2705 1  \u0639\u062f\u062f","operator":"","amount":"8"},"reuse":{"count":"\u274c","operator":"","amount":"\u2757\ufe0f"},"ripkord":{"count":"\u274c","operator":"","amount":"\u2757\ufe0f"},"samokat":{"count":"\u2705 1  \u0639\u062f\u062f","operator":"","amount":"5"},"seosprint":{"count":"\u2705 1  \u0639\u062f\u062f","operator":"","amount":"7"},"sheerid":{"count":"\u2705 1  \u0639\u062f\u062f","operator":"","amount":"7"},"shopee":{"count":"\u2705 1  \u0639\u062f\u062f","amount":"17","operator":""},"signal":{"count":"\u274c","operator":"virtual4","amount":"\u2757\ufe0f"},"sikayetvar":{"count":"\u2705 1  \u0639\u062f\u062f","operator":"virtual18","amount":"6"},"skout":{"count":"\u2705 17764  \u0639\u062f\u062f","amount":"13.13","operator":""},"snapchat":{"count":"\u2705 10804  \u0639\u062f\u062f","amount":"21","operator":""},"steam":{"count":"\u2705 1000  \u0639\u062f\u062f","amount":"12.02","operator":""},"swvl":{"count":"\u2705 1  \u0639\u062f\u062f","operator":"virtual18","amount":"9"},"taksheel":{"count":"\u274c","operator":"virtual23","amount":"\u2757\ufe0f"},"tango":{"count":"\u2705 1  \u0639\u062f\u062f","operator":"virtual4","amount":"7"},"tantan":{"count":"\u274c","operator":"virtual23","amount":"\u2757\ufe0f"},"taobao":{"count":"\u274c","operator":"virtual23","amount":"\u2757\ufe0f"},"telegram":{"count":"\u2705 200  \u0639\u062f\u062f","amount":"17.13","operator":"virtual21"},"tencentqq":{"count":"\u2705 1  \u0639\u062f\u062f","operator":"virtual21","amount":"7"},"tiktok":{"count":"\u2705 1  \u0639\u062f\u062f","amount":"12","operator":""},"tinder":{"count":"\u2705 1000  \u0639\u062f\u062f","amount":"9.51","operator":""},"tosla":{"count":"\u2705 1  \u0639\u062f\u062f","operator":"virtual18","amount":"6"},"totalcoin":{"count":"\u274c","operator":"virtual23","amount":"\u2757\ufe0f"},"touchance":{"count":"\u2705 1  \u0639\u062f\u062f","operator":"virtual4","amount":"5"},"trendyol":{"count":"\u2705 1  \u0639\u062f\u062f","operator":"virtual23","amount":"6"},"truecaller":{"count":"\u2705 1  \u0639\u062f\u062f","amount":"16","operator":"virtual2"},"twitter":{"count":"\u2705 1000  \u0639\u062f\u062f","amount":"11.98","operator":""},"uber":{"count":"\u2705 1  \u0639\u062f\u062f","amount":"12","operator":""},"uploaded":{"count":"\u274c","operator":"virtual23","amount":"\u2757\ufe0f"},"vernyi":{"count":"\u274c","operator":"virtual21","amount":"\u2757\ufe0f"},"viber":{"count":"\u2705 1  \u0639\u062f\u062f","amount":"10","operator":""},"vkontakte":{"count":"\u2705 1000  \u0639\u062f\u062f","amount":"11.22","operator":""},"voopee":{"count":"\u274c","operator":"virtual18","amount":"\u2757\ufe0f"},"wechat":{"count":"\u274c","operator":"virtual23","amount":"\u2757\ufe0f"},"weibo":{"count":"\u2705 1  \u0639\u062f\u062f","amount":"14","operator":"virtual23"},"weku":{"count":"\u274c","operator":"virtual4","amount":"\u2757\ufe0f"},"whatsapp":{"count":"\u2705 430  \u0639\u062f\u062f","amount":"19.75","operator":"virtual18|virtual23|virtual4||"},"winston":{"count":"\u274c","operator":"virtual23","amount":"\u2757\ufe0f"},"wish":{"count":"\u2705 1  \u0639\u062f\u062f","operator":"virtual23","amount":"6"},"yahoo":{"count":"\u2705 1000  \u0639\u062f\u062f","amount":"16.25","operator":""},"yalla":{"count":"\u274c","operator":"virtual23","amount":"\u2757\ufe0f"},"yandex":{"count":"\u2705 1  \u0639\u062f\u062f","amount":"12","operator":"virtual23"},"yemeksepeti":{"count":"\u2705 1  \u0639\u062f\u062f","operator":"virtual4","amount":"5"},"youdo":{"count":"\u274c","operator":"virtual4","amount":"\u2757\ufe0f"},"youla":{"count":"\u2705 1  \u0639\u062f\u062f","operator":"virtual23","amount":"7"},"zalo":{"count":"\u2705 1  \u0639\u062f\u062f","operator":"virtual4","amount":"7"},"zoho":{"count":"\u2705 1  \u0639\u062f\u062f","amount":"14","operator":""},"digikala":{"count":"\u2705 1  \u0639\u062f\u062f","operator":"virtual4","amount":"10"},"divar":{"count":"\u2705 1  \u0639\u062f\u062f","operator":"virtual21","amount":"7"},"hamrahaval":{"count":"\u2705 1  \u0639\u062f\u062f","operator":"virtual4","amount":"6"},"irancell":{"count":"\u2705 1  \u0639\u062f\u062f","operator":"virtual4","amount":"6"},"zomato":{"count":"\u2705 1000  \u0639\u062f\u062f","amount":"12.5","operator":""}}