{"1688":{"count":"\u2705 1000  \u0639\u062f\u062f","amount":"14.5","operator":""},"1xbet":{"count":"\u2705 1000  \u0639\u062f\u062f","amount":"22","operator":""},"23red":{"count":"\u274c","operator":"virtual21","amount":"\u2757\ufe0f"},"ace2three":{"count":"\u274c","operator":"virtual23","amount":"\u2757\ufe0f"},"adidas":{"count":"\u2705 1  \u0639\u062f\u062f","operator":"","amount":"6"},"airbnb":{"count":"\u2705 1  \u0639\u062f\u062f","amount":"19","operator":""},"airtel":{"count":"\u2705 1  \u0639\u062f\u062f","operator":"virtual23","amount":"9"},"akelni":{"count":"\u274c","operator":"virtual4","amount":"\u2757\ufe0f"},"alibaba":{"count":"\u2705 1000  \u0639\u062f\u062f","amount":"19.34","operator":"virtual21"},"aliexpress":{"count":"\u274c","operator":"virtual4","amount":"\u2757\ufe0f"},"alipay":{"count":"\u2705 1  \u0639\u062f\u062f","amount":"21","operator":"virtual23"},"amasia":{"count":"\u2705 1  \u0639\u062f\u062f","operator":"virtual23","amount":"7"},"amazon":{"count":"\u2705 1  \u0639\u062f\u062f","amount":"11","operator":""},"aol":{"count":"\u2705 16983  \u0639\u062f\u062f","amount":"18.38","operator":"virtual21"},"avito":{"count":"\u2705 1  \u0639\u062f\u062f","operator":"virtual4","amount":"8"},"azino":{"count":"\u274c","operator":"virtual4","amount":"\u2757\ufe0f"},"b4ucabs":{"count":"\u274c","operator":"virtual4","amount":"\u2757\ufe0f"},"bigcash":{"count":"\u274c","operator":"virtual4","amount":"\u2757\ufe0f"},"bigolive":{"count":"\u2705 1  \u0639\u062f\u062f","operator":"virtual23","amount":"7"},"bitclout":{"count":"\u274c","operator":"","amount":"\u2757\ufe0f"},"bittube":{"count":"\u274c","operator":"","amount":"\u2757\ufe0f"},"blablacar":{"count":"\u2705 1  \u0639\u062f\u062f","operator":"","amount":"7"},"blizzard":{"count":"\u2705 1000  \u0639\u062f\u062f","amount":"14.28","operator":""},"blockchain":{"count":"\u274c","operator":"virtual18","amount":"\u2757\ufe0f"},"burgerking":{"count":"\u2705 1  \u0639\u062f\u062f","operator":"virtual4","amount":"9"},"careem":{"count":"\u2705 1  \u0639\u062f\u062f","amount":"24","operator":""},"cdkeys":{"count":"\u2705 1  \u0639\u062f\u062f","operator":"virtual4","amount":"6"},"cekkazan":{"count":"\u274c","operator":"virtual4","amount":"\u2757\ufe0f"},"citymobil":{"count":"\u2705 1  \u0639\u062f\u062f","operator":"","amount":"7"},"clickentregas":{"count":"\u274c","operator":"","amount":"\u2757\ufe0f"},"coinbase":{"count":"\u2705 1  \u0639\u062f\u062f","amount":"20","operator":"virtual4"},"craigslist":{"count":"\u2705 1000  \u0639\u062f\u062f","amount":"23.15","operator":""},"deliveroo":{"count":"\u2705 1  \u0639\u062f\u062f","operator":"virtual23","amount":"6"},"delivery":{"count":"\u2705 1  \u0639\u062f\u062f","operator":"virtual23","amount":"7"},"dent":{"count":"\u2705 16983  \u0639\u062f\u062f","amount":"18.38","operator":"virtual23"},"didi":{"count":"\u2705 1  \u0639\u062f\u062f","operator":"virtual4","amount":"10"},"discord":{"count":"\u2705 1  \u0639\u062f\u062f","amount":"12","operator":""},"dixy":{"count":"\u274c","operator":"virtual4","amount":"\u2757\ufe0f"},"dodopizza":{"count":"\u2705 1  \u0639\u062f\u062f","operator":"virtual4","amount":"7"},"domdara":{"count":"\u274c","operator":"virtual4","amount":"\u2757\ufe0f"},"dostavista":{"count":"\u2705 1  \u0639\u062f\u062f","operator":"","amount":"6"},"douyu":{"count":"\u2705 1000  \u0639\u062f\u062f","amount":"28.3","operator":""},"drom":{"count":"\u2705 1  \u0639\u062f\u062f","operator":"virtual23","amount":"7"},"drugvokrug":{"count":"\u2705 1  \u0639\u062f\u062f","operator":"virtual23","amount":"8"},"dukascopy":{"count":"\u274c","operator":"","amount":"\u2757\ufe0f"},"ebay":{"count":"\u2705 1  \u0639\u062f\u062f","amount":"13","operator":""},"edgeless":{"count":"\u274c","operator":"virtual18","amount":"\u2757\ufe0f"},"electroneum":{"count":"\u274c","operator":"virtual23","amount":"\u2757\ufe0f"},"ezway":{"count":"\u274c","operator":"lycamobile","amount":"\u2757\ufe0f"},"facebook":{"count":"\u2705 1000  \u0639\u062f\u062f","amount":"12.3","operator":""},"fiverr":{"count":"\u274c","operator":"virtual4","amount":"\u2757\ufe0f"},"flipkart":{"count":"\u274c","operator":"virtual4","amount":"\u2757\ufe0f"},"foodpanda":{"count":"\u2705 1  \u0639\u062f\u062f","amount":"11","operator":""},"foody":{"count":"\u2705 1  \u0639\u062f\u062f","operator":"virtual18","amount":"10"},"forwarding":{"count":"\u274c","operator":"virtual23","amount":"\u2757\ufe0f"},"galaxy":{"count":"\u274c","operator":"virtual4","amount":"\u2757\ufe0f"},"gameflip":{"count":"\u274c","operator":"","amount":"\u2757\ufe0f"},"gcash":{"count":"\u274c","operator":"","amount":"\u2757\ufe0f"},"get":{"count":"\u274c","operator":"","amount":"\u2757\ufe0f"},"getir":{"count":"\u2705 1  \u0639\u062f\u062f","operator":"","amount":"9"},"gett":{"count":"\u2705 1  \u0639\u062f\u062f","operator":"","amount":"9"},"globus":{"count":"\u2705 1  \u0639\u062f\u062f","operator":"","amount":"8"},"glovo":{"count":"\u274c","operator":"","amount":"\u2757\ufe0f"},"google":{"count":"\u2705 1000  \u0639\u062f\u062f","amount":"13.5","operator":""},"grabtaxi":{"count":"\u2705 1  \u0639\u062f\u062f","operator":"virtual23","amount":"5"},"green":{"count":"\u274c","operator":"virtual23","amount":"\u2757\ufe0f"},"grindr":{"count":"\u2705 1  \u0639\u062f\u062f","operator":"virtual23","amount":"7"},"haraj":{"count":"\u2705 1  \u0639\u062f\u062f","amount":"36","operator":"virtual4"},"hezzl":{"count":"\u2705 1  \u0639\u062f\u062f","operator":"virtual4","amount":"9"},"hopi":{"count":"\u2705 1  \u0639\u062f\u062f","operator":"","amount":"6"},"hqtrivia":{"count":"\u2705 7923  \u0639\u062f\u062f","amount":"18.38","operator":""},"icard":{"count":"\u274c","operator":"virtual4","amount":"\u2757\ufe0f"},"icq":{"count":"\u2705 1  \u0639\u062f\u062f","operator":"","amount":"6"},"imo":{"count":"\u2705 1  \u0639\u062f\u062f","amount":"16","operator":""},"ininal":{"count":"\u2705 1  \u0639\u062f\u062f","operator":"virtual23","amount":"7"},"instagram":{"count":"\u2705 1000  \u0639\u062f\u062f","amount":"17.5","operator":""},"iost":{"count":"\u274c","operator":"virtual23","amount":"\u2757\ufe0f"},"jd":{"count":"\u2705 1000  \u0639\u062f\u062f","amount":"13.29","operator":""},"justdating":{"count":"\u2705 1  \u0639\u062f\u062f","operator":"virtual18","amount":"5"},"kakaotalk":{"count":"\u2705 1000  \u0639\u062f\u062f","operator":"lycamobile","amount":"21.25"},"keybase":{"count":"\u2705 17163  \u0639\u062f\u062f","operator":"virtual18","amount":"22.38"},"komandacard":{"count":"\u274c","operator":"virtual18","amount":"\u2757\ufe0f"},"kotak811":{"count":"\u2705 1  \u0639\u062f\u062f","operator":"virtual4","amount":"7"},"kufarby":{"count":"\u2705 1  \u0639\u062f\u062f","operator":"virtual4","amount":"8"},"kwai":{"count":"\u274c","operator":"virtual23","amount":"\u2757\ufe0f"},"lazada":{"count":"\u274c","operator":"virtual23","amount":"\u2757\ufe0f"},"lbry":{"count":"\u274c","operator":"virtual4","amount":"\u2757\ufe0f"},"lenta":{"count":"\u2705 1  \u0639\u062f\u062f","operator":"","amount":"8"},"lianxin":{"count":"\u274c","operator":"","amount":"\u2757\ufe0f"},"line":{"count":"\u2705 1  \u0639\u062f\u062f","amount":"10","operator":""},"linkedin":{"count":"\u274c","operator":"virtual18","amount":"\u2757\ufe0f"},"livescore":{"count":"\u2705 1  \u0639\u062f\u062f","operator":"virtual21","amount":"8"},"magnit":{"count":"\u2705 1  \u0639\u062f\u062f","operator":"virtual23","amount":"6"},"magnolia":{"count":"\u2705 1  \u0639\u062f\u062f","operator":"virtual4","amount":"10"},"mailru":{"count":"\u2705 1  \u0639\u062f\u062f","operator":"virtual4","amount":"8"},"mamba":{"count":"\u2705 1  \u0639\u062f\u062f","operator":"virtual4","amount":"9"},"mcdonalds":{"count":"\u2705 1  \u0639\u062f\u062f","operator":"","amount":"10"},"meetme":{"count":"\u274c","operator":"","amount":"\u2757\ufe0f"},"mega":{"count":"\u2705 1  \u0639\u062f\u062f","operator":"","amount":"5"},"mercado":{"count":"\u2705 1  \u0639\u062f\u062f","operator":"virtual4","amount":"7"},"michat":{"count":"\u2705 1  \u0639\u062f\u062f","amount":"17","operator":""},"microsoft":{"count":"\u2705 1000  \u0639\u062f\u062f","amount":"17.5","operator":""},"miratorg":{"count":"\u2705 1  \u0639\u062f\u062f","operator":"virtual18","amount":"7"},"mtscashback":{"count":"\u2705 1  \u0639\u062f\u062f","amount":"18","operator":"virtual21"},"nana":{"count":"\u274c","operator":"virtual4","amount":"\u2757\ufe0f"},"naver":{"count":"\u2705 1000  \u0639\u062f\u062f","amount":"10.73","operator":""},"netflix":{"count":"\u2705 1  \u0639\u062f\u062f","amount":"11","operator":""},"nhseven":{"count":"\u2705 1  \u0639\u062f\u062f","operator":"virtual21","amount":"9"},"nifty":{"count":"\u274c","operator":"virtual23","amount":"\u2757\ufe0f"},"nike":{"count":"\u2705 1  \u0639\u062f\u062f","amount":"11","operator":""},"nimses":{"count":"\u274c","operator":"virtual23","amount":"\u2757\ufe0f"},"nttgame":{"count":"\u2705 1  \u0639\u062f\u062f","amount":"10","operator":""},"odnoklassniki":{"count":"\u2705 1  \u0639\u062f\u062f","operator":"virtual23","amount":"6"},"offerup":{"count":"\u274c","operator":"virtual23","amount":"\u2757\ufe0f"},"okcupid":{"count":"\u274c","operator":"virtual21","amount":"\u2757\ufe0f"},"okey":{"count":"\u274c","operator":"virtual4","amount":"\u2757\ufe0f"},"olx":{"count":"\u2705 251  \u0639\u062f\u062f","amount":"18.38","operator":""},"openpoint":{"count":"\u274c","operator":"virtual21","amount":"\u2757\ufe0f"},"oraclecloud":{"count":"\u274c","operator":"virtual4","amount":"\u2757\ufe0f"},"other":{"count":"\u2705 1  \u0639\u062f\u062f","operator":"virtual4","amount":"20"},"ozon":{"count":"\u2705 1  \u0639\u062f\u062f","operator":"virtual23","amount":"8"},"pairs":{"count":"\u2705 1  \u0639\u062f\u062f","operator":"virtual4","amount":"9"},"papara":{"count":"\u2705 1  \u0639\u062f\u062f","amount":"20","operator":""},"paycell":{"count":"\u2705 16045  \u0639\u062f\u062f","amount":"22.38","operator":""},"paymaya":{"count":"\u274c","operator":"virtual4","amount":"\u2757\ufe0f"},"paypal":{"count":"\u2705 1  \u0639\u062f\u062f","operator":"virtual21","amount":"28"},"paysend":{"count":"\u2705 1  \u0639\u062f\u062f","operator":"virtual23","amount":"10"},"peoplecom":{"count":"\u274c","operator":"virtual4","amount":"\u2757\ufe0f"},"perekrestok":{"count":"\u2705 1  \u0639\u062f\u062f","operator":"virtual18","amount":"7"},"pof":{"count":"\u274c","operator":"virtual18","amount":"\u2757\ufe0f"},"pokec":{"count":"\u274c","operator":"virtual21","amount":"\u2757\ufe0f"},"pokermaster":{"count":"\u274c","operator":"virtual4","amount":"\u2757\ufe0f"},"potato":{"count":"\u2705 1  \u0639\u062f\u062f","operator":"","amount":"8"},"proton":{"count":"\u274c","operator":"","amount":"\u2757\ufe0f"},"protp":{"count":"\u2705 1  \u0639\u062f\u062f","operator":"","amount":"7"},"pubg":{"count":"\u274c","operator":"virtual23","amount":"\u2757\ufe0f"},"pyaterochka":{"count":"\u2705 1  \u0639\u062f\u062f","operator":"","amount":"10"},"qiwiwallet":{"count":"\u274c","operator":"","amount":"\u2757\ufe0f"},"quioo":{"count":"\u274c","operator":"","amount":"\u2757\ufe0f"},"quipp":{"count":"\u2705 1  \u0639\u062f\u062f","operator":"","amount":"6"},"reuse":{"count":"\u274c","operator":"","amount":"\u2757\ufe0f"},"ripkord":{"count":"\u274c","operator":"","amount":"\u2757\ufe0f"},"samokat":{"count":"\u2705 1  \u0639\u062f\u062f","operator":"","amount":"5"},"seosprint":{"count":"\u2705 1  \u0639\u062f\u062f","operator":"","amount":"9"},"sheerid":{"count":"\u2705 1  \u0639\u062f\u062f","operator":"","amount":"10"},"shopee":{"count":"\u2705 1  \u0639\u062f\u062f","amount":"17","operator":""},"signal":{"count":"\u274c","operator":"virtual4","amount":"\u2757\ufe0f"},"sikayetvar":{"count":"\u2705 1  \u0639\u062f\u062f","operator":"virtual18","amount":"9"},"skout":{"count":"\u2705 1  \u0639\u062f\u062f","amount":"12","operator":""},"snapchat":{"count":"\u2705 16193  \u0639\u062f\u062f","amount":"21","operator":""},"steam":{"count":"\u2705 1  \u0639\u062f\u062f","amount":"11","operator":""},"swvl":{"count":"\u2705 1  \u0639\u062f\u062f","operator":"virtual18","amount":"10"},"taksheel":{"count":"\u274c","operator":"virtual18","amount":"\u2757\ufe0f"},"tango":{"count":"\u2705 1  \u0639\u062f\u062f","operator":"virtual4","amount":"9"},"tantan":{"count":"\u274c","operator":"virtual23","amount":"\u2757\ufe0f"},"taobao":{"count":"\u274c","operator":"virtual23","amount":"\u2757\ufe0f"},"telegram":{"count":"\u2705 1000  \u0639\u062f\u062f","amount":"17.5","operator":""},"tencentqq":{"count":"\u274c","operator":"virtual18","amount":"\u2757\ufe0f"},"tiktok":{"count":"\u2705 1  \u0639\u062f\u062f","amount":"12","operator":""},"tinder":{"count":"\u2705 1000  \u0639\u062f\u062f","amount":"11.69","operator":""},"tosla":{"count":"\u2705 1  \u0639\u062f\u062f","operator":"virtual23","amount":"9"},"totalcoin":{"count":"\u274c","operator":"virtual23","amount":"\u2757\ufe0f"},"touchance":{"count":"\u2705 1  \u0639\u062f\u062f","operator":"virtual23","amount":"8"},"trendyol":{"count":"\u2705 1  \u0639\u062f\u062f","operator":"virtual23","amount":"8"},"truecaller":{"count":"\u2705 1  \u0639\u062f\u062f","amount":"16","operator":"virtual23"},"twitter":{"count":"\u2705 1  \u0639\u062f\u062f","amount":"12","operator":""},"uber":{"count":"\u2705 1  \u0639\u062f\u062f","amount":"12","operator":""},"uploaded":{"count":"\u274c","operator":"virtual23","amount":"\u2757\ufe0f"},"vernyi":{"count":"\u274c","operator":"virtual23","amount":"\u2757\ufe0f"},"viber":{"count":"\u2705 10712  \u0639\u062f\u062f","amount":"18.38","operator":""},"vkontakte":{"count":"\u274c","operator":"virtual18","amount":"\u2757\ufe0f"},"voopee":{"count":"\u274c","operator":"virtual23","amount":"\u2757\ufe0f"},"wechat":{"count":"\u274c","operator":"virtual23","amount":"\u2757\ufe0f"},"weibo":{"count":"\u2705 1  \u0639\u062f\u062f","amount":"14","operator":"virtual23"},"weku":{"count":"\u274c","operator":"virtual4","amount":"\u2757\ufe0f"},"whatsapp":{"count":"\u274c","operator":"virtual23","amount":"\u2757\ufe0f"},"winston":{"count":"\u274c","operator":"virtual18","amount":"\u2757\ufe0f"},"wish":{"count":"\u2705 1  \u0639\u062f\u062f","operator":"virtual23","amount":"10"},"yahoo":{"count":"\u2705 1000  \u0639\u062f\u062f","amount":"17.5","operator":""},"yalla":{"count":"\u274c","operator":"virtual18","amount":"\u2757\ufe0f"},"yandex":{"count":"\u2705 1  \u0639\u062f\u062f","amount":"12","operator":"virtual23"},"yemeksepeti":{"count":"\u2705 1  \u0639\u062f\u062f","operator":"virtual4","amount":"9"},"youdo":{"count":"\u274c","operator":"virtual4","amount":"\u2757\ufe0f"},"youla":{"count":"\u2705 1  \u0639\u062f\u062f","operator":"virtual23","amount":"8"},"zalo":{"count":"\u2705 1  \u0639\u062f\u062f","operator":"virtual4","amount":"5"},"zoho":{"count":"\u2705 1  \u0639\u062f\u062f","amount":"14","operator":""},"digikala":{"count":"\u2705 1  \u0639\u062f\u062f","operator":"virtual4","amount":"8"},"divar":{"count":"\u2705 1  \u0639\u062f\u062f","operator":"virtual23","amount":"10"},"hamrahaval":{"count":"\u2705 1  \u0639\u062f\u062f","operator":"virtual4","amount":"6"},"irancell":{"count":"\u2705 1  \u0639\u062f\u062f","operator":"virtual4","amount":"5"},"zomato":{"count":"\u2705 1000  \u0639\u062f\u062f","amount":"12.5","operator":""}}