{"whatsapp":{"operator":"virtual23|virtual4|virtual18||","count":"\u2705 1000  \u0639\u062f\u062f","amount":"3.75"},"nttgame":{"count":"\u2705 1000  \u0639\u062f\u062f","amount":"16","operator":""},"odnoklassniki":{"count":"\u2705 78  \u0639\u062f\u062f","amount":"3","operator":""},"offerup":{"count":"\u274c","operator":"virtual23","amount":"\u2757\ufe0f"},"okcupid":{"count":"\u274c","operator":"virtual21","amount":"\u2757\ufe0f"},"okey":{"count":"\u274c","operator":"virtual4","amount":"\u2757\ufe0f"},"olx":{"count":"\u2705 81  \u0639\u062f\u062f","amount":"11","operator":""},"openpoint":{"count":"\u274c","operator":"virtual4","amount":"\u2757\ufe0f"},"oraclecloud":{"count":"\u274c","operator":"virtual4","amount":"\u2757\ufe0f"},"other":{"count":"\u2705 81  \u0639\u062f\u062f","amount":"10","operator":""},"ozon":{"count":"\u2705 81  \u0639\u062f\u062f","amount":"5","operator":""},"pairs":{"count":"\u2705 81  \u0639\u062f\u062f","amount":"5","operator":""},"papara":{"count":"\u2705 81  \u0639\u062f\u062f","amount":"26","operator":""},"paycell":{"count":"\u2705 81  \u0639\u062f\u062f","amount":"18","operator":""},"paymaya":{"count":"\u274c","operator":"virtual4","amount":"\u2757\ufe0f"},"paypal":{"count":"\u2705 64  \u0639\u062f\u062f","amount":"30","operator":"virtual2"},"paysend":{"count":"\u2705 81  \u0639\u062f\u062f","amount":"8","operator":"virtual4"},"peoplecom":{"count":"\u274c","operator":"virtual4","amount":"\u2757\ufe0f"},"perekrestok":{"count":"\u2705 81  \u0639\u062f\u062f","amount":"9","operator":""},"pof":{"count":"\u2705 81  \u0639\u062f\u062f","amount":"10","operator":""},"pokec":{"count":"\u274c","operator":"virtual18","amount":"\u2757\ufe0f"},"pokermaster":{"count":"\u274c","operator":"virtual4","amount":"\u2757\ufe0f"},"potato":{"count":"\u2705 81  \u0639\u062f\u062f","amount":"9","operator":""},"proton":{"count":"\u274c","operator":"","amount":"\u2757\ufe0f"},"protp":{"count":"\u2705 81  \u0639\u062f\u062f","amount":"5","operator":""},"pubg":{"count":"\u274c","operator":"virtual23","amount":"\u2757\ufe0f"},"pyaterochka":{"count":"\u2705 81  \u0639\u062f\u062f","amount":"8","operator":""},"qiwiwallet":{"count":"\u2705 81  \u0639\u062f\u062f","amount":"7","operator":""},"quioo":{"count":"\u274c","operator":"","amount":"\u2757\ufe0f"},"quipp":{"count":"\u2705 81  \u0639\u062f\u062f","amount":"6","operator":""},"reuse":{"count":"\u274c","operator":"","amount":"\u2757\ufe0f"},"ripkord":{"count":"\u274c","operator":"","amount":"\u2757\ufe0f"},"samokat":{"count":"\u2705 81  \u0639\u062f\u062f","amount":"6","operator":""},"seosprint":{"count":"\u2705 81  \u0639\u062f\u062f","amount":"9","operator":""},"sheerid":{"count":"\u2705 81  \u0639\u062f\u062f","amount":"8","operator":""},"shopee":{"count":"\u2705 1000  \u0639\u062f\u062f","amount":"27","operator":""},"signal":{"count":"\u274c","operator":"virtual4","amount":"\u2757\ufe0f"},"sikayetvar":{"count":"\u2705 81  \u0639\u062f\u062f","amount":"8","operator":"virtual18"},"skout":{"count":"\u2705 81  \u0639\u062f\u062f","amount":"8","operator":""},"snapchat":{"count":"\u2705 11866  \u0639\u062f\u062f","amount":"21","operator":""},"steam":{"count":"\u2705 79  \u0639\u062f\u062f","amount":"11","operator":""},"swvl":{"count":"\u2705 81  \u0639\u062f\u062f","amount":"8","operator":"virtual23"},"taksheel":{"count":"\u274c","operator":"virtual23","amount":"\u2757\ufe0f"},"tango":{"count":"\u2705 81  \u0639\u062f\u062f","amount":"6","operator":""},"tantan":{"count":"\u274c","operator":"virtual21","amount":"\u2757\ufe0f"},"taobao":{"count":"\u2705 1000  \u0639\u062f\u062f","amount":"13.75","operator":""},"telegram":{"count":"\u2705 1000  \u0639\u062f\u062f","amount":"13.82","operator":"virtual21|virtual18|||"},"tencentqq":{"count":"\u2705 80  \u0639\u062f\u062f","amount":"7","operator":"virtual18"},"tiktok":{"count":"\u2705 4  \u0639\u062f\u062f","amount":"1","operator":"virtual21"},"tinder":{"count":"\u2705 1000  \u0639\u062f\u062f","amount":"12","operator":""},"tosla":{"count":"\u2705 81  \u0639\u062f\u062f","amount":"6","operator":"virtual4"},"totalcoin":{"count":"\u274c","operator":"virtual23","amount":"\u2757\ufe0f"},"touchance":{"count":"\u2705 81  \u0639\u062f\u062f","amount":"6","operator":"virtual23"},"trendyol":{"count":"\u2705 81  \u0639\u062f\u062f","amount":"8","operator":"virtual2"},"truecaller":{"count":"\u2705 81  \u0639\u062f\u062f","amount":"16","operator":""},"twitter":{"count":"\u2705 39  \u0639\u062f\u062f","amount":"6","operator":""},"uber":{"count":"\u2705 76  \u0639\u062f\u062f","amount":"12","operator":""},"uploaded":{"count":"\u274c","operator":"virtual23","amount":"\u2757\ufe0f"},"vernyi":{"count":"\u274c","operator":"virtual4","amount":"\u2757\ufe0f"},"viber":{"count":"\u2705 1000  \u0639\u062f\u062f","amount":"3.63","operator":"virtual23|virtual4|virtual21|virtual18|"},"vkontakte":{"count":"\u2705 1000  \u0639\u062f\u062f","amount":"3","operator":""},"voopee":{"count":"\u274c","operator":"virtual23","amount":"\u2757\ufe0f"},"wechat":{"count":"\u274c","amount":"\u2757\ufe0f","operator":"virtual23"},"weibo":{"count":"\u2705 80  \u0639\u062f\u062f","amount":"14","operator":""},"weku":{"count":"\u274c","operator":"virtual4","amount":"\u2757\ufe0f"},"winston":{"count":"\u274c","operator":"virtual23","amount":"\u2757\ufe0f"},"wish":{"count":"\u2705 80  \u0639\u062f\u062f","amount":"11","operator":""},"yahoo":{"count":"\u2705 8  \u0639\u062f\u062f","amount":"4","operator":""},"yalla":{"count":"\u274c","operator":"virtual18","amount":"\u2757\ufe0f"},"yandex":{"count":"\u2705 81  \u0639\u062f\u062f","amount":"12","operator":""},"yemeksepeti":{"count":"\u2705 81  \u0639\u062f\u062f","amount":"5","operator":"virtual4"},"youdo":{"count":"\u274c","operator":"virtual4","amount":"\u2757\ufe0f"},"youla":{"count":"\u2705 81  \u0639\u062f\u062f","amount":"5","operator":""},"zalo":{"count":"\u2705 51  \u0639\u062f\u062f","amount":"3","operator":""},"zoho":{"count":"\u2705 81  \u0639\u062f\u062f","amount":"13","operator":""},"digikala":{"count":"\u2705 81  \u0639\u062f\u062f","amount":"5","operator":"virtual21||||"},"divar":{"count":"\u2705 81  \u0639\u062f\u062f","amount":"8","operator":""},"hamrahaval":{"count":"\u2705 81  \u0639\u062f\u062f","amount":"5","operator":""},"irancell":{"count":"\u2705 81  \u0639\u062f\u062f","amount":"5","operator":""},"zomato":{"count":"\u2705 1000  \u0639\u062f\u062f","amount":"12.5","operator":""},"1688":{"count":"\u2705 1000  \u0639\u062f\u062f","amount":"19","operator":""},"1xbet":{"count":"\u2705 1000  \u0639\u062f\u062f","amount":"23","operator":""},"23red":{"count":"\u274c","operator":"virtual21","amount":"\u2757\ufe0f"},"ace2three":{"count":"\u274c","operator":"virtual23","amount":"\u2757\ufe0f"},"adidas":{"count":"\u2705 81  \u0639\u062f\u062f","amount":"8","operator":""},"airbnb":{"count":"\u2705 13967  \u0639\u062f\u062f","amount":"23.63","operator":""},"airtel":{"count":"\u2705 81  \u0639\u062f\u062f","amount":"5","operator":"virtual4"},"akelni":{"count":"\u274c","operator":"virtual4","amount":"\u2757\ufe0f"},"alibaba":{"count":"\u2705 1000  \u0639\u062f\u062f","amount":"17.09","operator":""},"aliexpress":{"count":"\u2705 11  \u0639\u062f\u062f","amount":"1.9","operator":""},"alipay":{"count":"\u2705 74  \u0639\u062f\u062f","amount":"8","operator":"virtual23"},"amasia":{"count":"\u2705 81  \u0639\u062f\u062f","amount":"7","operator":"virtual4"},"amazon":{"count":"\u2705 53  \u0639\u062f\u062f","amount":"10","operator":""},"aol":{"count":"\u2705 81  \u0639\u062f\u062f","amount":"13","operator":""},"avito":{"count":"\u2705 81  \u0639\u062f\u062f","amount":"6","operator":"virtual2"},"azino":{"count":"\u274c","operator":"virtual4","amount":"\u2757\ufe0f"},"b4ucabs":{"count":"\u274c","operator":"virtual4","amount":"\u2757\ufe0f"},"bigcash":{"count":"\u274c","operator":"virtual4","amount":"\u2757\ufe0f"},"bigolive":{"count":"\u2705 81  \u0639\u062f\u062f","amount":"6","operator":""},"bitclout":{"count":"\u274c","operator":"","amount":"\u2757\ufe0f"},"bittube":{"count":"\u274c","operator":"","amount":"\u2757\ufe0f"},"blablacar":{"count":"\u2705 81  \u0639\u062f\u062f","amount":"6","operator":""},"blizzard":{"count":"\u2705 77  \u0639\u062f\u062f","amount":"10","operator":""},"blockchain":{"count":"\u274c","operator":"virtual23","amount":"\u2757\ufe0f"},"burgerking":{"count":"\u2705 81  \u0639\u062f\u062f","amount":"8","operator":"virtual4"},"careem":{"count":"\u2705 81  \u0639\u062f\u062f","amount":"8","operator":""},"cdkeys":{"count":"\u2705 81  \u0639\u062f\u062f","amount":"8","operator":""},"cekkazan":{"count":"\u274c","operator":"virtual4","amount":"\u2757\ufe0f"},"citymobil":{"count":"\u2705 81  \u0639\u062f\u062f","amount":"8","operator":""},"clickentregas":{"count":"\u274c","operator":"","amount":"\u2757\ufe0f"},"coinbase":{"count":"\u2705 81  \u0639\u062f\u062f","amount":"22","operator":""},"craigslist":{"count":"\u2705 16436  \u0639\u062f\u062f","amount":"26.25","operator":""},"deliveroo":{"count":"\u2705 79  \u0639\u062f\u062f","amount":"5","operator":"virtual23"},"delivery":{"count":"\u2705 81  \u0639\u062f\u062f","amount":"7","operator":"virtual4"},"dent":{"count":"\u2705 81  \u0639\u062f\u062f","amount":"2","operator":""},"didi":{"count":"\u2705 81  \u0639\u062f\u062f","amount":"5","operator":""},"discord":{"count":"\u2705 1000  \u0639\u062f\u062f","amount":"1.25","operator":""},"dixy":{"count":"\u274c","operator":"virtual4","amount":"\u2757\ufe0f"},"dodopizza":{"count":"\u2705 81  \u0639\u062f\u062f","amount":"8","operator":""},"domdara":{"count":"\u274c","operator":"virtual4","amount":"\u2757\ufe0f"},"dostavista":{"count":"\u2705 81  \u0639\u062f\u062f","amount":"8","operator":""},"douyu":{"count":"\u2705 1000  \u0639\u062f\u062f","amount":"28.3","operator":""},"drom":{"count":"\u2705 81  \u0639\u062f\u062f","amount":"7","operator":"virtual23"},"drugvokrug":{"count":"\u2705 81  \u0639\u062f\u062f","amount":"7","operator":""},"dukascopy":{"count":"\u274c","operator":"","amount":"\u2757\ufe0f"},"ebay":{"count":"\u2705 1000  \u0639\u062f\u062f","amount":"9.5","operator":""},"edgeless":{"count":"\u274c","operator":"virtual18","amount":"\u2757\ufe0f"},"electroneum":{"count":"\u274c","operator":"virtual23","amount":"\u2757\ufe0f"},"ezway":{"count":"\u274c","operator":"virtual4","amount":"\u2757\ufe0f"},"facebook":{"count":"\u2705 1000  \u0639\u062f\u062f","amount":"2.5","operator":""},"fiverr":{"count":"\u274c","operator":"virtual23","amount":"\u2757\ufe0f"},"flipkart":{"count":"\u274c","operator":"virtual4","amount":"\u2757\ufe0f"},"foodpanda":{"count":"\u2705 1000  \u0639\u062f\u062f","amount":"11.38","operator":""},"foody":{"count":"\u2705 81  \u0639\u062f\u062f","amount":"7","operator":"virtual18"},"forwarding":{"count":"\u274c","operator":"virtual23","amount":"\u2757\ufe0f"},"galaxy":{"count":"\u274c","operator":"virtual4","amount":"\u2757\ufe0f"},"gameflip":{"count":"\u274c","operator":"","amount":"\u2757\ufe0f"},"gcash":{"count":"\u274c","operator":"","amount":"\u2757\ufe0f"},"get":{"count":"\u274c","operator":"","amount":"\u2757\ufe0f"},"getir":{"count":"\u2705 81  \u0639\u062f\u062f","amount":"6","operator":""},"gett":{"count":"\u2705 81  \u0639\u062f\u062f","amount":"7","operator":""},"globus":{"count":"\u2705 81  \u0639\u062f\u062f","amount":"5","operator":""},"glovo":{"count":"\u274c","operator":"","amount":"\u2757\ufe0f"},"google":{"count":"\u2705 3  \u0639\u062f\u062f","amount":"5","operator":"virtual21|virtual23|virtual4|virtual18|"},"grabtaxi":{"count":"\u2705 78  \u0639\u062f\u062f","amount":"8","operator":"virtual4"},"green":{"count":"\u274c","operator":"virtual23","amount":"\u2757\ufe0f"},"grindr":{"count":"\u2705 81  \u0639\u062f\u062f","amount":"11","operator":""},"haraj":{"count":"\u2705 81  \u0639\u062f\u062f","amount":"36","operator":""},"hezzl":{"count":"\u2705 81  \u0639\u062f\u062f","amount":"7","operator":""},"hopi":{"count":"\u2705 81  \u0639\u062f\u062f","amount":"6","operator":""},"hqtrivia":{"count":"\u2705 77  \u0639\u062f\u062f","amount":"1","operator":""},"icard":{"count":"\u274c","operator":"virtual4","amount":"\u2757\ufe0f"},"icq":{"count":"\u2705 81  \u0639\u062f\u062f","amount":"5","operator":""},"imo":{"count":"\u2705 25  \u0639\u062f\u062f","amount":"1","operator":""},"ininal":{"count":"\u2705 81  \u0639\u062f\u062f","amount":"8","operator":""},"instagram":{"count":"\u2705 16956  \u0639\u062f\u062f","amount":"0.95","operator":"virtual4|virtual21|virtual23|virtual18|"},"iost":{"count":"\u274c","operator":"virtual23","amount":"\u2757\ufe0f"},"jd":{"count":"\u2705 11  \u0639\u062f\u062f","amount":"8","operator":""},"justdating":{"count":"\u2705 81  \u0639\u062f\u062f","amount":"6","operator":"virtual23"},"kakaotalk":{"count":"\u2705 1000  \u0639\u062f\u062f","amount":"15","operator":"lycamobile"},"keybase":{"count":"\u2705 81  \u0639\u062f\u062f","amount":"14","operator":""},"komandacard":{"count":"\u274c","operator":"virtual23","amount":"\u2757\ufe0f"},"kotak811":{"count":"\u2705 81  \u0639\u062f\u062f","amount":"8","operator":"virtual18"},"kufarby":{"count":"\u2705 81  \u0639\u062f\u062f","amount":"9","operator":"virtual4"},"kwai":{"count":"\u274c","operator":"virtual23","amount":"\u2757\ufe0f"},"lazada":{"count":"\u274c","operator":"virtual23","amount":"\u2757\ufe0f"},"lbry":{"count":"\u274c","operator":"virtual4","amount":"\u2757\ufe0f"},"lenta":{"count":"\u2705 81  \u0639\u062f\u062f","amount":"6","operator":""},"lianxin":{"count":"\u274c","operator":"","amount":"\u2757\ufe0f"},"line":{"count":"\u2705 61  \u0639\u062f\u062f","amount":"6","operator":""},"linkedin":{"count":"\u274c","operator":"virtual18","amount":"\u2757\ufe0f"},"livescore":{"count":"\u2705 81  \u0639\u062f\u062f","amount":"5","operator":"virtual23"},"magnit":{"count":"\u2705 81  \u0639\u062f\u062f","amount":"9","operator":"virtual4"},"magnolia":{"count":"\u2705 81  \u0639\u062f\u062f","amount":"7","operator":""},"mailru":{"count":"\u2705 81  \u0639\u062f\u062f","amount":"5","operator":""},"mamba":{"count":"\u2705 81  \u0639\u062f\u062f","amount":"9","operator":""},"mcdonalds":{"count":"\u2705 81  \u0639\u062f\u062f","amount":"5","operator":""},"meetme":{"count":"\u274c","operator":"","amount":"\u2757\ufe0f"},"mega":{"count":"\u2705 81  \u0639\u062f\u062f","amount":"5","operator":""},"mercado":{"count":"\u2705 81  \u0639\u062f\u062f","amount":"8","operator":""},"michat":{"count":"\u2705 81  \u0639\u062f\u062f","amount":"17","operator":""},"microsoft":{"count":"\u2705 1000  \u0639\u062f\u062f","amount":"4.38","operator":""},"miratorg":{"count":"\u2705 81  \u0639\u062f\u062f","amount":"7","operator":"virtual23"},"mtscashback":{"count":"\u274c","operator":"virtual23","amount":"\u2757\ufe0f"},"nana":{"count":"\u274c","operator":"virtual4","amount":"\u2757\ufe0f"},"naver":{"count":"\u2705 1000  \u0639\u062f\u062f","amount":"14","operator":""},"netflix":{"count":"\u2705 79  \u0639\u062f\u062f","amount":"8","operator":""},"nhseven":{"count":"\u2705 81  \u0639\u062f\u062f","amount":"6","operator":"virtual23"},"nifty":{"count":"\u274c","operator":"virtual23","amount":"\u2757\ufe0f"},"nike":{"count":"\u2705 1000  \u0639\u062f\u062f","amount":"10","operator":""},"nimses":{"count":"\u274c","operator":"virtual23","amount":"\u2757\ufe0f"},"":{"operator":"||||"}}