{"1688":{"count":"\u2705 260009  \u0639\u062f\u062f","amount":"6","operator":""},"1xbet":{"count":"\u2705 1000  \u0639\u062f\u062f","amount":"24","operator":""},"23red":{"count":"\u274c","operator":"virtual23","amount":"\u2757\ufe0f"},"ace2three":{"count":"\u274c","operator":"virtual23","amount":"\u2757\ufe0f"},"adidas":{"count":"\u2705 3  \u0639\u062f\u062f","amount":"9","operator":""},"airbnb":{"count":"\u2705 260545  \u0639\u062f\u062f","amount":"1.75","operator":""},"airtel":{"count":"\u2705 6  \u0639\u062f\u062f","amount":"5","operator":"virtual4"},"akelni":{"count":"\u274c","operator":"virtual4","amount":"\u2757\ufe0f"},"alibaba":{"count":"\u2705 259908  \u0639\u062f\u062f","amount":"8","operator":""},"aliexpress":{"count":"\u2705 1000  \u0639\u062f\u062f","amount":"25","operator":"virtual4"},"alipay":{"count":"\u274c","amount":"\u2757\ufe0f","operator":"virtual23"},"amasia":{"count":"\u2705 6  \u0639\u062f\u062f","amount":"8","operator":"virtual23"},"amazon":{"count":"\u2705 3422  \u0639\u062f\u062f","amount":"3","operator":""},"aol":{"count":"\u2705 259730  \u0639\u062f\u062f","amount":"0.75","operator":""},"avito":{"count":"\u2705 5  \u0639\u062f\u062f","amount":"10","operator":"virtual4"},"azino":{"count":"\u274c","operator":"virtual21","amount":"\u2757\ufe0f"},"b4ucabs":{"count":"\u274c","operator":"virtual4","amount":"\u2757\ufe0f"},"bigcash":{"count":"\u274c","operator":"virtual4","amount":"\u2757\ufe0f"},"bigolive":{"count":"\u2705 3  \u0639\u062f\u062f","amount":"5","operator":"virtual18"},"bitclout":{"count":"\u2705 218011  \u0639\u062f\u062f","amount":"7","operator":""},"bittube":{"count":"\u274c","operator":"","amount":"\u2757\ufe0f"},"blablacar":{"count":"\u2705 6  \u0639\u062f\u062f","amount":"9","operator":""},"blizzard":{"count":"\u2705 1000  \u0639\u062f\u062f","amount":"11.76","operator":""},"blockchain":{"count":"\u274c","operator":"virtual23","amount":"\u2757\ufe0f"},"burgerking":{"count":"\u2705 6  \u0639\u062f\u062f","amount":"8","operator":"virtual4"},"careem":{"count":"\u2705 260431  \u0639\u062f\u062f","amount":"1.75","operator":""},"cdkeys":{"count":"\u2705 6  \u0639\u062f\u062f","amount":"8","operator":""},"cekkazan":{"count":"\u274c","operator":"virtual4","amount":"\u2757\ufe0f"},"citymobil":{"count":"\u2705 1  \u0639\u062f\u062f","amount":"2","operator":""},"clickentregas":{"count":"\u274c","operator":"","amount":"\u2757\ufe0f"},"coinbase":{"count":"\u2705 3  \u0639\u062f\u062f","amount":"24","operator":""},"craigslist":{"count":"\u2705 260553  \u0639\u062f\u062f","amount":"4","operator":""},"deliveroo":{"count":"\u2705 4  \u0639\u062f\u062f","amount":"7","operator":"virtual18"},"delivery":{"count":"\u2705 4599  \u0639\u062f\u062f","amount":"1.75","operator":""},"dent":{"count":"\u2705 260553  \u0639\u062f\u062f","amount":"1","operator":""},"didi":{"count":"\u274c","amount":"\u2757\ufe0f","operator":"virtual4"},"discord":{"count":"\u2705 200553  \u0639\u062f\u062f","amount":"1.5","operator":"virtual4"},"dixy":{"count":"\u274c","operator":"virtual4","amount":"\u2757\ufe0f"},"dodopizza":{"count":"\u2705 6  \u0639\u062f\u062f","amount":"8","operator":""},"domdara":{"count":"\u274c","operator":"virtual4","amount":"\u2757\ufe0f"},"dostavista":{"count":"\u2705 6  \u0639\u062f\u062f","amount":"6","operator":""},"douyu":{"count":"\u2705 1000  \u0639\u062f\u062f","amount":"28.3","operator":""},"drom":{"count":"\u2705 6  \u0639\u062f\u062f","amount":"7","operator":"virtual23"},"drugvokrug":{"count":"\u2705 260553  \u0639\u062f\u062f","amount":"0.75","operator":""},"dukascopy":{"count":"\u274c","operator":"","amount":"\u2757\ufe0f"},"ebay":{"count":"\u2705 1000  \u0639\u062f\u062f","amount":"14.78","operator":""},"edgeless":{"count":"\u274c","operator":"virtual18","amount":"\u2757\ufe0f"},"electroneum":{"count":"\u274c","operator":"virtual23","amount":"\u2757\ufe0f"},"ezway":{"count":"\u274c","operator":"","amount":"\u2757\ufe0f"},"facebook":{"count":"\u2705 1000  \u0639\u062f\u062f","amount":"5.63","operator":"virtual23|virtual4|virtual18||"},"fiverr":{"count":"\u274c","operator":"virtual23","amount":"\u2757\ufe0f"},"flipkart":{"count":"\u274c","operator":"virtual4","amount":"\u2757\ufe0f"},"foodpanda":{"count":"\u2705 1  \u0639\u062f\u062f","amount":"11","operator":"virtual21"},"foody":{"count":"\u2705 6  \u0639\u062f\u062f","amount":"6","operator":"virtual18"},"forwarding":{"count":"\u274c","operator":"virtual23","amount":"\u2757\ufe0f"},"galaxy":{"count":"\u274c","operator":"virtual4","amount":"\u2757\ufe0f"},"gameflip":{"count":"\u274c","operator":"","amount":"\u2757\ufe0f"},"gcash":{"count":"\u274c","operator":"","amount":"\u2757\ufe0f"},"get":{"count":"\u274c","operator":"","amount":"\u2757\ufe0f"},"getir":{"count":"\u2705 6  \u0639\u062f\u062f","amount":"9","operator":""},"gett":{"count":"\u2705 260553  \u0639\u062f\u062f","amount":"0.75","operator":""},"globus":{"count":"\u2705 6  \u0639\u062f\u062f","amount":"6","operator":""},"glovo":{"count":"\u274c","operator":"","amount":"\u2757\ufe0f"},"google":{"count":"\u2705 32873  \u0639\u062f\u062f","amount":"26.25","operator":"virtual8|virtual18|virtual23|virtual4|"},"grabtaxi":{"count":"\u2705 6  \u0639\u062f\u062f","amount":"5","operator":"virtual4"},"green":{"count":"\u274c","operator":"virtual23","amount":"\u2757\ufe0f"},"grindr":{"count":"\u2705 244855  \u0639\u062f\u062f","amount":"1.5","operator":"virtual4"},"haraj":{"count":"\u2705 6  \u0639\u062f\u062f","amount":"36","operator":""},"hezzl":{"count":"\u2705 5  \u0639\u062f\u062f","amount":"7","operator":""},"hopi":{"count":"\u2705 6  \u0639\u062f\u062f","amount":"8","operator":""},"hqtrivia":{"count":"\u2705 260550  \u0639\u062f\u062f","amount":"1","operator":""},"icard":{"count":"\u274c","operator":"virtual21","amount":"\u2757\ufe0f"},"icq":{"count":"\u2705 260551  \u0639\u062f\u062f","amount":"1.75","operator":""},"imo":{"count":"\u2705 260393  \u0639\u062f\u062f","amount":"3","operator":"virtual12|virtual21|virtual8|virtual23|"},"ininal":{"count":"\u2705 6  \u0639\u062f\u062f","amount":"9","operator":""},"instagram":{"count":"\u2705 1000  \u0639\u062f\u062f","amount":"4.63","operator":"virtual8|virtual23|virtual4|virtual18|"},"iost":{"count":"\u274c","operator":"virtual23","amount":"\u2757\ufe0f"},"jd":{"count":"\u2705 1352  \u0639\u062f\u062f","amount":"7","operator":""},"justdating":{"count":"\u2705 6  \u0639\u062f\u062f","amount":"9","operator":"virtual23"},"kakaotalk":{"count":"\u2705 1000  \u0639\u062f\u062f","amount":"22","operator":"lycamobile"},"keybase":{"count":"\u2705 6  \u0639\u062f\u062f","amount":"13","operator":""},"komandacard":{"count":"\u274c","operator":"virtual23","amount":"\u2757\ufe0f"},"kotak811":{"count":"\u2705 6  \u0639\u062f\u062f","amount":"6","operator":"virtual18"},"kufarby":{"count":"\u2705 6  \u0639\u062f\u062f","amount":"10","operator":"virtual4"},"kwai":{"count":"\u274c","operator":"virtual23","amount":"\u2757\ufe0f"},"lazada":{"count":"\u274c","operator":"virtual23","amount":"\u2757\ufe0f"},"lbry":{"count":"\u274c","operator":"","amount":"\u2757\ufe0f"},"lenta":{"count":"\u2705 6  \u0639\u062f\u062f","amount":"10","operator":""},"lianxin":{"count":"\u274c","operator":"","amount":"\u2757\ufe0f"},"line":{"count":"\u2705 241541  \u0639\u062f\u062f","amount":"1","operator":"virtual12|virtual8|virtual18|virtual23|"},"linkedin":{"count":"\u2705 259525  \u0639\u062f\u062f","amount":"0.75","operator":""},"livescore":{"count":"\u2705 6  \u0639\u062f\u062f","amount":"10","operator":"virtual23"},"magnit":{"count":"\u2705 260553  \u0639\u062f\u062f","amount":"2","operator":""},"magnolia":{"count":"\u2705 6  \u0639\u062f\u062f","amount":"9","operator":""},"mailru":{"count":"\u2705 2  \u0639\u062f\u062f","amount":"2","operator":""},"mamba":{"count":"\u2705 260416  \u0639\u062f\u062f","amount":"0.75","operator":""},"mcdonalds":{"count":"\u2705 6  \u0639\u062f\u062f","amount":"7","operator":""},"meetme":{"count":"\u274c","operator":"","amount":"\u2757\ufe0f"},"mega":{"count":"\u2705 260553  \u0639\u062f\u062f","amount":"1.75","operator":""},"mercado":{"count":"\u2705 6  \u0639\u062f\u062f","amount":"8","operator":""},"michat":{"count":"\u2705 260553  \u0639\u062f\u062f","amount":"2","operator":""},"microsoft":{"count":"\u2705 228985  \u0639\u062f\u062f","amount":"4","operator":"virtual4"},"miratorg":{"count":"\u2705 6  \u0639\u062f\u062f","amount":"6","operator":"virtual23"},"mtscashback":{"count":"\u274c","operator":"virtual23","amount":"\u2757\ufe0f"},"nana":{"count":"\u274c","operator":"virtual4","amount":"\u2757\ufe0f"},"naver":{"count":"\u2705 2207  \u0639\u062f\u062f","amount":"1.75","operator":""},"netflix":{"count":"\u2705 5  \u0639\u062f\u062f","amount":"8","operator":"virtual18"},"nhseven":{"count":"\u2705 6  \u0639\u062f\u062f","amount":"5","operator":"virtual23"},"nifty":{"count":"\u274c","operator":"virtual23","amount":"\u2757\ufe0f"},"nike":{"count":"\u2705 1000  \u0639\u062f\u062f","amount":"31","operator":""},"nimses":{"count":"\u274c","operator":"virtual23","amount":"\u2757\ufe0f"},"nttgame":{"count":"\u2705 260550  \u0639\u062f\u062f","amount":"1.75","operator":""},"odnoklassniki":{"count":"\u2705 3876  \u0639\u062f\u062f","amount":"2.75","operator":""},"offerup":{"count":"\u2705 5  \u0639\u062f\u062f","amount":"2","operator":""},"okcupid":{"count":"\u274c","operator":"virtual21","amount":"\u2757\ufe0f"},"okey":{"count":"\u274c","operator":"virtual4","amount":"\u2757\ufe0f"},"olx":{"count":"\u2705 260553  \u0639\u062f\u062f","amount":"0.75","operator":""},"openpoint":{"count":"\u274c","operator":"virtual4","amount":"\u2757\ufe0f"},"oraclecloud":{"count":"\u274c","operator":"virtual4","amount":"\u2757\ufe0f"},"other":{"count":"\u2705 3883  \u0639\u062f\u062f","amount":"7.5","operator":"virtual8|virtual21|virtual12||"},"ozon":{"count":"\u2705 260552  \u0639\u062f\u062f","amount":"1.75","operator":""},"pairs":{"count":"\u2705 6  \u0639\u062f\u062f","amount":"5","operator":""},"papara":{"count":"\u2705 6  \u0639\u062f\u062f","amount":"7","operator":""},"paycell":{"count":"\u2705 6  \u0639\u062f\u062f","amount":"18","operator":""},"paymaya":{"count":"\u274c","operator":"virtual4","amount":"\u2757\ufe0f"},"paypal":{"count":"\u2705 242328  \u0639\u062f\u062f","amount":"15","operator":"virtual12|virtual23|virtual4|virtual18|"},"paysend":{"count":"\u2705 6  \u0639\u062f\u062f","amount":"10","operator":"virtual4"},"peoplecom":{"count":"\u274c","operator":"virtual4","amount":"\u2757\ufe0f"},"perekrestok":{"count":"\u2705 6  \u0639\u062f\u062f","amount":"5","operator":""},"pof":{"count":"\u2705 39933  \u0639\u062f\u062f","amount":"15.75","operator":"virtual18"},"pokec":{"count":"\u274c","operator":"virtual18","amount":"\u2757\ufe0f"},"pokermaster":{"count":"\u274c","operator":"virtual4","amount":"\u2757\ufe0f"},"potato":{"count":"\u2705 6  \u0639\u062f\u062f","amount":"6","operator":""},"proton":{"count":"\u274c","operator":"","amount":"\u2757\ufe0f"},"protp":{"count":"\u2705 6  \u0639\u062f\u062f","amount":"8","operator":""},"pubg":{"count":"\u274c","operator":"virtual23","amount":"\u2757\ufe0f"},"pyaterochka":{"count":"\u2705 260553  \u0639\u062f\u062f","amount":"2","operator":""},"qiwiwallet":{"count":"\u2705 6  \u0639\u062f\u062f","amount":"10","operator":""},"quioo":{"count":"\u274c","operator":"","amount":"\u2757\ufe0f"},"quipp":{"count":"\u2705 6  \u0639\u062f\u062f","amount":"10","operator":""},"reuse":{"count":"\u274c","operator":"","amount":"\u2757\ufe0f"},"ripkord":{"count":"\u274c","operator":"","amount":"\u2757\ufe0f"},"samokat":{"count":"\u2705 6  \u0639\u062f\u062f","amount":"8","operator":""},"seosprint":{"count":"\u2705 260553  \u0639\u062f\u062f","amount":"0.75","operator":""},"sheerid":{"count":"\u2705 6  \u0639\u062f\u062f","amount":"14","operator":""},"shopee":{"count":"\u2705 5  \u0639\u062f\u062f","amount":"17","operator":""},"signal":{"count":"\u274c","operator":"virtual4","amount":"\u2757\ufe0f"},"sikayetvar":{"count":"\u2705 6  \u0639\u062f\u062f","amount":"7","operator":"virtual18"},"skout":{"count":"\u2705 260538  \u0639\u062f\u062f","amount":"2","operator":""},"snapchat":{"count":"\u2705 34911  \u0639\u062f\u062f","amount":"21","operator":""},"steam":{"count":"\u2705 260484  \u0639\u062f\u062f","amount":"3","operator":""},"swvl":{"count":"\u2705 6  \u0639\u062f\u062f","amount":"9","operator":"virtual23"},"taksheel":{"count":"\u274c","operator":"virtual23","amount":"\u2757\ufe0f"},"tango":{"count":"\u2705 6  \u0639\u062f\u062f","amount":"8","operator":""},"tantan":{"count":"\u274c","operator":"virtual21","amount":"\u2757\ufe0f"},"taobao":{"count":"\u2705 1000  \u0639\u062f\u062f","amount":"17","operator":""},"telegram":{"count":"\u2705 1000  \u0639\u062f\u062f","amount":"10.84","operator":"virtual18|virtual23|virtual12||"},"tencentqq":{"count":"\u2705 3935  \u0639\u062f\u062f","amount":"4.75","operator":"virtual18"},"tiktok":{"count":"\u2705 2981  \u0639\u062f\u062f","amount":"2.5","operator":"virtual8|virtual23|virtual4|virtual18|"},"tinder":{"count":"\u274c","amount":"\u2757\ufe0f","operator":"virtual21"},"tosla":{"count":"\u2705 6  \u0639\u062f\u062f","amount":"6","operator":"virtual4"},"totalcoin":{"count":"\u274c","operator":"virtual23","amount":"\u2757\ufe0f"},"touchance":{"count":"\u2705 6  \u0639\u062f\u062f","amount":"5","operator":"virtual23"},"trendyol":{"count":"\u2705 6  \u0639\u062f\u062f","amount":"8","operator":"virtual4"},"truecaller":{"count":"\u2705 5  \u0639\u062f\u062f","amount":"2","operator":""},"twitter":{"count":"\u2705 4523  \u0639\u062f\u062f","amount":"1.5","operator":"virtual8|virtual12|virtual18|virtual23|"},"uber":{"count":"\u2705 4386  \u0639\u062f\u062f","amount":"8.5","operator":"virtual8|virtual18|virtual23|virtual4|virtual12"},"uploaded":{"count":"\u274c","operator":"virtual23","amount":"\u2757\ufe0f"},"vernyi":{"count":"\u274c","operator":"virtual4","amount":"\u2757\ufe0f"},"viber":{"count":"\u2705 260009  \u0639\u062f\u062f","amount":"4","operator":"virtual12|virtual8|virtual23|virtual4|virtual18"},"vkontakte":{"count":"\u2705 4449  \u0639\u062f\u062f","amount":"2.5","operator":""},"voopee":{"count":"\u274c","operator":"virtual23","amount":"\u2757\ufe0f"},"wechat":{"count":"\u2705 4392  \u0639\u062f\u062f","amount":"10.5","operator":"virtual8|virtual4|||"},"weibo":{"count":"\u2705 6  \u0639\u062f\u062f","amount":"14","operator":""},"weku":{"count":"\u274c","operator":"virtual4","amount":"\u2757\ufe0f"},"whatsapp":{"count":"\u2705 1000  \u0639\u062f\u062f","amount":"14.1","operator":"virtual18|virtual12|virtual23|virtual4|"},"winston":{"count":"\u274c","operator":"virtual23","amount":"\u2757\ufe0f"},"wish":{"count":"\u2705 6  \u0639\u062f\u062f","amount":"9","operator":"virtual4"},"yahoo":{"count":"\u2705 248415  \u0639\u062f\u062f","amount":"1.75","operator":""},"yalla":{"count":"\u2705 260125  \u0639\u062f\u062f","amount":"2.75","operator":""},"yandex":{"count":"\u2705 243377  \u0639\u062f\u062f","amount":"1.75","operator":"virtual4"},"yemeksepeti":{"count":"\u2705 6  \u0639\u062f\u062f","amount":"9","operator":"virtual4"},"youdo":{"count":"\u274c","operator":"virtual4","amount":"\u2757\ufe0f"},"youla":{"count":"\u2705 4599  \u0639\u062f\u062f","amount":"1.75","operator":""},"zalo":{"count":"\u2705 6  \u0639\u062f\u062f","amount":"7","operator":""},"zoho":{"count":"\u2705 259810  \u0639\u062f\u062f","amount":"3","operator":""},"digikala":{"count":"\u2705 6  \u0639\u062f\u062f","amount":"6","operator":""},"divar":{"count":"\u2705 6  \u0639\u062f\u062f","amount":"5","operator":""},"hamrahaval":{"count":"\u2705 6  \u0639\u062f\u062f","amount":"9","operator":""},"irancell":{"count":"\u2705 6  \u0639\u062f\u062f","amount":"9","operator":"virtual21||||"},"zomato":{"count":"\u2705 1000  \u0639\u062f\u062f","amount":"12.5","operator":""},"":{"operator":"||||"}}