{"1688":{"count":"\u2705 1000  \u0639\u062f\u062f","amount":"14.5","operator":""},"1xbet":{"count":"\u2705 1  \u0639\u062f\u062f","amount":"9","operator":"virtual23"},"23red":{"count":"\u274c","operator":"virtual23","amount":"\u2757\ufe0f"},"ace2three":{"count":"\u274c","operator":"virtual23","amount":"\u2757\ufe0f"},"adidas":{"count":"\u2705 1  \u0639\u062f\u062f","amount":"9","operator":"virtual12"},"airbnb":{"count":"\u274c","operator":"virtual8","amount":"\u2757\ufe0f"},"airtel":{"count":"\u2705 1  \u0639\u062f\u062f","amount":"7","operator":"virtual23"},"akelni":{"count":"\u274c","operator":"virtual4","amount":"\u2757\ufe0f"},"alibaba":{"count":"\u274c","amount":"\u2757\ufe0f","operator":"virtual8"},"aliexpress":{"count":"\u2705 1  \u0639\u062f\u062f","operator":"virtual18","amount":"1.9"},"alipay":{"count":"\u2705 1  \u0639\u062f\u062f","amount":"21","operator":"virtual23"},"amasia":{"count":"\u2705 1  \u0639\u062f\u062f","amount":"8","operator":"virtual23"},"amazon":{"count":"\u274c","operator":"virtual12","amount":"\u2757\ufe0f"},"aol":{"count":"\u274c","operator":"virtual8","amount":"\u2757\ufe0f"},"avito":{"count":"\u2705 1  \u0639\u062f\u062f","amount":"10","operator":"virtual4"},"azino":{"count":"\u274c","operator":"virtual21","amount":"\u2757\ufe0f"},"b4ucabs":{"count":"\u274c","operator":"virtual4","amount":"\u2757\ufe0f"},"bigcash":{"count":"\u274c","operator":"virtual4","amount":"\u2757\ufe0f"},"bigolive":{"count":"\u2705 1  \u0639\u062f\u062f","amount":"5","operator":"virtual18"},"bitclout":{"count":"\u274c","operator":"virtual8","amount":"\u2757\ufe0f"},"bittube":{"count":"\u274c","operator":"","amount":"\u2757\ufe0f"},"blablacar":{"count":"\u2705 1  \u0639\u062f\u062f","amount":"7","operator":""},"blizzard":{"count":"\u2705 1000  \u0639\u062f\u062f","amount":"13.04","operator":""},"blockchain":{"count":"\u274c","operator":"virtual23","amount":"\u2757\ufe0f"},"burgerking":{"count":"\u2705 1  \u0639\u062f\u062f","amount":"6","operator":"virtual4"},"careem":{"count":"\u274c","operator":"virtual8","amount":"\u2757\ufe0f"},"cdkeys":{"count":"\u2705 1  \u0639\u062f\u062f","amount":"7","operator":"virtual4"},"cekkazan":{"count":"\u274c","operator":"virtual4","amount":"\u2757\ufe0f"},"citymobil":{"count":"\u274c","amount":"\u2757\ufe0f","operator":"virtual8"},"clickentregas":{"count":"\u274c","operator":"","amount":"\u2757\ufe0f"},"coinbase":{"count":"\u2705 1  \u0639\u062f\u062f","amount":"24","operator":""},"craigslist":{"count":"\u274c","amount":"\u2757\ufe0f","operator":"virtual8"},"deliveroo":{"count":"\u2705 1  \u0639\u062f\u062f","amount":"9","operator":"virtual18"},"delivery":{"count":"\u2705 1  \u0639\u062f\u062f","amount":"6","operator":"virtual21"},"dent":{"count":"\u2705 1  \u0639\u062f\u062f","amount":"14","operator":"virtual21"},"didi":{"count":"\u2705 1  \u0639\u062f\u062f","amount":"5","operator":"virtual4"},"discord":{"count":"\u2705 200  \u0639\u062f\u062f","amount":"13.13","operator":""},"dixy":{"count":"\u274c","operator":"virtual4","amount":"\u2757\ufe0f"},"dodopizza":{"count":"\u2705 1  \u0639\u062f\u062f","amount":"6","operator":"virtual4"},"domdara":{"count":"\u274c","operator":"virtual4","amount":"\u2757\ufe0f"},"dostavista":{"count":"\u2705 1  \u0639\u062f\u062f","amount":"6","operator":""},"douyu":{"count":"\u2705 1000  \u0639\u062f\u062f","amount":"28.3","operator":""},"drom":{"count":"\u2705 1  \u0639\u062f\u062f","amount":"7","operator":"virtual23"},"drugvokrug":{"count":"\u274c","operator":"virtual8","amount":"\u2757\ufe0f"},"dukascopy":{"count":"\u274c","operator":"","amount":"\u2757\ufe0f"},"ebay":{"count":"\u2705 1  \u0639\u062f\u062f","amount":"14","operator":"virtual12"},"edgeless":{"count":"\u274c","operator":"virtual18","amount":"\u2757\ufe0f"},"electroneum":{"count":"\u274c","operator":"virtual23","amount":"\u2757\ufe0f"},"ezway":{"count":"\u274c","operator":"","amount":"\u2757\ufe0f"},"facebook":{"count":"\u274c","amount":"\u2757\ufe0f","operator":"virtual4"},"fiverr":{"count":"\u274c","operator":"virtual23","amount":"\u2757\ufe0f"},"flipkart":{"count":"\u274c","operator":"virtual4","amount":"\u2757\ufe0f"},"foodpanda":{"count":"\u274c","amount":"\u2757\ufe0f","operator":"virtual18"},"foody":{"count":"\u2705 1  \u0639\u062f\u062f","amount":"9","operator":"virtual21"},"forwarding":{"count":"\u274c","operator":"virtual23","amount":"\u2757\ufe0f"},"galaxy":{"count":"\u274c","operator":"virtual4","amount":"\u2757\ufe0f"},"gameflip":{"count":"\u274c","operator":"","amount":"\u2757\ufe0f"},"gcash":{"count":"\u274c","operator":"","amount":"\u2757\ufe0f"},"get":{"count":"\u274c","operator":"","amount":"\u2757\ufe0f"},"getir":{"count":"\u2705 1  \u0639\u062f\u062f","amount":"10","operator":""},"gett":{"count":"\u274c","operator":"virtual8","amount":"\u2757\ufe0f"},"globus":{"count":"\u2705 1  \u0639\u062f\u062f","amount":"5","operator":"virtual21||||"},"glovo":{"count":"\u274c","operator":"","amount":"\u2757\ufe0f"},"google":{"count":"\u274c","operator":"virtual8","amount":"\u2757\ufe0f"},"grabtaxi":{"count":"\u2705 1  \u0639\u062f\u062f","amount":"9","operator":"virtual23"},"green":{"count":"\u274c","operator":"virtual23","amount":"\u2757\ufe0f"},"grindr":{"count":"\u274c","operator":"virtual23","amount":"\u2757\ufe0f"},"haraj":{"count":"\u2705 1  \u0639\u062f\u062f","amount":"36","operator":"virtual4"},"hezzl":{"count":"\u2705 1  \u0639\u062f\u062f","amount":"6","operator":"virtual4"},"hopi":{"count":"\u2705 1  \u0639\u062f\u062f","amount":"9","operator":""},"hqtrivia":{"count":"\u2705 1  \u0639\u062f\u062f","amount":"12","operator":"virtual8"},"icard":{"count":"\u274c","operator":"virtual21","amount":"\u2757\ufe0f"},"icq":{"count":"\u274c","operator":"virtual8","amount":"\u2757\ufe0f"},"imo":{"count":"\u2705 1  \u0639\u062f\u062f","amount":"16","operator":"virtual21"},"ininal":{"count":"\u2705 1  \u0639\u062f\u062f","amount":"8","operator":"virtual23"},"instagram":{"count":"\u274c","amount":"\u2757\ufe0f","operator":"virtual8"},"iost":{"count":"\u274c","operator":"virtual23","amount":"\u2757\ufe0f"},"jd":{"count":"\u2705 1000  \u0639\u062f\u062f","amount":"12.06","operator":"virtual8"},"justdating":{"count":"\u2705 1  \u0639\u062f\u062f","amount":"9","operator":"virtual18"},"kakaotalk":{"count":"\u2705 1000  \u0639\u062f\u062f","amount":"21","operator":"virtual2"},"keybase":{"count":"\u274c","operator":"virtual12","amount":"\u2757\ufe0f"},"komandacard":{"count":"\u274c","operator":"virtual23","amount":"\u2757\ufe0f"},"kotak811":{"count":"\u2705 1  \u0639\u062f\u062f","amount":"10","operator":"virtual4"},"kufarby":{"count":"\u2705 1  \u0639\u062f\u062f","amount":"7","operator":"virtual4"},"kwai":{"count":"\u274c","operator":"virtual23","amount":"\u2757\ufe0f"},"lazada":{"count":"\u274c","operator":"virtual23","amount":"\u2757\ufe0f"},"lbry":{"count":"\u274c","operator":"","amount":"\u2757\ufe0f"},"lenta":{"count":"\u2705 1  \u0639\u062f\u062f","amount":"7","operator":""},"lianxin":{"count":"\u274c","operator":"","amount":"\u2757\ufe0f"},"line":{"count":"\u274c","operator":"virtual8","amount":"\u2757\ufe0f"},"linkedin":{"count":"\u274c","operator":"virtual8","amount":"\u2757\ufe0f"},"livescore":{"count":"\u2705 1  \u0639\u062f\u062f","amount":"10","operator":"virtual21"},"magnit":{"count":"\u2705 1  \u0639\u062f\u062f","amount":"9","operator":"virtual21"},"magnolia":{"count":"\u2705 1  \u0639\u062f\u062f","amount":"8","operator":"virtual4"},"mailru":{"count":"\u274c","operator":"virtual12","amount":"\u2757\ufe0f"},"mamba":{"count":"\u274c","operator":"virtual8","amount":"\u2757\ufe0f"},"mcdonalds":{"count":"\u2705 1  \u0639\u062f\u062f","amount":"9","operator":""},"meetme":{"count":"\u274c","operator":"","amount":"\u2757\ufe0f"},"mega":{"count":"\u274c","operator":"virtual8","amount":"\u2757\ufe0f"},"mercado":{"count":"\u2705 1  \u0639\u062f\u062f","amount":"8","operator":""},"michat":{"count":"\u2705 1  \u0639\u062f\u062f","amount":"17","operator":"virtual21"},"microsoft":{"count":"\u274c","operator":"virtual8","amount":"\u2757\ufe0f"},"miratorg":{"count":"\u2705 1  \u0639\u062f\u062f","amount":"7","operator":"virtual18"},"mtscashback":{"count":"\u2705 200  \u0639\u062f\u062f","operator":"virtual23","amount":"19.75"},"nana":{"count":"\u274c","operator":"virtual4","amount":"\u2757\ufe0f"},"naver":{"count":"\u274c","operator":"virtual12","amount":"\u2757\ufe0f"},"netflix":{"count":"\u2705 6480  \u0639\u062f\u062f","amount":"26.25","operator":""},"nhseven":{"count":"\u2705 1  \u0639\u062f\u062f","amount":"6","operator":"virtual18"},"nifty":{"count":"\u274c","operator":"virtual23","amount":"\u2757\ufe0f"},"nike":{"count":"\u274c","amount":"\u2757\ufe0f","operator":"virtual18"},"nimses":{"count":"\u274c","operator":"virtual23","amount":"\u2757\ufe0f"},"nttgame":{"count":"\u274c","operator":"virtual8","amount":"\u2757\ufe0f"},"odnoklassniki":{"count":"\u274c","operator":"virtual12","amount":"\u2757\ufe0f"},"offerup":{"count":"\u274c","operator":"virtual8","amount":"\u2757\ufe0f"},"okcupid":{"count":"\u274c","operator":"virtual21","amount":"\u2757\ufe0f"},"okey":{"count":"\u274c","operator":"virtual4","amount":"\u2757\ufe0f"},"olx":{"count":"\u274c","operator":"virtual8","amount":"\u2757\ufe0f"},"openpoint":{"count":"\u274c","operator":"virtual4","amount":"\u2757\ufe0f"},"oraclecloud":{"count":"\u274c","operator":"virtual4","amount":"\u2757\ufe0f"},"other":{"count":"\u2705 1  \u0639\u062f\u062f","amount":"3","operator":"virtual21||||"},"ozon":{"count":"\u274c","operator":"virtual8","amount":"\u2757\ufe0f"},"pairs":{"count":"\u2705 1  \u0639\u062f\u062f","amount":"9","operator":"virtual4"},"papara":{"count":"\u274c","operator":"virtual12","amount":"\u2757\ufe0f"},"paycell":{"count":"\u2705 1  \u0639\u062f\u062f","amount":"18","operator":""},"paymaya":{"count":"\u274c","operator":"virtual4","amount":"\u2757\ufe0f"},"paypal":{"count":"\u2705 1  \u0639\u062f\u062f","operator":"virtual21","amount":"30"},"paysend":{"count":"\u2705 1  \u0639\u062f\u062f","amount":"9","operator":"virtual23"},"peoplecom":{"count":"\u274c","operator":"virtual4","amount":"\u2757\ufe0f"},"perekrestok":{"count":"\u2705 1  \u0639\u062f\u062f","amount":"6","operator":"virtual18"},"pof":{"count":"\u274c","amount":"\u2757\ufe0f","operator":"virtual18"},"pokec":{"count":"\u274c","operator":"virtual18","amount":"\u2757\ufe0f"},"pokermaster":{"count":"\u274c","operator":"virtual4","amount":"\u2757\ufe0f"},"potato":{"count":"\u2705 1  \u0639\u062f\u062f","amount":"7","operator":""},"proton":{"count":"\u274c","operator":"","amount":"\u2757\ufe0f"},"protp":{"count":"\u2705 1  \u0639\u062f\u062f","amount":"5","operator":""},"pubg":{"count":"\u274c","operator":"virtual23","amount":"\u2757\ufe0f"},"pyaterochka":{"count":"\u2705 1  \u0639\u062f\u062f","amount":"8","operator":"virtual21"},"qiwiwallet":{"count":"\u2705 1  \u0639\u062f\u062f","amount":"8","operator":""},"quioo":{"count":"\u274c","operator":"","amount":"\u2757\ufe0f"},"quipp":{"count":"\u2705 1  \u0639\u062f\u062f","amount":"10","operator":""},"reuse":{"count":"\u274c","operator":"","amount":"\u2757\ufe0f"},"ripkord":{"count":"\u274c","operator":"","amount":"\u2757\ufe0f"},"samokat":{"count":"\u2705 1  \u0639\u062f\u062f","amount":"9","operator":""},"seosprint":{"count":"\u274c","operator":"virtual8","amount":"\u2757\ufe0f"},"sheerid":{"count":"\u2705 1  \u0639\u062f\u062f","amount":"8","operator":"virtual8"},"shopee":{"count":"\u2705 1  \u0639\u062f\u062f","amount":"17","operator":""},"signal":{"count":"\u274c","operator":"virtual4","amount":"\u2757\ufe0f"},"sikayetvar":{"count":"\u2705 1  \u0639\u062f\u062f","amount":"8","operator":"virtual18"},"skout":{"count":"\u274c","operator":"virtual8","amount":"\u2757\ufe0f"},"snapchat":{"count":"\u2705 19680  \u0639\u062f\u062f","amount":"21","operator":"virtual8"},"steam":{"count":"\u274c","amount":"\u2757\ufe0f","operator":"virtual8"},"swvl":{"count":"\u2705 1  \u0639\u062f\u062f","amount":"10","operator":"virtual23"},"taksheel":{"count":"\u274c","operator":"virtual23","amount":"\u2757\ufe0f"},"tango":{"count":"\u2705 1  \u0639\u062f\u062f","amount":"8","operator":"virtual18"},"tantan":{"count":"\u274c","operator":"virtual21","amount":"\u2757\ufe0f"},"taobao":{"count":"\u274c","operator":"virtual23","amount":"\u2757\ufe0f"},"telegram":{"count":"\u2705 1000  \u0639\u062f\u062f","amount":"25","operator":"virtual18|virtual23|virtual4||"},"tencentqq":{"count":"\u2705 1  \u0639\u062f\u062f","amount":"7","operator":"virtual4"},"tiktok":{"count":"\u2705 1000  \u0639\u062f\u062f","amount":"15","operator":"virtual4"},"tinder":{"count":"\u2705 1000  \u0639\u062f\u062f","amount":"12","operator":"virtual21"},"tosla":{"count":"\u2705 1  \u0639\u062f\u062f","amount":"8","operator":"virtual23"},"totalcoin":{"count":"\u274c","operator":"virtual23","amount":"\u2757\ufe0f"},"touchance":{"count":"\u2705 1  \u0639\u062f\u062f","amount":"10","operator":"virtual23"},"trendyol":{"count":"\u2705 1  \u0639\u062f\u062f","amount":"9","operator":"virtual23"},"truecaller":{"count":"\u274c","operator":"virtual8","amount":"\u2757\ufe0f"},"twitter":{"count":"\u274c","operator":"virtual12","amount":"\u2757\ufe0f"},"uber":{"count":"\u2705 13680  \u0639\u062f\u062f","amount":"19.75","operator":"virtual18"},"uploaded":{"count":"\u274c","operator":"virtual23","amount":"\u2757\ufe0f"},"vernyi":{"count":"\u274c","operator":"virtual4","amount":"\u2757\ufe0f"},"viber":{"count":"\u274c","operator":"virtual8","amount":"\u2757\ufe0f"},"vkontakte":{"count":"\u274c","operator":"virtual12","amount":"\u2757\ufe0f"},"voopee":{"count":"\u274c","operator":"virtual23","amount":"\u2757\ufe0f"},"wechat":{"count":"\u274c","operator":"virtual23","amount":"\u2757\ufe0f"},"weibo":{"count":"\u2705 1  \u0639\u062f\u062f","amount":"14","operator":"virtual12"},"weku":{"count":"\u274c","operator":"virtual4","amount":"\u2757\ufe0f"},"whatsapp":{"count":"\u274c","amount":"\u2757\ufe0f","operator":"virtual18"},"winston":{"count":"\u274c","operator":"virtual23","amount":"\u2757\ufe0f"},"wish":{"count":"\u2705 1  \u0639\u062f\u062f","amount":"7","operator":"virtual23"},"yahoo":{"count":"\u274c","operator":"virtual8","amount":"\u2757\ufe0f"},"yalla":{"count":"\u274c","operator":"virtual8","amount":"\u2757\ufe0f"},"yandex":{"count":"\u274c","operator":"virtual8","amount":"\u2757\ufe0f"},"yemeksepeti":{"count":"\u2705 1  \u0639\u062f\u062f","amount":"7","operator":"virtual4"},"youdo":{"count":"\u274c","operator":"virtual4","amount":"\u2757\ufe0f"},"youla":{"count":"\u2705 1  \u0639\u062f\u062f","amount":"8","operator":"virtual21"},"zalo":{"count":"\u2705 1  \u0639\u062f\u062f","amount":"7","operator":"virtual4"},"zoho":{"count":"\u274c","amount":"\u2757\ufe0f","operator":"virtual8"},"digikala":{"count":"\u2705 1  \u0639\u062f\u062f","amount":"5","operator":"virtual4"},"divar":{"count":"\u2705 1  \u0639\u062f\u062f","amount":"8","operator":"virtual21"},"hamrahaval":{"count":"\u2705 1  \u0639\u062f\u062f","amount":"7","operator":"virtual4"},"irancell":{"count":"\u2705 1  \u0639\u062f\u062f","amount":"8","operator":"virtual4"},"zomato":{"count":"\u2705 1000  \u0639\u062f\u062f","amount":"12.5","operator":""}}