{"1688":{"count":"\u2705 1000  \u0639\u062f\u062f","amount":"18","operator":""},"1xbet":{"count":"\u2705 1000  \u0639\u062f\u062f","amount":"24","operator":""},"23red":{"count":"\u274c","operator":"virtual21","amount":"\u2757\ufe0f"},"ace2three":{"count":"\u274c","operator":"virtual23","amount":"\u2757\ufe0f"},"adidas":{"count":"\u2705 40  \u0639\u062f\u062f","amount":"8","operator":""},"airbnb":{"count":"\u2705 33  \u0639\u062f\u062f","amount":"12","operator":""},"airtel":{"count":"\u2705 40  \u0639\u062f\u062f","amount":"7","operator":"virtual4"},"akelni":{"count":"\u274c","operator":"virtual4","amount":"\u2757\ufe0f"},"alibaba":{"count":"\u2705 24  \u0639\u062f\u062f","amount":"4","operator":""},"aliexpress":{"count":"\u2705 40  \u0639\u062f\u062f","operator":"virtual4","amount":"1.9"},"alipay":{"count":"\u2705 40  \u0639\u062f\u062f","amount":"5","operator":"virtual23"},"amasia":{"count":"\u2705 40  \u0639\u062f\u062f","amount":"5","operator":"virtual4"},"amazon":{"count":"\u2705 9  \u0639\u062f\u062f","amount":"2","operator":""},"aol":{"count":"\u2705 29  \u0639\u062f\u062f","amount":"2","operator":""},"avito":{"count":"\u274c","operator":"virtual23","amount":"\u2757\ufe0f"},"azino":{"count":"\u274c","operator":"virtual4","amount":"\u2757\ufe0f"},"b4ucabs":{"count":"\u274c","operator":"virtual4","amount":"\u2757\ufe0f"},"bigcash":{"count":"\u274c","operator":"virtual4","amount":"\u2757\ufe0f"},"bigolive":{"count":"\u2705 40  \u0639\u062f\u062f","amount":"6","operator":""},"bitclout":{"count":"\u274c","operator":"","amount":"\u2757\ufe0f"},"bittube":{"count":"\u274c","operator":"","amount":"\u2757\ufe0f"},"blablacar":{"count":"\u2705 40  \u0639\u062f\u062f","amount":"6","operator":""},"blizzard":{"count":"\u2705 1000  \u0639\u062f\u062f","amount":"10.47","operator":""},"blockchain":{"count":"\u274c","operator":"virtual23","amount":"\u2757\ufe0f"},"burgerking":{"count":"\u2705 40  \u0639\u062f\u062f","amount":"2","operator":"virtual4"},"careem":{"count":"\u2705 40  \u0639\u062f\u062f","amount":"13","operator":""},"cdkeys":{"count":"\u2705 40  \u0639\u062f\u062f","amount":"8","operator":""},"cekkazan":{"count":"\u274c","operator":"","amount":"\u2757\ufe0f"},"citymobil":{"count":"\u2705 40  \u0639\u062f\u062f","amount":"5","operator":""},"clickentregas":{"count":"\u274c","operator":"","amount":"\u2757\ufe0f"},"coinbase":{"count":"\u2705 40  \u0639\u062f\u062f","amount":"22","operator":""},"craigslist":{"count":"\u2705 1000  \u0639\u062f\u062f","amount":"22.6","operator":""},"deliveroo":{"count":"\u2705 40  \u0639\u062f\u062f","amount":"5","operator":"virtual18"},"delivery":{"count":"\u2705 40  \u0639\u062f\u062f","amount":"6","operator":"virtual4"},"dent":{"count":"\u2705 40  \u0639\u062f\u062f","amount":"2","operator":""},"didi":{"count":"\u2705 40  \u0639\u062f\u062f","amount":"5","operator":""},"discord":{"count":"\u2705 35  \u0639\u062f\u062f","amount":"4","operator":""},"dixy":{"count":"\u274c","operator":"virtual4","amount":"\u2757\ufe0f"},"dodopizza":{"count":"\u2705 40  \u0639\u062f\u062f","amount":"6","operator":""},"domdara":{"count":"\u274c","operator":"","amount":"\u2757\ufe0f"},"dostavista":{"count":"\u2705 40  \u0639\u062f\u062f","amount":"8","operator":""},"douyu":{"count":"\u2705 1000  \u0639\u062f\u062f","amount":"28.3","operator":""},"drom":{"count":"\u2705 40  \u0639\u062f\u062f","amount":"2","operator":"virtual23"},"drugvokrug":{"count":"\u2705 40  \u0639\u062f\u062f","amount":"2","operator":""},"dukascopy":{"count":"\u274c","operator":"","amount":"\u2757\ufe0f"},"ebay":{"count":"\u2705 11  \u0639\u062f\u062f","amount":"2","operator":""},"edgeless":{"count":"\u274c","operator":"virtual18","amount":"\u2757\ufe0f"},"electroneum":{"count":"\u274c","operator":"virtual23","amount":"\u2757\ufe0f"},"ezway":{"count":"\u274c","operator":"","amount":"\u2757\ufe0f"},"facebook":{"count":"\u2705 2684  \u0639\u062f\u062f","amount":"10.5","operator":""},"fiverr":{"count":"\u274c","operator":"virtual18","amount":"\u2757\ufe0f"},"flipkart":{"count":"\u274c","operator":"virtual4","amount":"\u2757\ufe0f"},"foodpanda":{"count":"\u2705 29  \u0639\u062f\u062f","amount":"12","operator":""},"foody":{"count":"\u2705 40  \u0639\u062f\u062f","amount":"8","operator":"virtual23"},"forwarding":{"count":"\u274c","operator":"virtual4","amount":"\u2757\ufe0f"},"galaxy":{"count":"\u274c","operator":"virtual4","amount":"\u2757\ufe0f"},"gameflip":{"count":"\u274c","operator":"","amount":"\u2757\ufe0f"},"gcash":{"count":"\u274c","operator":"","amount":"\u2757\ufe0f"},"get":{"count":"\u274c","operator":"","amount":"\u2757\ufe0f"},"getir":{"count":"\u2705 39  \u0639\u062f\u062f","amount":"5","operator":""},"gett":{"count":"\u2705 40  \u0639\u062f\u062f","amount":"1","operator":""},"globus":{"count":"\u2705 40  \u0639\u062f\u062f","amount":"7","operator":""},"glovo":{"count":"\u274c","operator":"","amount":"\u2757\ufe0f"},"google":{"count":"\u2705 303  \u0639\u062f\u062f","amount":"17.13","operator":""},"grabtaxi":{"count":"\u2705 40  \u0639\u062f\u062f","amount":"3","operator":"virtual18"},"green":{"count":"\u274c","operator":"virtual23","amount":"\u2757\ufe0f"},"grindr":{"count":"\u2705 40  \u0639\u062f\u062f","amount":"5","operator":""},"haraj":{"count":"\u2705 40  \u0639\u062f\u062f","amount":"36","operator":""},"hezzl":{"count":"\u2705 39  \u0639\u062f\u062f","amount":"8","operator":""},"hopi":{"count":"\u2705 40  \u0639\u062f\u062f","amount":"6","operator":""},"hqtrivia":{"count":"\u2705 36  \u0639\u062f\u062f","amount":"1","operator":""},"icard":{"count":"\u274c","operator":"virtual21","amount":"\u2757\ufe0f"},"icq":{"count":"\u2705 40  \u0639\u062f\u062f","amount":"6","operator":""},"imo":{"count":"\u2705 40  \u0639\u062f\u062f","amount":"15","operator":""},"ininal":{"count":"\u2705 40  \u0639\u062f\u062f","amount":"5","operator":""},"instagram":{"count":"\u2705 23398  \u0639\u062f\u062f","amount":"9.88","operator":""},"iost":{"count":"\u274c","operator":"virtual18","amount":"\u2757\ufe0f"},"jd":{"count":"\u2705 8  \u0639\u062f\u062f","amount":"8","operator":""},"justdating":{"count":"\u2705 40  \u0639\u062f\u062f","amount":"9","operator":"virtual23"},"kakaotalk":{"count":"\u2705 2  \u0639\u062f\u062f","amount":"14","operator":"lycamobile"},"keybase":{"count":"\u2705 40  \u0639\u062f\u062f","amount":"14","operator":""},"komandacard":{"count":"\u274c","operator":"virtual23","amount":"\u2757\ufe0f"},"kotak811":{"count":"\u2705 40  \u0639\u062f\u062f","amount":"9","operator":"virtual18"},"kufarby":{"count":"\u2705 40  \u0639\u062f\u062f","amount":"5","operator":"virtual4"},"kwai":{"count":"\u274c","operator":"virtual23","amount":"\u2757\ufe0f"},"lazada":{"count":"\u274c","operator":"virtual21","amount":"\u2757\ufe0f"},"lbry":{"count":"\u274c","operator":"","amount":"\u2757\ufe0f"},"lenta":{"count":"\u2705 40  \u0639\u062f\u062f","amount":"8","operator":""},"lianxin":{"count":"\u274c","operator":"","amount":"\u2757\ufe0f"},"line":{"count":"\u2705 30  \u0639\u062f\u062f","amount":"1","operator":""},"linkedin":{"count":"\u2705 22  \u0639\u062f\u062f","amount":"2","operator":"virtual18"},"livescore":{"count":"\u2705 40  \u0639\u062f\u062f","operator":"virtual23","amount":"27"},"magnit":{"count":"\u2705 40  \u0639\u062f\u062f","amount":"5","operator":"virtual4"},"magnolia":{"count":"\u2705 40  \u0639\u062f\u062f","amount":"6","operator":""},"mailru":{"count":"\u2705 39  \u0639\u062f\u062f","amount":"2","operator":""},"mamba":{"count":"\u2705 33  \u0639\u062f\u062f","amount":"2","operator":""},"mcdonalds":{"count":"\u2705 40  \u0639\u062f\u062f","amount":"6","operator":""},"meetme":{"count":"\u274c","operator":"","amount":"\u2757\ufe0f"},"mega":{"count":"\u2705 40  \u0639\u062f\u062f","amount":"5","operator":""},"mercado":{"count":"\u2705 40  \u0639\u062f\u062f","amount":"18","operator":""},"michat":{"count":"\u2705 39  \u0639\u062f\u062f","amount":"2","operator":""},"microsoft":{"count":"\u2705 3  \u0639\u062f\u062f","amount":"2","operator":""},"miratorg":{"count":"\u2705 40  \u0639\u062f\u062f","amount":"7","operator":"virtual23"},"mtscashback":{"count":"\u2705 200  \u0639\u062f\u062f","amount":"19.75","operator":"virtual23"},"nana":{"count":"\u274c","operator":"virtual4","amount":"\u2757\ufe0f"},"naver":{"count":"\u2705 3  \u0639\u062f\u062f","amount":"5","operator":""},"netflix":{"count":"\u2705 28  \u0639\u062f\u062f","amount":"2","operator":"virtual21|virtual4|||"},"nhseven":{"count":"\u2705 40  \u0639\u062f\u062f","amount":"8","operator":"virtual23"},"nifty":{"count":"\u274c","operator":"virtual4","amount":"\u2757\ufe0f"},"nike":{"count":"\u2705 40  \u0639\u062f\u062f","amount":"9","operator":""},"nimses":{"count":"\u274c","operator":"virtual23","amount":"\u2757\ufe0f"},"nttgame":{"count":"\u2705 40  \u0639\u062f\u062f","amount":"2","operator":""},"odnoklassniki":{"count":"\u2705 27  \u0639\u062f\u062f","amount":"2","operator":"virtual23"},"offerup":{"count":"\u274c","operator":"virtual23","amount":"\u2757\ufe0f"},"okcupid":{"count":"\u274c","operator":"virtual21","amount":"\u2757\ufe0f"},"okey":{"count":"\u274c","operator":"virtual4","amount":"\u2757\ufe0f"},"olx":{"count":"\u2705 38  \u0639\u062f\u062f","amount":"1","operator":""},"openpoint":{"count":"\u274c","operator":"virtual4","amount":"\u2757\ufe0f"},"oraclecloud":{"count":"\u274c","operator":"virtual4","amount":"\u2757\ufe0f"},"other":{"count":"\u2705 40  \u0639\u062f\u062f","amount":"10","operator":""},"ozon":{"count":"\u2705 37  \u0639\u062f\u062f","amount":"2","operator":""},"pairs":{"count":"\u2705 40  \u0639\u062f\u062f","amount":"6","operator":""},"papara":{"count":"\u2705 40  \u0639\u062f\u062f","amount":"26","operator":""},"paycell":{"count":"\u2705 40  \u0639\u062f\u062f","amount":"18","operator":""},"paymaya":{"count":"\u274c","operator":"virtual4","amount":"\u2757\ufe0f"},"paypal":{"count":"\u2705 28  \u0639\u062f\u062f","amount":"30","operator":"virtual2"},"paysend":{"count":"\u2705 40  \u0639\u062f\u062f","amount":"5","operator":"virtual4"},"peoplecom":{"count":"\u274c","operator":"virtual4","amount":"\u2757\ufe0f"},"perekrestok":{"count":"\u2705 40  \u0639\u062f\u062f","amount":"2","operator":""},"pof":{"count":"\u2705 1000  \u0639\u062f\u062f","amount":"11.31","operator":""},"pokec":{"count":"\u274c","operator":"virtual23","amount":"\u2757\ufe0f"},"pokermaster":{"count":"\u274c","operator":"virtual4","amount":"\u2757\ufe0f"},"potato":{"count":"\u2705 40  \u0639\u062f\u062f","amount":"6","operator":""},"proton":{"count":"\u274c","operator":"","amount":"\u2757\ufe0f"},"protp":{"count":"\u2705 40  \u0639\u062f\u062f","amount":"5","operator":""},"pubg":{"count":"\u274c","operator":"virtual23","amount":"\u2757\ufe0f"},"pyaterochka":{"count":"\u2705 40  \u0639\u062f\u062f","amount":"2","operator":""},"qiwiwallet":{"count":"\u2705 40  \u0639\u062f\u062f","amount":"14","operator":""},"quioo":{"count":"\u274c","operator":"","amount":"\u2757\ufe0f"},"quipp":{"count":"\u2705 40  \u0639\u062f\u062f","amount":"5","operator":""},"reuse":{"count":"\u274c","operator":"","amount":"\u2757\ufe0f"},"ripkord":{"count":"\u274c","operator":"","amount":"\u2757\ufe0f"},"samokat":{"count":"\u2705 40  \u0639\u062f\u062f","amount":"7","operator":""},"seosprint":{"count":"\u2705 40  \u0639\u062f\u062f","amount":"7","operator":""},"sheerid":{"count":"\u2705 40  \u0639\u062f\u062f","amount":"5","operator":""},"shopee":{"count":"\u2705 1000  \u0639\u062f\u062f","amount":"26","operator":""},"signal":{"count":"\u274c","operator":"virtual4","amount":"\u2757\ufe0f"},"sikayetvar":{"count":"\u2705 40  \u0639\u062f\u062f","amount":"8","operator":"virtual18"},"skout":{"count":"\u2705 36  \u0639\u062f\u062f","amount":"2","operator":""},"snapchat":{"count":"\u2705 8585  \u0639\u062f\u062f","amount":"21","operator":""},"steam":{"count":"\u2705 35  \u0639\u062f\u062f","amount":"2","operator":""},"swvl":{"count":"\u2705 40  \u0639\u062f\u062f","amount":"9","operator":"virtual23"},"taksheel":{"count":"\u2705 40  \u0639\u062f\u062f","operator":"virtual23","amount":"36"},"tango":{"count":"\u2705 40  \u0639\u062f\u062f","amount":"8","operator":""},"tantan":{"count":"\u274c","operator":"virtual21","amount":"\u2757\ufe0f"},"taobao":{"count":"\u2705 1000  \u0639\u062f\u062f","amount":"15.45","operator":""},"telegram":{"count":"\u2705 1000  \u0639\u062f\u062f","amount":"9.38","operator":"virtual23|virtual4|virtual18||"},"tencentqq":{"count":"\u2705 2  \u0639\u062f\u062f","amount":"6","operator":""},"tiktok":{"count":"\u2705 2  \u0639\u062f\u062f","amount":"1","operator":"virtual4"},"tinder":{"count":"\u2705 3217  \u0639\u062f\u062f","amount":"26.25","operator":""},"tosla":{"count":"\u2705 40  \u0639\u062f\u062f","amount":"5","operator":"virtual23"},"totalcoin":{"count":"\u274c","operator":"virtual23","amount":"\u2757\ufe0f"},"touchance":{"count":"\u2705 40  \u0639\u062f\u062f","amount":"9","operator":"virtual23"},"trendyol":{"count":"\u2705 40  \u0639\u062f\u062f","amount":"8","operator":"virtual23"},"truecaller":{"count":"\u2705 39  \u0639\u062f\u062f","amount":"2","operator":""},"twitter":{"count":"\u2705 11  \u0639\u062f\u062f","amount":"2","operator":""},"uber":{"count":"\u2705 31  \u0639\u062f\u062f","amount":"4","operator":""},"uploaded":{"count":"\u274c","operator":"virtual23","amount":"\u2757\ufe0f"},"vernyi":{"count":"\u274c","operator":"virtual4","amount":"\u2757\ufe0f"},"viber":{"count":"\u2705 8  \u0639\u062f\u062f","amount":"4","operator":""},"vkontakte":{"count":"\u2705 1000  \u0639\u062f\u062f","amount":"12.5","operator":""},"voopee":{"count":"\u274c","operator":"virtual18","amount":"\u2757\ufe0f"},"wechat":{"count":"\u274c","operator":"virtual23","amount":"\u2757\ufe0f"},"weibo":{"count":"\u2705 40  \u0639\u062f\u062f","amount":"14","operator":""},"weku":{"count":"\u274c","operator":"virtual4","amount":"\u2757\ufe0f"},"whatsapp":{"count":"\u2705 20419  \u0639\u062f\u062f","amount":"19.75","operator":"virtual21|virtual4|||"},"winston":{"count":"\u274c","operator":"virtual23","amount":"\u2757\ufe0f"},"wish":{"count":"\u2705 40  \u0639\u062f\u062f","amount":"8","operator":"virtual4"},"yahoo":{"count":"\u2705 13  \u0639\u062f\u062f","amount":"2","operator":""},"yalla":{"count":"\u2705 4148  \u0639\u062f\u062f","operator":"virtual18","amount":"18.38"},"yandex":{"count":"\u2705 38  \u0639\u062f\u062f","amount":"2","operator":""},"yemeksepeti":{"count":"\u2705 40  \u0639\u062f\u062f","amount":"5","operator":"virtual4"},"youdo":{"count":"\u274c","operator":"virtual4","amount":"\u2757\ufe0f"},"youla":{"count":"\u2705 40  \u0639\u062f\u062f","amount":"1","operator":""},"zalo":{"count":"\u2705 40  \u0639\u062f\u062f","amount":"3","operator":""},"zoho":{"count":"\u2705 40  \u0639\u062f\u062f","amount":"13","operator":""},"digikala":{"count":"\u2705 40  \u0639\u062f\u062f","amount":"6","operator":""},"divar":{"count":"\u2705 40  \u0639\u062f\u062f","amount":"8","operator":""},"hamrahaval":{"count":"\u2705 40  \u0639\u062f\u062f","amount":"7","operator":""},"irancell":{"count":"\u2705 40  \u0639\u062f\u062f","amount":"8","operator":""},"zomato":{"count":"\u2705 1000  \u0639\u062f\u062f","amount":"12.5","operator":""},"":{"operator":"||||"}}