{"1688":{"count":"\u2705 1000  \u0639\u062f\u062f","amount":"19","operator":""},"1xbet":{"count":"\u2705 1000  \u0639\u062f\u062f","amount":"23","operator":""},"23red":{"count":"\u274c","operator":"virtual21","amount":"\u2757\ufe0f"},"ace2three":{"count":"\u274c","operator":"virtual23","amount":"\u2757\ufe0f"},"adidas":{"count":"\u274c","amount":"\u2757\ufe0f","operator":""},"airbnb":{"count":"\u2705 4003  \u0639\u062f\u062f","amount":"23.63","operator":""},"airtel":{"count":"\u274c","amount":"\u2757\ufe0f","operator":"virtual4"},"akelni":{"count":"\u274c","operator":"virtual4","amount":"\u2757\ufe0f"},"alibaba":{"count":"\u2705 1000  \u0639\u062f\u062f","amount":"19.62","operator":""},"aliexpress":{"count":"\u274c","operator":"virtual18","amount":"\u2757\ufe0f"},"alipay":{"count":"\u2705 20215  \u0639\u062f\u062f","amount":"23.63","operator":"virtual23"},"amasia":{"count":"\u274c","amount":"\u2757\ufe0f","operator":"virtual23"},"amazon":{"count":"\u2705 1000  \u0639\u062f\u062f","amount":"12.5","operator":""},"aol":{"count":"\u2705 1746  \u0639\u062f\u062f","amount":"14.5","operator":"virtual23"},"avito":{"count":"\u274c","amount":"\u2757\ufe0f","operator":"virtual23"},"azino":{"count":"\u274c","operator":"virtual4","amount":"\u2757\ufe0f"},"b4ucabs":{"count":"\u274c","operator":"virtual4","amount":"\u2757\ufe0f"},"bigcash":{"count":"\u274c","operator":"virtual4","amount":"\u2757\ufe0f"},"bigolive":{"count":"\u274c","amount":"\u2757\ufe0f","operator":"virtual18"},"bitclout":{"count":"\u274c","operator":"","amount":"\u2757\ufe0f"},"bittube":{"count":"\u274c","operator":"","amount":"\u2757\ufe0f"},"blablacar":{"count":"\u274c","amount":"\u2757\ufe0f","operator":""},"blizzard":{"count":"\u2705 1000  \u0639\u062f\u062f","amount":"11.39","operator":""},"blockchain":{"count":"\u274c","operator":"virtual21","amount":"\u2757\ufe0f"},"burgerking":{"count":"\u274c","amount":"\u2757\ufe0f","operator":"virtual4"},"careem":{"count":"\u2705 8333  \u0639\u062f\u062f","amount":"26.25","operator":""},"cdkeys":{"count":"\u274c","amount":"\u2757\ufe0f","operator":"virtual4"},"cekkazan":{"count":"\u274c","operator":"","amount":"\u2757\ufe0f"},"citymobil":{"count":"\u274c","amount":"\u2757\ufe0f","operator":""},"clickentregas":{"count":"\u274c","operator":"","amount":"\u2757\ufe0f"},"coinbase":{"count":"\u2705 15008  \u0639\u062f\u062f","amount":"26.25","operator":""},"craigslist":{"count":"\u2705 1000  \u0639\u062f\u062f","amount":"21.87","operator":""},"deliveroo":{"count":"\u274c","amount":"\u2757\ufe0f","operator":"virtual18"},"delivery":{"count":"\u274c","amount":"\u2757\ufe0f","operator":"virtual21"},"dent":{"count":"\u2705 1747  \u0639\u062f\u062f","amount":"15.75","operator":"virtual23"},"didi":{"count":"\u274c","amount":"\u2757\ufe0f","operator":"virtual4"},"discord":{"count":"\u2705 8333  \u0639\u062f\u062f","amount":"7.88","operator":""},"dixy":{"count":"\u274c","operator":"virtual4","amount":"\u2757\ufe0f"},"dodopizza":{"count":"\u274c","amount":"\u2757\ufe0f","operator":"virtual4"},"domdara":{"count":"\u274c","operator":"","amount":"\u2757\ufe0f"},"dostavista":{"count":"\u274c","amount":"\u2757\ufe0f","operator":""},"douyu":{"count":"\u2705 1000  \u0639\u062f\u062f","amount":"28.3","operator":""},"drom":{"count":"\u274c","amount":"\u2757\ufe0f","operator":"virtual23"},"drugvokrug":{"count":"\u274c","amount":"\u2757\ufe0f","operator":"virtual23"},"dukascopy":{"count":"\u274c","operator":"","amount":"\u2757\ufe0f"},"ebay":{"count":"\u2705 1000  \u0639\u062f\u062f","amount":"15.52","operator":""},"edgeless":{"count":"\u274c","operator":"virtual23","amount":"\u2757\ufe0f"},"electroneum":{"count":"\u274c","operator":"virtual23","amount":"\u2757\ufe0f"},"ezway":{"count":"\u274c","operator":"","amount":"\u2757\ufe0f"},"facebook":{"count":"\u2705 1000  \u0639\u062f\u062f","amount":"8.75","operator":""},"fiverr":{"count":"\u274c","operator":"virtual18","amount":"\u2757\ufe0f"},"flipkart":{"count":"\u274c","operator":"virtual4","amount":"\u2757\ufe0f"},"foodpanda":{"count":"\u2705 1000  \u0639\u062f\u062f","amount":"12.55","operator":""},"foody":{"count":"\u274c","amount":"\u2757\ufe0f","operator":"virtual21"},"forwarding":{"count":"\u274c","operator":"virtual4","amount":"\u2757\ufe0f"},"galaxy":{"count":"\u274c","operator":"virtual4","amount":"\u2757\ufe0f"},"gameflip":{"count":"\u274c","operator":"","amount":"\u2757\ufe0f"},"gcash":{"count":"\u274c","operator":"","amount":"\u2757\ufe0f"},"get":{"count":"\u274c","operator":"","amount":"\u2757\ufe0f"},"getir":{"count":"\u274c","amount":"\u2757\ufe0f","operator":""},"gett":{"count":"\u274c","amount":"\u2757\ufe0f","operator":""},"globus":{"count":"\u274c","amount":"\u2757\ufe0f","operator":""},"glovo":{"count":"\u274c","operator":"","amount":"\u2757\ufe0f"},"google":{"count":"\u2705 1000  \u0639\u062f\u062f","amount":"13.5","operator":""},"grabtaxi":{"count":"\u274c","amount":"\u2757\ufe0f","operator":"virtual23"},"green":{"count":"\u274c","operator":"virtual23","amount":"\u2757\ufe0f"},"grindr":{"count":"\u274c","amount":"\u2757\ufe0f","operator":"virtual23"},"haraj":{"count":"\u2705 1540  \u0639\u062f\u062f","amount":"39.38","operator":"virtual4"},"hezzl":{"count":"\u274c","amount":"\u2757\ufe0f","operator":"virtual4"},"hopi":{"count":"\u274c","amount":"\u2757\ufe0f","operator":""},"hqtrivia":{"count":"\u2705 4003  \u0639\u062f\u062f","amount":"13.13","operator":""},"icard":{"count":"\u274c","operator":"virtual4","amount":"\u2757\ufe0f"},"icq":{"count":"\u274c","amount":"\u2757\ufe0f","operator":""},"imo":{"count":"\u2705 8329  \u0639\u062f\u062f","amount":"7.88","operator":""},"ininal":{"count":"\u274c","amount":"\u2757\ufe0f","operator":"virtual23"},"instagram":{"count":"\u2705 2320  \u0639\u062f\u062f","amount":"10.5","operator":""},"iost":{"count":"\u274c","operator":"virtual18","amount":"\u2757\ufe0f"},"jd":{"count":"\u2705 1000  \u0639\u062f\u062f","amount":"12.17","operator":""},"justdating":{"count":"\u274c","amount":"\u2757\ufe0f","operator":"virtual18"},"kakaotalk":{"count":"\u2705 1000  \u0639\u062f\u062f","amount":"15","operator":"virtual2"},"keybase":{"count":"\u2705 8333  \u0639\u062f\u062f","operator":"virtual18","amount":"26.25"},"komandacard":{"count":"\u274c","operator":"virtual23","amount":"\u2757\ufe0f"},"kotak811":{"count":"\u274c","amount":"\u2757\ufe0f","operator":"virtual4"},"kufarby":{"count":"\u274c","amount":"\u2757\ufe0f","operator":"virtual4"},"kwai":{"count":"\u274c","operator":"virtual23","amount":"\u2757\ufe0f"},"lazada":{"count":"\u274c","operator":"virtual21","amount":"\u2757\ufe0f"},"lbry":{"count":"\u274c","operator":"","amount":"\u2757\ufe0f"},"lenta":{"count":"\u274c","amount":"\u2757\ufe0f","operator":""},"lianxin":{"count":"\u274c","operator":"","amount":"\u2757\ufe0f"},"line":{"count":"\u2705 1000  \u0639\u062f\u062f","amount":"7.5","operator":""},"linkedin":{"count":"\u274c","operator":"virtual18","amount":"\u2757\ufe0f"},"livescore":{"count":"\u274c","amount":"5","operator":"virtual21"},"magnit":{"count":"\u274c","amount":"\u2757\ufe0f","operator":"virtual23"},"magnolia":{"count":"\u274c","amount":"\u2757\ufe0f","operator":"virtual4"},"mailru":{"count":"\u274c","amount":"\u2757\ufe0f","operator":"virtual4"},"mamba":{"count":"\u274c","amount":"\u2757\ufe0f","operator":"virtual21"},"mcdonalds":{"count":"\u274c","amount":"\u2757\ufe0f","operator":""},"meetme":{"count":"\u274c","operator":"","amount":"\u2757\ufe0f"},"mega":{"count":"\u274c","amount":"\u2757\ufe0f","operator":""},"mercado":{"count":"\u274c","amount":"\u2757\ufe0f","operator":""},"michat":{"count":"\u2705 17808  \u0639\u062f\u062f","amount":"18.38","operator":""},"microsoft":{"count":"\u2705 1000  \u0639\u062f\u062f","amount":"10.62","operator":"virtual21"},"miratorg":{"count":"\u274c","amount":"\u2757\ufe0f","operator":"virtual18"},"mtscashback":{"count":"\u2705 200  \u0639\u062f\u062f","amount":"19.75","operator":"virtual23"},"nana":{"count":"\u274c","operator":"virtual4","amount":"\u2757\ufe0f"},"naver":{"count":"\u2705 1000  \u0639\u062f\u062f","amount":"14.36","operator":""},"netflix":{"count":"\u274c","amount":"\u2757\ufe0f","operator":"virtual12"},"nhseven":{"count":"\u274c","amount":"\u2757\ufe0f","operator":"virtual18"},"nifty":{"count":"\u274c","operator":"virtual4","amount":"\u2757\ufe0f"},"nike":{"count":"\u2705 1000  \u0639\u062f\u062f","amount":"11.93","operator":""},"nimses":{"count":"\u274c","operator":"virtual23","amount":"\u2757\ufe0f"},"nttgame":{"count":"\u2705 1000  \u0639\u062f\u062f","amount":"14.36","operator":""},"odnoklassniki":{"count":"\u274c","amount":"\u2757\ufe0f","operator":"virtual18"},"offerup":{"count":"\u274c","operator":"virtual23","amount":"\u2757\ufe0f"},"okcupid":{"count":"\u274c","operator":"virtual21","amount":"\u2757\ufe0f"},"okey":{"count":"\u274c","operator":"virtual4","amount":"\u2757\ufe0f"},"olx":{"count":"\u2705 1747  \u0639\u062f\u062f","amount":"15.75","operator":""},"openpoint":{"count":"\u274c","operator":"virtual4","amount":"\u2757\ufe0f"},"oraclecloud":{"count":"\u274c","operator":"virtual4","amount":"\u2757\ufe0f"},"other":{"count":"\u274c","amount":"\u2757\ufe0f","operator":"virtual4"},"ozon":{"count":"\u274c","amount":"\u2757\ufe0f","operator":"virtual23"},"pairs":{"count":"\u274c","amount":"\u2757\ufe0f","operator":"virtual4"},"papara":{"count":"\u2705 8344  \u0639\u062f\u062f","amount":"26.25","operator":""},"paycell":{"count":"\u2705 17808  \u0639\u062f\u062f","amount":"19.75","operator":""},"paymaya":{"count":"\u274c","operator":"virtual4","amount":"\u2757\ufe0f"},"paypal":{"count":"\u2705 1000  \u0639\u062f\u062f","amount":"31.25","operator":"virtual21"},"paysend":{"count":"\u274c","amount":"\u2757\ufe0f","operator":"virtual23"},"peoplecom":{"count":"\u274c","operator":"virtual4","amount":"\u2757\ufe0f"},"perekrestok":{"count":"\u274c","amount":"\u2757\ufe0f","operator":"virtual18"},"pof":{"count":"\u2705 1000  \u0639\u062f\u062f","amount":"11.42","operator":""},"pokec":{"count":"\u274c","operator":"virtual18","amount":"\u2757\ufe0f"},"pokermaster":{"count":"\u274c","operator":"virtual4","amount":"\u2757\ufe0f"},"potato":{"count":"\u274c","amount":"\u2757\ufe0f","operator":""},"proton":{"count":"\u274c","operator":"","amount":"\u2757\ufe0f"},"protp":{"count":"\u2705 1000  \u0639\u062f\u062f","amount":"12.5","operator":""},"pubg":{"count":"\u274c","operator":"virtual23","amount":"\u2757\ufe0f"},"pyaterochka":{"count":"\u274c","amount":"\u2757\ufe0f","operator":""},"qiwiwallet":{"count":"\u274c","amount":"\u2757\ufe0f","operator":""},"quioo":{"count":"\u274c","operator":"","amount":"\u2757\ufe0f"},"quipp":{"count":"\u274c","amount":"\u2757\ufe0f","operator":""},"reuse":{"count":"\u274c","operator":"","amount":"\u2757\ufe0f"},"ripkord":{"count":"\u274c","operator":"","amount":"\u2757\ufe0f"},"samokat":{"count":"\u274c","amount":"\u2757\ufe0f","operator":""},"seosprint":{"count":"\u274c","amount":"\u2757\ufe0f","operator":""},"sheerid":{"count":"\u274c","amount":"\u2757\ufe0f","operator":""},"shopee":{"count":"\u2705 1000  \u0639\u062f\u062f","amount":"18.75","operator":""},"signal":{"count":"\u274c","operator":"virtual4","amount":"\u2757\ufe0f"},"sikayetvar":{"count":"\u274c","amount":"\u2757\ufe0f","operator":"virtual18"},"skout":{"count":"\u2705 17808  \u0639\u062f\u062f","amount":"13.13","operator":""},"snapchat":{"count":"\u2705 8306  \u0639\u062f\u062f","amount":"21","operator":""},"steam":{"count":"\u2705 1000  \u0639\u062f\u062f","amount":"14","operator":"virtual21"},"swvl":{"count":"\u274c","amount":"\u2757\ufe0f","operator":"virtual23"},"taksheel":{"count":"\u274c","operator":"virtual23","amount":"\u2757\ufe0f"},"tango":{"count":"\u274c","amount":"\u2757\ufe0f","operator":"virtual18"},"tantan":{"count":"\u274c","operator":"virtual21","amount":"\u2757\ufe0f"},"taobao":{"count":"\u274c","operator":"virtual23","amount":"\u2757\ufe0f"},"telegram":{"count":"\u2705 1000  \u0639\u062f\u062f","amount":"8.75","operator":"virtual23|virtual4|virtual18||"},"tencentqq":{"count":"\u274c","amount":"\u2757\ufe0f","operator":"virtual4"},"tiktok":{"count":"\u2705 1000  \u0639\u062f\u062f","amount":"13","operator":""},"tinder":{"count":"\u274c","amount":"12","operator":"virtual21"},"tosla":{"count":"\u274c","amount":"\u2757\ufe0f","operator":"virtual23"},"totalcoin":{"count":"\u274c","operator":"virtual23","amount":"\u2757\ufe0f"},"touchance":{"count":"\u274c","amount":"\u2757\ufe0f","operator":"virtual23"},"trendyol":{"count":"\u274c","amount":"\u2757\ufe0f","operator":"virtual4"},"truecaller":{"count":"\u2705 3996  \u0639\u062f\u062f","amount":"17.13","operator":"virtual21"},"twitter":{"count":"\u2705 1000  \u0639\u062f\u062f","amount":"15.36","operator":""},"uber":{"count":"\u2705 4203  \u0639\u062f\u062f","amount":"19.75","operator":""},"uploaded":{"count":"\u274c","operator":"virtual23","amount":"\u2757\ufe0f"},"vernyi":{"count":"\u274c","operator":"virtual4","amount":"\u2757\ufe0f"},"viber":{"count":"\u2705 3154  \u0639\u062f\u062f","amount":"10.5","operator":""},"vkontakte":{"count":"\u2705 1000  \u0639\u062f\u062f","amount":"9.13","operator":""},"voopee":{"count":"\u274c","operator":"virtual18","amount":"\u2757\ufe0f"},"wechat":{"count":"\u274c","operator":"virtual23","amount":"\u2757\ufe0f"},"weibo":{"count":"\u2705 1740  \u0639\u062f\u062f","amount":"15.75","operator":"virtual23"},"weku":{"count":"\u274c","operator":"virtual4","amount":"\u2757\ufe0f"},"whatsapp":{"count":"\u2705 1000  \u0639\u062f\u062f","amount":"12.77","operator":""},"winston":{"count":"\u274c","operator":"virtual23","amount":"\u2757\ufe0f"},"wish":{"count":"\u274c","amount":"\u2757\ufe0f","operator":"virtual23"},"yahoo":{"count":"\u2705 1000  \u0639\u062f\u062f","amount":"16.52","operator":"virtual21"},"yalla":{"count":"\u2705 8326  \u0639\u062f\u062f","operator":"virtual18","amount":"18.38"},"yandex":{"count":"\u2705 1547  \u0639\u062f\u062f","amount":"13.13","operator":"virtual4"},"yemeksepeti":{"count":"\u274c","amount":"\u2757\ufe0f","operator":"virtual4"},"youdo":{"count":"\u274c","operator":"virtual4","amount":"\u2757\ufe0f"},"youla":{"count":"\u274c","amount":"\u2757\ufe0f","operator":"virtual23"},"zalo":{"count":"\u274c","amount":"\u2757\ufe0f","operator":"virtual4"},"zoho":{"count":"\u2705 17808  \u0639\u062f\u062f","amount":"15.75","operator":""},"digikala":{"count":"\u274c","amount":"\u2757\ufe0f","operator":"virtual4"},"divar":{"count":"\u274c","amount":"\u2757\ufe0f","operator":"virtual4"},"hamrahaval":{"count":"\u274c","amount":"\u2757\ufe0f","operator":"virtual4"},"irancell":{"count":"\u274c","amount":"\u2757\ufe0f","operator":"virtual23"},"zomato":{"count":"\u2705 1000  \u0639\u062f\u062f","amount":"12.5","operator":""},"":{"operator":"||||"}}