{"1688":{"count":"\u2705 1000  \u0639\u062f\u062f","amount":"14.5","operator":""},"1xbet":{"count":"\u2705 1000  \u0639\u062f\u062f","amount":"21.31","operator":""},"23red":{"count":"\u274c","operator":"virtual21","amount":"\u2757\ufe0f"},"ace2three":{"count":"\u274c","operator":"virtual23","amount":"\u2757\ufe0f"},"adidas":{"count":"\u2705 607  \u0639\u062f\u062f","amount":"9","operator":""},"airbnb":{"count":"\u2705 607  \u0639\u062f\u062f","amount":"5","operator":""},"airtel":{"count":"\u2705 607  \u0639\u062f\u062f","amount":"7","operator":"virtual4"},"akelni":{"count":"\u274c","operator":"virtual4","amount":"\u2757\ufe0f"},"alibaba":{"count":"\u2705 1000  \u0639\u062f\u062f","amount":"16.27","operator":""},"aliexpress":{"count":"\u2705 520  \u0639\u062f\u062f","operator":"","amount":"1.9"},"alipay":{"count":"\u2705 606  \u0639\u062f\u062f","amount":"9","operator":"virtual23"},"amasia":{"count":"\u2705 607  \u0639\u062f\u062f","amount":"5","operator":"virtual4"},"amazon":{"count":"\u2705 1000  \u0639\u062f\u062f","amount":"13.09","operator":""},"aol":{"count":"\u2705 384  \u0639\u062f\u062f","amount":"4","operator":""},"avito":{"count":"\u2705 606  \u0639\u062f\u062f","amount":"8","operator":"virtual23"},"azino":{"count":"\u274c","operator":"virtual4","amount":"\u2757\ufe0f"},"b4ucabs":{"count":"\u274c","operator":"virtual4","amount":"\u2757\ufe0f"},"bigcash":{"count":"\u274c","operator":"virtual4","amount":"\u2757\ufe0f"},"bigolive":{"count":"\u2705 606  \u0639\u062f\u062f","amount":"5","operator":""},"bitclout":{"count":"\u274c","operator":"","amount":"\u2757\ufe0f"},"bittube":{"count":"\u274c","operator":"","amount":"\u2757\ufe0f"},"blablacar":{"count":"\u2705 461  \u0639\u062f\u062f","amount":"9","operator":""},"blizzard":{"count":"\u2705 1000  \u0639\u062f\u062f","amount":"13.39","operator":""},"blockchain":{"count":"\u274c","operator":"virtual21","amount":"\u2757\ufe0f"},"burgerking":{"count":"\u2705 607  \u0639\u062f\u062f","amount":"8","operator":"virtual4"},"careem":{"count":"\u2705 280  \u0639\u062f\u062f","amount":"18","operator":""},"cdkeys":{"count":"\u2705 607  \u0639\u062f\u062f","amount":"6","operator":""},"cekkazan":{"count":"\u274c","operator":"","amount":"\u2757\ufe0f"},"citymobil":{"count":"\u2705 607  \u0639\u062f\u062f","amount":"8","operator":""},"clickentregas":{"count":"\u274c","operator":"","amount":"\u2757\ufe0f"},"coinbase":{"count":"\u2705 606  \u0639\u062f\u062f","amount":"22","operator":""},"craigslist":{"count":"\u2705 1000  \u0639\u062f\u062f","amount":"21.2","operator":""},"deliveroo":{"count":"\u2705 607  \u0639\u062f\u062f","amount":"7","operator":"virtual23"},"delivery":{"count":"\u2705 607  \u0639\u062f\u062f","amount":"6","operator":"virtual4"},"dent":{"count":"\u2705 607  \u0639\u062f\u062f","amount":"2","operator":""},"didi":{"count":"\u2705 604  \u0639\u062f\u062f","amount":"8","operator":""},"discord":{"count":"\u2705 582  \u0639\u062f\u062f","amount":"7","operator":""},"dixy":{"count":"\u274c","operator":"virtual4","amount":"\u2757\ufe0f"},"dodopizza":{"count":"\u2705 607  \u0639\u062f\u062f","amount":"6","operator":""},"domdara":{"count":"\u274c","operator":"","amount":"\u2757\ufe0f"},"dostavista":{"count":"\u2705 607  \u0639\u062f\u062f","amount":"8","operator":""},"douyu":{"count":"\u2705 1000  \u0639\u062f\u062f","amount":"28.3","operator":""},"drom":{"count":"\u2705 607  \u0639\u062f\u062f","amount":"6","operator":"virtual23"},"drugvokrug":{"count":"\u2705 607  \u0639\u062f\u062f","amount":"5","operator":""},"dukascopy":{"count":"\u274c","operator":"","amount":"\u2757\ufe0f"},"ebay":{"count":"\u2705 436  \u0639\u062f\u062f","amount":"5","operator":""},"edgeless":{"count":"\u274c","operator":"virtual23","amount":"\u2757\ufe0f"},"electroneum":{"count":"\u274c","operator":"virtual23","amount":"\u2757\ufe0f"},"ezway":{"count":"\u274c","operator":"","amount":"\u2757\ufe0f"},"facebook":{"count":"\u2705 94  \u0639\u062f\u062f","amount":"5","operator":""},"fiverr":{"count":"\u274c","operator":"virtual18","amount":"\u2757\ufe0f"},"flipkart":{"count":"\u274c","operator":"virtual23","amount":"\u2757\ufe0f"},"foodpanda":{"count":"\u2705 1000  \u0639\u062f\u062f","amount":"12.51","operator":""},"foody":{"count":"\u2705 607  \u0639\u062f\u062f","amount":"7","operator":"virtual23"},"forwarding":{"count":"\u274c","operator":"virtual21","amount":"\u2757\ufe0f"},"galaxy":{"count":"\u274c","operator":"virtual4","amount":"\u2757\ufe0f"},"gameflip":{"count":"\u274c","operator":"","amount":"\u2757\ufe0f"},"gcash":{"count":"\u274c","operator":"","amount":"\u2757\ufe0f"},"get":{"count":"\u274c","operator":"","amount":"\u2757\ufe0f"},"getir":{"count":"\u2705 607  \u0639\u062f\u062f","amount":"6","operator":""},"gett":{"count":"\u2705 607  \u0639\u062f\u062f","amount":"6","operator":""},"globus":{"count":"\u2705 607  \u0639\u062f\u062f","amount":"7","operator":""},"glovo":{"count":"\u274c","operator":"","amount":"\u2757\ufe0f"},"google":{"count":"\u2705 19  \u0639\u062f\u062f","amount":"7","operator":""},"grabtaxi":{"count":"\u2705 607  \u0639\u062f\u062f","amount":"6","operator":"virtual23"},"green":{"count":"\u274c","operator":"virtual23","amount":"\u2757\ufe0f"},"grindr":{"count":"\u2705 607  \u0639\u062f\u062f","amount":"7","operator":""},"haraj":{"count":"\u2705 607  \u0639\u062f\u062f","amount":"36","operator":""},"hezzl":{"count":"\u2705 607  \u0639\u062f\u062f","amount":"8","operator":""},"hopi":{"count":"\u2705 607  \u0639\u062f\u062f","amount":"6","operator":""},"hqtrivia":{"count":"\u2705 565  \u0639\u062f\u062f","amount":"1","operator":""},"icard":{"count":"\u274c","operator":"virtual21","amount":"\u2757\ufe0f"},"icq":{"count":"\u2705 606  \u0639\u062f\u062f","amount":"5","operator":""},"imo":{"count":"\u2705 600  \u0639\u062f\u062f","amount":"15","operator":""},"ininal":{"count":"\u2705 607  \u0639\u062f\u062f","amount":"5","operator":""},"instagram":{"count":"\u2705 452  \u0639\u062f\u062f","amount":"9","operator":"virtual21|virtual18|virtual23|virtual4|"},"iost":{"count":"\u274c","operator":"virtual18","amount":"\u2757\ufe0f"},"jd":{"count":"\u2705 22  \u0639\u062f\u062f","amount":"8","operator":""},"justdating":{"count":"\u2705 607  \u0639\u062f\u062f","amount":"7","operator":"virtual23"},"kakaotalk":{"count":"\u2705 23  \u0639\u062f\u062f","amount":"5","operator":""},"keybase":{"count":"\u2705 607  \u0639\u062f\u062f","amount":"14","operator":""},"komandacard":{"count":"\u274c","operator":"virtual23","amount":"\u2757\ufe0f"},"kotak811":{"count":"\u2705 607  \u0639\u062f\u062f","amount":"7","operator":"virtual18"},"kufarby":{"count":"\u2705 607  \u0639\u062f\u062f","amount":"7","operator":"virtual4"},"kwai":{"count":"\u274c","operator":"virtual18","amount":"\u2757\ufe0f"},"lazada":{"count":"\u274c","operator":"virtual4","amount":"\u2757\ufe0f"},"lbry":{"count":"\u274c","operator":"","amount":"\u2757\ufe0f"},"lenta":{"count":"\u2705 607  \u0639\u062f\u062f","amount":"6","operator":""},"lianxin":{"count":"\u274c","operator":"","amount":"\u2757\ufe0f"},"line":{"count":"\u2705 605  \u0639\u062f\u062f","amount":"11","operator":""},"linkedin":{"count":"\u2705 493  \u0639\u062f\u062f","operator":"virtual23","amount":"18"},"livescore":{"count":"\u2705 607  \u0639\u062f\u062f","amount":"13","operator":"virtual4"},"magnit":{"count":"\u2705 607  \u0639\u062f\u062f","amount":"8","operator":"virtual4"},"magnolia":{"count":"\u2705 607  \u0639\u062f\u062f","amount":"5","operator":""},"mailru":{"count":"\u2705 597  \u0639\u062f\u062f","amount":"3","operator":""},"mamba":{"count":"\u2705 603  \u0639\u062f\u062f","amount":"8","operator":""},"mcdonalds":{"count":"\u2705 607  \u0639\u062f\u062f","amount":"5","operator":""},"meetme":{"count":"\u274c","operator":"","amount":"\u2757\ufe0f"},"mega":{"count":"\u2705 607  \u0639\u062f\u062f","amount":"8","operator":""},"mercado":{"count":"\u2705 607  \u0639\u062f\u062f","amount":"6","operator":""},"michat":{"count":"\u2705 607  \u0639\u062f\u062f","amount":"17","operator":""},"microsoft":{"count":"\u2705 7  \u0639\u062f\u062f","amount":"2","operator":"virtual21|virtual18|virtual23|virtual4|"},"miratorg":{"count":"\u2705 607  \u0639\u062f\u062f","amount":"6","operator":"virtual4"},"mtscashback":{"count":"\u274c","operator":"virtual23","amount":"\u2757\ufe0f"},"nana":{"count":"\u274c","operator":"virtual4","amount":"\u2757\ufe0f"},"naver":{"count":"\u2705 1000  \u0639\u062f\u062f","amount":"14","operator":""},"netflix":{"count":"\u2705 1000  \u0639\u062f\u062f","amount":"13.24","operator":""},"nhseven":{"count":"\u2705 607  \u0639\u062f\u062f","amount":"8","operator":"virtual4"},"nifty":{"count":"\u274c","operator":"virtual23","amount":"\u2757\ufe0f"},"nike":{"count":"\u274c","amount":"\u2757\ufe0f","operator":"virtual18"},"nimses":{"count":"\u274c","operator":"virtual23","amount":"\u2757\ufe0f"},"nttgame":{"count":"\u2705 1000  \u0639\u062f\u062f","amount":"12.53","operator":""},"odnoklassniki":{"count":"\u2705 425  \u0639\u062f\u062f","amount":"3","operator":"virtual23"},"offerup":{"count":"\u2705 3578  \u0639\u062f\u062f","operator":"virtual23","amount":"19.75"},"okcupid":{"count":"\u274c","operator":"virtual21","amount":"\u2757\ufe0f"},"okey":{"count":"\u274c","operator":"virtual4","amount":"\u2757\ufe0f"},"olx":{"count":"\u2705 584  \u0639\u062f\u062f","amount":"12","operator":""},"openpoint":{"count":"\u274c","operator":"virtual4","amount":"\u2757\ufe0f"},"oraclecloud":{"count":"\u274c","operator":"virtual4","amount":"\u2757\ufe0f"},"other":{"count":"\u2705 606  \u0639\u062f\u062f","amount":"10","operator":""},"ozon":{"count":"\u2705 605  \u0639\u062f\u062f","amount":"7","operator":""},"pairs":{"count":"\u2705 607  \u0639\u062f\u062f","amount":"9","operator":""},"papara":{"count":"\u2705 10559  \u0639\u062f\u062f","amount":"28.88","operator":""},"paycell":{"count":"\u2705 607  \u0639\u062f\u062f","amount":"18","operator":""},"paymaya":{"count":"\u274c","operator":"virtual4","amount":"\u2757\ufe0f"},"paypal":{"count":"\u2705 551  \u0639\u062f\u062f","amount":"30","operator":"virtual2"},"paysend":{"count":"\u2705 607  \u0639\u062f\u062f","amount":"5","operator":"virtual4"},"peoplecom":{"count":"\u274c","operator":"virtual4","amount":"\u2757\ufe0f"},"perekrestok":{"count":"\u2705 607  \u0639\u062f\u062f","amount":"6","operator":""},"pof":{"count":"\u2705 1000  \u0639\u062f\u062f","amount":"11.99","operator":""},"pokec":{"count":"\u274c","operator":"virtual4","amount":"\u2757\ufe0f"},"pokermaster":{"count":"\u274c","operator":"virtual4","amount":"\u2757\ufe0f"},"potato":{"count":"\u2705 607  \u0639\u062f\u062f","amount":"6","operator":""},"proton":{"count":"\u274c","operator":"","amount":"\u2757\ufe0f"},"protp":{"count":"\u2705 607  \u0639\u062f\u062f","amount":"7","operator":""},"pubg":{"count":"\u274c","operator":"virtual23","amount":"\u2757\ufe0f"},"pyaterochka":{"count":"\u2705 607  \u0639\u062f\u062f","amount":"5","operator":""},"qiwiwallet":{"count":"\u2705 607  \u0639\u062f\u062f","amount":"7","operator":""},"quioo":{"count":"\u274c","operator":"","amount":"\u2757\ufe0f"},"quipp":{"count":"\u2705 607  \u0639\u062f\u062f","amount":"5","operator":""},"reuse":{"count":"\u274c","operator":"","amount":"\u2757\ufe0f"},"ripkord":{"count":"\u274c","operator":"","amount":"\u2757\ufe0f"},"samokat":{"count":"\u2705 607  \u0639\u062f\u062f","amount":"7","operator":""},"seosprint":{"count":"\u2705 607  \u0639\u062f\u062f","amount":"2","operator":""},"sheerid":{"count":"\u2705 607  \u0639\u062f\u062f","amount":"6","operator":""},"shopee":{"count":"\u2705 1000  \u0639\u062f\u062f","amount":"26","operator":""},"signal":{"count":"\u274c","operator":"virtual4","amount":"\u2757\ufe0f"},"sikayetvar":{"count":"\u2705 607  \u0639\u062f\u062f","amount":"7","operator":"virtual23"},"skout":{"count":"\u2705 160  \u0639\u062f\u062f","amount":"8","operator":""},"snapchat":{"count":"\u2705 18526  \u0639\u062f\u062f","amount":"21","operator":""},"steam":{"count":"\u2705 604  \u0639\u062f\u062f","amount":"5","operator":""},"swvl":{"count":"\u2705 426  \u0639\u062f\u062f","amount":"6","operator":"virtual23"},"taksheel":{"count":"\u274c","operator":"virtual23","amount":"\u2757\ufe0f"},"tango":{"count":"\u2705 607  \u0639\u062f\u062f","amount":"7","operator":""},"tantan":{"count":"\u274c","operator":"virtual21","amount":"\u2757\ufe0f"},"taobao":{"count":"\u2705 1000  \u0639\u062f\u062f","amount":"15.64","operator":""},"telegram":{"count":"\u2705 26  \u0639\u062f\u062f","amount":"7.5","operator":"||||"},"tencentqq":{"count":"\u2705 436  \u0639\u062f\u062f","amount":"11","operator":"virtual18"},"tiktok":{"count":"\u2705 7  \u0639\u062f\u062f","amount":"1","operator":""},"tinder":{"count":"\u2705 1000  \u0639\u062f\u062f","amount":"12","operator":""},"tosla":{"count":"\u2705 607  \u0639\u062f\u062f","amount":"6","operator":"virtual23"},"totalcoin":{"count":"\u274c","operator":"virtual23","amount":"\u2757\ufe0f"},"touchance":{"count":"\u2705 607  \u0639\u062f\u062f","amount":"5","operator":"virtual4"},"trendyol":{"count":"\u2705 607  \u0639\u062f\u062f","amount":"9","operator":"virtual23"},"truecaller":{"count":"\u2705 606  \u0639\u062f\u062f","amount":"16","operator":""},"twitter":{"count":"\u2705 448  \u0639\u062f\u062f","amount":"6","operator":"virtual21|virtual4|virtual18|virtual23|"},"uber":{"count":"\u2705 99  \u0639\u062f\u062f","amount":"6","operator":""},"uploaded":{"count":"\u274c","operator":"virtual18","amount":"\u2757\ufe0f"},"vernyi":{"count":"\u274c","operator":"virtual4","amount":"\u2757\ufe0f"},"viber":{"count":"\u2705 351  \u0639\u062f\u062f","amount":"6","operator":""},"vkontakte":{"count":"\u2705 135  \u0639\u062f\u062f","operator":"virtual18","amount":"13"},"voopee":{"count":"\u274c","operator":"virtual18","amount":"\u2757\ufe0f"},"wechat":{"count":"\u274c","operator":"virtual23","amount":"\u2757\ufe0f"},"weibo":{"count":"\u2705 607  \u0639\u062f\u062f","amount":"14","operator":""},"weku":{"count":"\u274c","operator":"virtual4","amount":"\u2757\ufe0f"},"whatsapp":{"count":"\u2705 1000  \u0639\u062f\u062f","amount":"49.88","operator":"virtual21|virtual18|virtual23|virtual4|"},"winston":{"count":"\u274c","operator":"virtual23","amount":"\u2757\ufe0f"},"wish":{"count":"\u2705 606  \u0639\u062f\u062f","amount":"8","operator":"virtual4"},"yahoo":{"count":"\u2705 74  \u0639\u062f\u062f","amount":"2","operator":"virtual23"},"yalla":{"count":"\u274c","operator":"virtual18","amount":"\u2757\ufe0f"},"yandex":{"count":"\u2705 606  \u0639\u062f\u062f","amount":"2","operator":""},"yemeksepeti":{"count":"\u2705 607  \u0639\u062f\u062f","amount":"6","operator":"virtual4"},"youdo":{"count":"\u274c","operator":"virtual4","amount":"\u2757\ufe0f"},"youla":{"count":"\u2705 607  \u0639\u062f\u062f","amount":"3","operator":""},"zalo":{"count":"\u2705 607  \u0639\u062f\u062f","amount":"3","operator":""},"zoho":{"count":"\u2705 605  \u0639\u062f\u062f","amount":"13","operator":""},"digikala":{"count":"\u2705 607  \u0639\u062f\u062f","amount":"7","operator":""},"divar":{"count":"\u2705 607  \u0639\u062f\u062f","amount":"8","operator":""},"hamrahaval":{"count":"\u2705 607  \u0639\u062f\u062f","amount":"7","operator":""},"irancell":{"count":"\u2705 607  \u0639\u062f\u062f","amount":"7","operator":""},"zomato":{"count":"\u2705 1000  \u0639\u062f\u062f","amount":"12.5","operator":""},"wa":{"operator":"||||"},"":{"operator":"||||"}}