{"1688":{"count":"\u2705 1782  \u0639\u062f\u062f","amount":"10","operator":"virtual23"},"1xbet":{"count":"\u2705 1  \u0639\u062f\u062f","amount":"8","operator":"virtual18"},"23red":{"count":"\u274c","operator":"virtual21","amount":"\u2757\ufe0f"},"ace2three":{"count":"\u274c","operator":"virtual23","amount":"\u2757\ufe0f"},"adidas":{"count":"\u2705 1789  \u0639\u062f\u062f","amount":"10","operator":""},"airbnb":{"count":"\u2705 1788  \u0639\u062f\u062f","amount":"9","operator":"virtual23"},"airtel":{"count":"\u2705 1  \u0639\u062f\u062f","amount":"7","operator":"virtual23"},"akelni":{"count":"\u274c","operator":"virtual4","amount":"\u2757\ufe0f"},"alibaba":{"count":"\u2705 1679  \u0639\u062f\u062f","amount":"10","operator":"virtual21"},"aliexpress":{"count":"\u2705 28  \u0639\u062f\u062f","amount":"2","operator":""},"alipay":{"count":"\u2705 1789  \u0639\u062f\u062f","amount":"10","operator":"virtual4"},"amasia":{"count":"\u2705 1  \u0639\u062f\u062f","amount":"9","operator":"virtual23"},"amazon":{"count":"\u2705 1498  \u0639\u062f\u062f","amount":"12","operator":"virtual18"},"aol":{"count":"\u2705 1788  \u0639\u062f\u062f","amount":"8","operator":"virtual4"},"avito":{"count":"\u2705 1  \u0639\u062f\u062f","amount":"9","operator":"virtual18"},"azino":{"count":"\u274c","operator":"virtual4","amount":"\u2757\ufe0f"},"b4ucabs":{"count":"\u274c","operator":"virtual4","amount":"\u2757\ufe0f"},"bigcash":{"count":"\u274c","operator":"virtual4","amount":"\u2757\ufe0f"},"bigolive":{"count":"\u2705 1  \u0639\u062f\u062f","amount":"9","operator":"virtual18"},"bitclout":{"count":"\u2705 1789  \u0639\u062f\u062f","amount":"10","operator":""},"bittube":{"count":"\u274c","operator":"","amount":"\u2757\ufe0f"},"blablacar":{"count":"\u2705 1  \u0639\u062f\u062f","amount":"10","operator":""},"blizzard":{"count":"\u2705 106  \u0639\u062f\u062f","amount":"2","operator":"virtual18"},"blockchain":{"count":"\u2705 1789  \u0639\u062f\u062f","amount":"2","operator":"virtual21"},"burgerking":{"count":"\u2705 1  \u0639\u062f\u062f","amount":"7","operator":"virtual4"},"careem":{"count":"\u2705 1789  \u0639\u062f\u062f","amount":"6","operator":"virtual4"},"cdkeys":{"count":"\u2705 1  \u0639\u062f\u062f","amount":"10","operator":"virtual4"},"cekkazan":{"count":"\u274c","operator":"","amount":"\u2757\ufe0f"},"citymobil":{"count":"\u2705 1  \u0639\u062f\u062f","amount":"8","operator":""},"clickentregas":{"count":"\u274c","operator":"","amount":"\u2757\ufe0f"},"coinbase":{"count":"\u2705 1788  \u0639\u062f\u062f","amount":"18","operator":"virtual4"},"craigslist":{"count":"\u2705 1  \u0639\u062f\u062f","amount":"7","operator":"virtual18"},"deliveroo":{"count":"\u2705 1777  \u0639\u062f\u062f","amount":"10","operator":"virtual18"},"delivery":{"count":"\u2705 1  \u0639\u062f\u062f","amount":"10","operator":"virtual23"},"dent":{"count":"\u2705 1  \u0639\u062f\u062f","amount":"2","operator":""},"didi":{"count":"\u274c","amount":"\u2757\ufe0f","operator":"virtual21"},"discord":{"count":"\u2705 1763  \u0639\u062f\u062f","amount":"2","operator":"virtual4"},"dixy":{"count":"\u274c","operator":"virtual4","amount":"\u2757\ufe0f"},"dodopizza":{"count":"\u2705 1  \u0639\u062f\u062f","amount":"5","operator":"virtual4"},"domdara":{"count":"\u274c","operator":"","amount":"\u2757\ufe0f"},"dostavista":{"count":"\u2705 1  \u0639\u062f\u062f","amount":"6","operator":""},"douyu":{"count":"\u274c","operator":"virtual23","amount":"\u2757\ufe0f"},"drom":{"count":"\u2705 1  \u0639\u062f\u062f","amount":"6","operator":"virtual23"},"drugvokrug":{"count":"\u2705 1  \u0639\u062f\u062f","amount":"7","operator":"virtual23"},"dukascopy":{"count":"\u2705 1789  \u0639\u062f\u062f","amount":"2","operator":""},"ebay":{"count":"\u2705 1737  \u0639\u062f\u062f","amount":"15","operator":"virtual18"},"edgeless":{"count":"\u274c","operator":"virtual21","amount":"\u2757\ufe0f"},"electroneum":{"count":"\u2705 1789  \u0639\u062f\u062f","amount":"2","operator":"virtual23"},"ezway":{"count":"\u274c","operator":"","amount":"\u2757\ufe0f"},"facebook":{"count":"\u2705 229  \u0639\u062f\u062f","amount":"8","operator":"virtual18"},"fiverr":{"count":"\u2705 1501  \u0639\u062f\u062f","amount":"2","operator":"virtual18"},"flipkart":{"count":"\u274c","operator":"virtual23","amount":"\u2757\ufe0f"},"foodpanda":{"count":"\u2705 1152  \u0639\u062f\u062f","amount":"7","operator":"virtual18"},"foody":{"count":"\u2705 1  \u0639\u062f\u062f","amount":"6","operator":"virtual4"},"forwarding":{"count":"\u274c","operator":"virtual4","amount":"\u2757\ufe0f"},"galaxy":{"count":"\u274c","operator":"virtual4","amount":"\u2757\ufe0f"},"gameflip":{"count":"\u2705 1789  \u0639\u062f\u062f","amount":"2","operator":""},"gcash":{"count":"\u274c","operator":"","amount":"\u2757\ufe0f"},"get":{"count":"\u274c","operator":"","amount":"\u2757\ufe0f"},"getir":{"count":"\u274c","amount":"\u2757\ufe0f","operator":""},"gett":{"count":"\u2705 1789  \u0639\u062f\u062f","amount":"1","operator":""},"globus":{"count":"\u2705 1  \u0639\u062f\u062f","amount":"9","operator":""},"glovo":{"count":"\u274c","operator":"","amount":"\u2757\ufe0f"},"google":{"count":"\u274c","operator":"virtual18","amount":"\u2757\ufe0f"},"grabtaxi":{"count":"\u2705 1786  \u0639\u062f\u062f","amount":"2","operator":"virtual18"},"green":{"count":"\u274c","operator":"virtual23","amount":"\u2757\ufe0f"},"grindr":{"count":"\u2705 1  \u0639\u062f\u062f","amount":"10","operator":"virtual4"},"haraj":{"count":"\u2705 1  \u0639\u062f\u062f","amount":"8","operator":"virtual4"},"hezzl":{"count":"\u2705 1  \u0639\u062f\u062f","amount":"10","operator":"virtual4"},"hopi":{"count":"\u2705 1  \u0639\u062f\u062f","amount":"7","operator":""},"hqtrivia":{"count":"\u2705 1777  \u0639\u062f\u062f","amount":"1","operator":""},"icard":{"count":"\u274c","operator":"virtual21","amount":"\u2757\ufe0f"},"icq":{"count":"\u274c","amount":"\u2757\ufe0f","operator":""},"imo":{"count":"\u2705 1789  \u0639\u062f\u062f","amount":"1","operator":"virtual23"},"ininal":{"count":"\u2705 1  \u0639\u062f\u062f","amount":"8","operator":"virtual23"},"instagram":{"count":"\u2705 1465  \u0639\u062f\u062f","amount":"9","operator":"virtual18"},"iost":{"count":"\u274c","operator":"virtual21","amount":"\u2757\ufe0f"},"jd":{"count":"\u2705 137  \u0639\u062f\u062f","amount":"12","operator":"virtual18"},"justdating":{"count":"\u2705 1  \u0639\u062f\u062f","amount":"8","operator":"virtual18"},"kakaotalk":{"count":"\u274c","operator":"virtual23","amount":"\u2757\ufe0f"},"keybase":{"count":"\u2705 1  \u0639\u062f\u062f","amount":"8","operator":""},"komandacard":{"count":"\u274c","operator":"virtual23","amount":"\u2757\ufe0f"},"kotak811":{"count":"\u2705 1  \u0639\u062f\u062f","amount":"7","operator":"virtual4"},"kufarby":{"count":"\u2705 1  \u0639\u062f\u062f","amount":"6","operator":"virtual4"},"kwai":{"count":"\u2705 1514  \u0639\u062f\u062f","amount":"3","operator":"virtual23"},"lazada":{"count":"\u2705 1789  \u0639\u062f\u062f","operator":"virtual21","amount":"24"},"lbry":{"count":"\u2705 1788  \u0639\u062f\u062f","amount":"2","operator":""},"lenta":{"count":"\u2705 1  \u0639\u062f\u062f","amount":"10","operator":""},"lianxin":{"count":"\u274c","operator":"","amount":"\u2757\ufe0f"},"line":{"count":"\u2705 1789  \u0639\u062f\u062f","amount":"5","operator":""},"linkedin":{"count":"\u2705 1783  \u0639\u062f\u062f","amount":"5","operator":"virtual21"},"livescore":{"count":"\u2705 1  \u0639\u062f\u062f","amount":"36","operator":"virtual21"},"magnit":{"count":"\u2705 1  \u0639\u062f\u062f","amount":"10","operator":"virtual23"},"magnolia":{"count":"\u2705 1  \u0639\u062f\u062f","amount":"9","operator":"virtual4"},"mailru":{"count":"\u2705 1788  \u0639\u062f\u062f","amount":"7","operator":"virtual4"},"mamba":{"count":"\u2705 1789  \u0639\u062f\u062f","amount":"0.6","operator":"virtual4"},"mcdonalds":{"count":"\u2705 1  \u0639\u062f\u062f","amount":"7","operator":""},"meetme":{"count":"\u2705 1788  \u0639\u062f\u062f","amount":"2","operator":""},"mega":{"count":"\u2705 1  \u0639\u062f\u062f","amount":"8","operator":""},"mercado":{"count":"\u2705 1  \u0639\u062f\u062f","amount":"7","operator":""},"michat":{"count":"\u2705 1789  \u0639\u062f\u062f","amount":"2","operator":""},"microsoft":{"count":"\u2705 1  \u0639\u062f\u062f","amount":"8.5","operator":"virtual18"},"miratorg":{"count":"\u2705 1  \u0639\u062f\u062f","amount":"6","operator":"virtual23"},"mtscashback":{"count":"\u2705 1  \u0639\u062f\u062f","amount":"10","operator":"virtual23"},"nana":{"count":"\u274c","operator":"virtual4","amount":"\u2757\ufe0f"},"naver":{"count":"\u2705 1779  \u0639\u062f\u062f","amount":"10","operator":"virtual18"},"netflix":{"count":"\u2705 1787  \u0639\u062f\u062f","amount":"10","operator":"virtual18"},"nhseven":{"count":"\u2705 1  \u0639\u062f\u062f","amount":"10","operator":"virtual4"},"nifty":{"count":"\u2705 1789  \u0639\u062f\u062f","amount":"10","operator":"virtual4"},"nike":{"count":"\u2705 154  \u0639\u062f\u062f","operator":"virtual18","amount":"13"},"nimses":{"count":"\u274c","operator":"virtual23","amount":"\u2757\ufe0f"},"nttgame":{"count":"\u2705 1789  \u0639\u062f\u062f","amount":"2","operator":""},"odnoklassniki":{"count":"\u2705 1787  \u0639\u062f\u062f","amount":"7","operator":"virtual18"},"offerup":{"count":"\u2705 1  \u0639\u062f\u062f","amount":"6","operator":"virtual4"},"okcupid":{"count":"\u2705 1767  \u0639\u062f\u062f","amount":"15","operator":"virtual21"},"okey":{"count":"\u274c","operator":"virtual4","amount":"\u2757\ufe0f"},"olx":{"count":"\u2705 1  \u0639\u062f\u062f","amount":"9","operator":"virtual4"},"openpoint":{"count":"\u274c","operator":"virtual21","amount":"\u2757\ufe0f"},"oraclecloud":{"count":"\u274c","operator":"virtual4","amount":"\u2757\ufe0f"},"other":{"count":"\u2705 1398  \u0639\u062f\u062f","amount":"15","operator":"lycamobile||||"},"ozon":{"count":"\u2705 1  \u0639\u062f\u062f","amount":"6","operator":"virtual23"},"pairs":{"count":"\u2705 1  \u0639\u062f\u062f","amount":"9","operator":"virtual4"},"papara":{"count":"\u2705 1  \u0639\u062f\u062f","amount":"18","operator":""},"paycell":{"count":"\u2705 1  \u0639\u062f\u062f","amount":"5","operator":"virtual4"},"paymaya":{"count":"\u274c","operator":"virtual4","amount":"\u2757\ufe0f"},"paypal":{"count":"\u2705 1655  \u0639\u062f\u062f","amount":"20","operator":"lycamobile|virtual23|||"},"paysend":{"count":"\u2705 1  \u0639\u062f\u062f","amount":"8","operator":"virtual4"},"peoplecom":{"count":"\u274c","operator":"virtual4","amount":"\u2757\ufe0f"},"perekrestok":{"count":"\u2705 1  \u0639\u062f\u062f","amount":"8","operator":"virtual18"},"pof":{"count":"\u2705 1355  \u0639\u062f\u062f","amount":"10","operator":"virtual18"},"pokec":{"count":"\u274c","operator":"virtual4","amount":"\u2757\ufe0f"},"pokermaster":{"count":"\u2705 1789  \u0639\u062f\u062f","amount":"2","operator":"virtual4"},"potato":{"count":"\u2705 1  \u0639\u062f\u062f","amount":"9","operator":""},"proton":{"count":"\u274c","operator":"","amount":"\u2757\ufe0f"},"protp":{"count":"\u2705 1  \u0639\u062f\u062f","amount":"7","operator":""},"pubg":{"count":"\u274c","operator":"virtual23","amount":"\u2757\ufe0f"},"pyaterochka":{"count":"\u2705 1  \u0639\u062f\u062f","amount":"6","operator":""},"qiwiwallet":{"count":"\u2705 1788  \u0639\u062f\u062f","amount":"5","operator":"lycamobile||||"},"quioo":{"count":"\u274c","operator":"","amount":"\u2757\ufe0f"},"quipp":{"count":"\u2705 1  \u0639\u062f\u062f","amount":"7","operator":""},"reuse":{"count":"\u274c","operator":"","amount":"\u2757\ufe0f"},"ripkord":{"count":"\u274c","operator":"","amount":"\u2757\ufe0f"},"samokat":{"count":"\u2705 1  \u0639\u062f\u062f","amount":"6","operator":""},"seosprint":{"count":"\u2705 1789  \u0639\u062f\u062f","amount":"2","operator":""},"sheerid":{"count":"\u2705 1  \u0639\u062f\u062f","amount":"9","operator":""},"shopee":{"count":"\u2705 1  \u0639\u062f\u062f","amount":"7","operator":"virtual23"},"signal":{"count":"\u274c","operator":"virtual4","amount":"\u2757\ufe0f"},"sikayetvar":{"count":"\u2705 1  \u0639\u062f\u062f","amount":"9","operator":"virtual18"},"skout":{"count":"\u274c","operator":"virtual4","amount":"\u2757\ufe0f"},"snapchat":{"count":"\u2705 1696  \u0639\u062f\u062f","amount":"2","operator":"virtual4"},"steam":{"count":"\u2705 1772  \u0639\u062f\u062f","amount":"7.6","operator":"virtual18"},"swvl":{"count":"\u2705 1  \u0639\u062f\u062f","amount":"6","operator":"virtual23"},"taksheel":{"count":"\u2705 1  \u0639\u062f\u062f","amount":"7","operator":"virtual23"},"tango":{"count":"\u2705 1  \u0639\u062f\u062f","amount":"7","operator":"virtual18"},"tantan":{"count":"\u2705 1774  \u0639\u062f\u062f","amount":"12","operator":"virtual21"},"taobao":{"count":"\u274c","operator":"virtual23","amount":"\u2757\ufe0f"},"telegram":{"count":"\u2705 423  \u0639\u062f\u062f","operator":"lycamobile||||","amount":"8"},"tencentqq":{"count":"\u2705 1753  \u0639\u062f\u062f","amount":"2","operator":"virtual4"},"tiktok":{"count":"\u2705 1477  \u0639\u062f\u062f","amount":"3","operator":"virtual18"},"tinder":{"count":"\u274c","operator":"virtual18","amount":"\u2757\ufe0f"},"tosla":{"count":"\u2705 1  \u0639\u062f\u062f","amount":"7","operator":"virtual18"},"totalcoin":{"count":"\u274c","operator":"virtual23","amount":"\u2757\ufe0f"},"touchance":{"count":"\u2705 1  \u0639\u062f\u062f","amount":"8","operator":"virtual23"},"trendyol":{"count":"\u2705 1  \u0639\u062f\u062f","amount":"8","operator":"virtual4"},"truecaller":{"count":"\u2705 1789  \u0639\u062f\u062f","amount":"2","operator":"virtual4"},"twitter":{"count":"\u2705 1696  \u0639\u062f\u062f","amount":"6","operator":"virtual4"},"uber":{"count":"\u2705 1626  \u0639\u062f\u062f","amount":"5.6","operator":"virtual18"},"uploaded":{"count":"\u2705 1789  \u0639\u062f\u062f","amount":"2","operator":"virtual18"},"vernyi":{"count":"\u274c","operator":"virtual4","amount":"\u2757\ufe0f"},"viber":{"count":"\u2705 1144  \u0639\u062f\u062f","amount":"5","operator":"virtual18"},"vkontakte":{"count":"\u2705 1658  \u0639\u062f\u062f","amount":"7","operator":"virtual21"},"voopee":{"count":"\u274c","operator":"virtual18","amount":"\u2757\ufe0f"},"wechat":{"count":"\u274c","operator":"virtual21","amount":"\u2757\ufe0f"},"weibo":{"count":"\u2705 1756  \u0639\u062f\u062f","amount":"2","operator":"virtual4"},"weku":{"count":"\u2705 1789  \u0639\u062f\u062f","amount":"2","operator":"virtual4"},"whatsapp":{"count":"\u2705 981  \u0639\u062f\u062f","operator":"lycamobile||||","amount":"8"},"winston":{"count":"\u274c","operator":"virtual23","amount":"\u2757\ufe0f"},"wish":{"count":"\u2705 1  \u0639\u062f\u062f","amount":"8","operator":"virtual23"},"yahoo":{"count":"\u2705 1671  \u0639\u062f\u062f","amount":"5.2","operator":"virtual18"},"yalla":{"count":"\u2705 1758  \u0639\u062f\u062f","amount":"7","operator":"virtual18"},"yandex":{"count":"\u2705 1788  \u0639\u062f\u062f","amount":"1.3","operator":"virtual4"},"yemeksepeti":{"count":"\u2705 1  \u0639\u062f\u062f","amount":"10","operator":"virtual4"},"youdo":{"count":"\u274c","operator":"virtual4","amount":"\u2757\ufe0f"},"youla":{"count":"\u274c","amount":"\u2757\ufe0f","operator":"virtual23"},"zalo":{"count":"\u2705 1  \u0639\u062f\u062f","amount":"10","operator":"virtual4"},"zoho":{"count":"\u2705 1  \u0639\u062f\u062f","amount":"9","operator":"virtual4"},"digikala":{"count":"\u2705 1  \u0639\u062f\u062f","amount":"8","operator":"virtual4"},"divar":{"count":"\u2705 1  \u0639\u062f\u062f","amount":"8","operator":"virtual23"},"hamrahaval":{"count":"\u2705 1  \u0639\u062f\u062f","amount":"10","operator":"virtual4"},"irancell":{"count":"\u2705 1  \u0639\u062f\u062f","amount":"7","operator":"virtual23"},"zomato":{"count":"\u274c","operator":"virtual23","amount":"\u2757\ufe0f"},"":{"operator":"||||"}}