{"1688":{"count":"\u2705 1000  \u0639\u062f\u062f","amount":"14.5","operator":""},"1xbet":{"count":"\u2705 1000  \u0639\u062f\u062f","amount":"21.5","operator":""},"23red":{"count":"\u274c","operator":"virtual18","amount":"\u2757\ufe0f"},"ace2three":{"count":"\u274c","operator":"virtual18","amount":"\u2757\ufe0f"},"adidas":{"count":"\u274c","amount":"\u2757\ufe0f","operator":""},"airbnb":{"count":"\u2705 1000  \u0639\u062f\u062f","amount":"37.38","operator":"virtual21"},"airtel":{"count":"\u2705 2  \u0639\u062f\u062f","amount":"9","operator":"virtual23"},"akelni":{"count":"\u274c","amount":"\u2757\ufe0f","operator":"virtual4"},"alibaba":{"count":"\u274c","operator":"virtual23","amount":"\u2757\ufe0f"},"aliexpress":{"count":"\u2705 1000  \u0639\u062f\u062f","operator":"virtual18","amount":"25"},"alipay":{"count":"\u2705 1  \u0639\u062f\u062f","operator":"virtual21","amount":"27"},"amasia":{"count":"\u2705 2  \u0639\u062f\u062f","amount":"8","operator":"virtual23"},"amazon":{"count":"\u2705 1000  \u0639\u062f\u062f","operator":"","amount":"15"},"aol":{"count":"\u2705 1000  \u0639\u062f\u062f","amount":"13.75","operator":""},"avito":{"count":"\u274c","amount":"\u2757\ufe0f","operator":"virtual18"},"azino":{"count":"\u274c","operator":"virtual23","amount":"\u2757\ufe0f"},"b4ucabs":{"count":"\u274c","operator":"virtual4","amount":"\u2757\ufe0f"},"bigcash":{"count":"\u274c","operator":"virtual4","amount":"\u2757\ufe0f"},"bigolive":{"count":"\u2705 2  \u0639\u062f\u062f","amount":"10","operator":"virtual18"},"bitclout":{"count":"\u274c","operator":"","amount":"\u2757\ufe0f"},"bittube":{"count":"\u274c","amount":"\u2757\ufe0f","operator":""},"blablacar":{"count":"\u2705 1  \u0639\u062f\u062f","amount":"18","operator":""},"blizzard":{"count":"\u2705 1  \u0639\u062f\u062f","operator":"virtual18","amount":"14"},"blockchain":{"count":"\u274c","operator":"virtual21","amount":"\u2757\ufe0f"},"burgerking":{"count":"\u2705 2  \u0639\u062f\u062f","amount":"9","operator":"virtual4"},"careem":{"count":"\u2705 1  \u0639\u062f\u062f","amount":"21","operator":""},"cdkeys":{"count":"\u2705 2  \u0639\u062f\u062f","amount":"10","operator":"virtual4"},"cekkazan":{"count":"\u274c","amount":"\u2757\ufe0f","operator":""},"citymobil":{"count":"\u2705 2  \u0639\u062f\u062f","amount":"9","operator":""},"clickentregas":{"count":"\u274c","operator":"","amount":"\u2757\ufe0f"},"coinbase":{"count":"\u2705 1000  \u0639\u062f\u062f","amount":"25","operator":""},"craigslist":{"count":"\u2705 2  \u0639\u062f\u062f","amount":"14","operator":""},"deliveroo":{"count":"\u274c","operator":"virtual18","amount":"\u2757\ufe0f"},"delivery":{"count":"\u2705 2  \u0639\u062f\u062f","amount":"10","operator":"virtual23"},"dent":{"count":"\u2705 2  \u0639\u062f\u062f","amount":"7","operator":""},"didi":{"count":"\u2705 2  \u0639\u062f\u062f","amount":"15","operator":"lycamobile"},"discord":{"count":"\u2705 7861  \u0639\u062f\u062f","amount":"13.13","operator":""},"dixy":{"count":"\u274c","operator":"virtual4","amount":"\u2757\ufe0f"},"dodopizza":{"count":"\u2705 2  \u0639\u062f\u062f","amount":"14","operator":"virtual4"},"domdara":{"count":"\u274c","amount":"\u2757\ufe0f","operator":""},"dostavista":{"count":"\u2705 2  \u0639\u062f\u062f","amount":"9","operator":""},"douyu":{"count":"\u2705 1000  \u0639\u062f\u062f","amount":"28.3","operator":""},"drom":{"count":"\u2705 2  \u0639\u062f\u062f","amount":"14","operator":"virtual23"},"drugvokrug":{"count":"\u2705 1  \u0639\u062f\u062f","amount":"9","operator":"virtual23"},"dukascopy":{"count":"\u274c","amount":"\u2757\ufe0f","operator":""},"ebay":{"count":"\u2705 1000  \u0639\u062f\u062f","amount":"14.86","operator":""},"edgeless":{"count":"\u274c","operator":"virtual23","amount":"\u2757\ufe0f"},"electroneum":{"count":"\u274c","operator":"virtual23","amount":"\u2757\ufe0f"},"ezway":{"count":"\u274c","operator":"","amount":"\u2757\ufe0f"},"facebook":{"count":"\u274c","operator":"virtual4","amount":"\u2757\ufe0f"},"fiverr":{"count":"\u274c","operator":"virtual18","amount":"\u2757\ufe0f"},"flipkart":{"count":"\u274c","operator":"virtual23","amount":"\u2757\ufe0f"},"foodpanda":{"count":"\u2705 1  \u0639\u062f\u062f","amount":"11","operator":"virtual18"},"foody":{"count":"\u2705 2  \u0639\u062f\u062f","amount":"10","operator":"virtual4"},"forwarding":{"count":"\u274c","operator":"virtual21","amount":"\u2757\ufe0f"},"galaxy":{"count":"\u274c","operator":"","amount":"\u2757\ufe0f"},"gameflip":{"count":"\u274c","amount":"\u2757\ufe0f","operator":""},"gcash":{"count":"\u274c","amount":"\u2757\ufe0f","operator":""},"get":{"count":"\u274c","amount":"\u2757\ufe0f","operator":""},"getir":{"count":"\u274c","amount":"\u2757\ufe0f","operator":""},"gett":{"count":"\u2705 1  \u0639\u062f\u062f","amount":"9","operator":""},"globus":{"count":"\u2705 2  \u0639\u062f\u062f","amount":"11","operator":""},"glovo":{"count":"\u274c","amount":"\u2757\ufe0f","operator":""},"google":{"count":"\u274c","operator":"virtual18","amount":"\u2757\ufe0f"},"grabtaxi":{"count":"\u274c","operator":"virtual18","amount":"\u2757\ufe0f"},"green":{"count":"\u274c","amount":"\u2757\ufe0f","operator":"virtual23"},"grindr":{"count":"\u2705 2  \u0639\u062f\u062f","amount":"5","operator":""},"haraj":{"count":"\u2705 2  \u0639\u062f\u062f","amount":"23","operator":""},"hezzl":{"count":"\u2705 2  \u0639\u062f\u062f","amount":"9","operator":"virtual4"},"hopi":{"count":"\u2705 2  \u0639\u062f\u062f","amount":"11","operator":""},"hqtrivia":{"count":"\u2705 2  \u0639\u062f\u062f","amount":"12","operator":""},"icard":{"count":"\u274c","amount":"\u2757\ufe0f","operator":"virtual4"},"icq":{"count":"\u2705 1  \u0639\u062f\u062f","amount":"45","operator":""},"imo":{"count":"\u2705 1000  \u0639\u062f\u062f","operator":"virtual4","amount":"17.4"},"ininal":{"count":"\u274c","operator":"virtual23","amount":"\u2757\ufe0f"},"instagram":{"count":"\u274c","operator":"virtual18","amount":"\u2757\ufe0f"},"iost":{"count":"\u274c","operator":"virtual18","amount":"\u2757\ufe0f"},"jd":{"count":"\u2705 1000  \u0639\u062f\u062f","amount":"13","operator":""},"justdating":{"count":"\u274c","operator":"virtual18","amount":"\u2757\ufe0f"},"kakaotalk":{"count":"\u2705 1000  \u0639\u062f\u062f","operator":"virtual4","amount":"29.88"},"keybase":{"count":"\u2705 2  \u0639\u062f\u062f","amount":"14","operator":"virtual18"},"komandacard":{"count":"\u274c","operator":"virtual23","amount":"\u2757\ufe0f"},"kotak811":{"count":"\u274c","operator":"virtual4","amount":"\u2757\ufe0f"},"kufarby":{"count":"\u274c","operator":"virtual4","amount":"\u2757\ufe0f"},"kwai":{"count":"\u274c","operator":"virtual18","amount":"\u2757\ufe0f"},"lazada":{"count":"\u274c","operator":"virtual4","amount":"\u2757\ufe0f"},"lbry":{"count":"\u274c","amount":"\u2757\ufe0f","operator":""},"lenta":{"count":"\u2705 2  \u0639\u062f\u062f","amount":"18","operator":""},"lianxin":{"count":"\u274c","amount":"\u2757\ufe0f","operator":""},"line":{"count":"\u2705 1000  \u0639\u062f\u062f","amount":"12.8","operator":""},"linkedin":{"count":"\u274c","operator":"virtual18","amount":"\u2757\ufe0f"},"livescore":{"count":"\u2705 2  \u0639\u062f\u062f","amount":"36","operator":"virtual21"},"magnit":{"count":"\u2705 2  \u0639\u062f\u062f","amount":"9","operator":"virtual23"},"magnolia":{"count":"\u2705 2  \u0639\u062f\u062f","amount":"9","operator":"virtual4"},"mailru":{"count":"\u274c","operator":"virtual4","amount":"\u2757\ufe0f"},"mamba":{"count":"\u274c","amount":"\u2757\ufe0f","operator":"virtual4"},"mcdonalds":{"count":"\u2705 1  \u0639\u062f\u062f","amount":"18","operator":""},"meetme":{"count":"\u274c","amount":"\u2757\ufe0f","operator":""},"mega":{"count":"\u2705 2  \u0639\u062f\u062f","amount":"18","operator":""},"mercado":{"count":"\u2705 2  \u0639\u062f\u062f","amount":"9","operator":""},"michat":{"count":"\u2705 2  \u0639\u062f\u062f","amount":"14","operator":""},"microsoft":{"count":"\u2705 1000  \u0639\u062f\u062f","operator":"virtual18","amount":"17.5"},"miratorg":{"count":"\u2705 2  \u0639\u062f\u062f","amount":"9","operator":"virtual23"},"mtscashback":{"count":"\u2705 1  \u0639\u062f\u062f","amount":"7","operator":"virtual23"},"nana":{"count":"\u274c","operator":"virtual4","amount":"\u2757\ufe0f"},"naver":{"count":"\u2705 1000  \u0639\u062f\u062f","amount":"14","operator":""},"netflix":{"count":"\u2705 1000  \u0639\u062f\u062f","operator":"virtual21","amount":"18.75"},"nhseven":{"count":"\u2705 2  \u0639\u062f\u062f","amount":"8","operator":"virtual4"},"nifty":{"count":"\u274c","amount":"\u2757\ufe0f","operator":"virtual23"},"nike":{"count":"\u2705 1000  \u0639\u062f\u062f","amount":"10","operator":""},"nimses":{"count":"\u274c","operator":"virtual23","amount":"\u2757\ufe0f"},"nttgame":{"count":"\u274c","operator":"virtual23","amount":"\u2757\ufe0f"},"odnoklassniki":{"count":"\u274c","amount":"\u2757\ufe0f","operator":"virtual23"},"offerup":{"count":"\u2705 7436  \u0639\u062f\u062f","operator":"virtual23","amount":"19.75"},"okcupid":{"count":"\u274c","amount":"\u2757\ufe0f","operator":"virtual21"},"okey":{"count":"\u274c","operator":"virtual4","amount":"\u2757\ufe0f"},"olx":{"count":"\u2705 2  \u0639\u062f\u062f","amount":"11","operator":""},"openpoint":{"count":"\u274c","operator":"virtual4","amount":"\u2757\ufe0f"},"oraclecloud":{"count":"\u274c","operator":"virtual4","amount":"\u2757\ufe0f"},"other":{"count":"\u274c","operator":"virtual23","amount":"\u2757\ufe0f"},"ozon":{"count":"\u274c","operator":"virtual23","amount":"\u2757\ufe0f"},"pairs":{"count":"\u274c","operator":"virtual4","amount":"\u2757\ufe0f"},"papara":{"count":"\u2705 2  \u0639\u062f\u062f","amount":"26","operator":""},"paycell":{"count":"\u2705 2  \u0639\u062f\u062f","amount":"18","operator":""},"paymaya":{"count":"\u274c","operator":"virtual4","amount":"\u2757\ufe0f"},"paypal":{"count":"\u2705 1000  \u0639\u062f\u062f","operator":"virtual18","amount":"35"},"paysend":{"count":"\u274c","operator":"virtual4","amount":"\u2757\ufe0f"},"peoplecom":{"count":"\u274c","operator":"virtual4","amount":"\u2757\ufe0f"},"perekrestok":{"count":"\u2705 2  \u0639\u062f\u062f","amount":"41","operator":"virtual18"},"pof":{"count":"\u2705 1000  \u0639\u062f\u062f","amount":"13","operator":""},"pokec":{"count":"\u274c","operator":"virtual4","amount":"\u2757\ufe0f"},"pokermaster":{"count":"\u274c","operator":"virtual23","amount":"\u2757\ufe0f"},"potato":{"count":"\u2705 2  \u0639\u062f\u062f","amount":"45","operator":""},"proton":{"count":"\u274c","amount":"\u2757\ufe0f","operator":""},"protp":{"count":"\u2705 2  \u0639\u062f\u062f","amount":"6","operator":""},"pubg":{"count":"\u274c","amount":"\u2757\ufe0f","operator":"virtual23"},"pyaterochka":{"count":"\u2705 2  \u0639\u062f\u062f","amount":"18","operator":""},"qiwiwallet":{"count":"\u2705 2  \u0639\u062f\u062f","amount":"91","operator":""},"quioo":{"count":"\u274c","operator":"","amount":"\u2757\ufe0f"},"quipp":{"count":"\u2705 2  \u0639\u062f\u062f","amount":"27","operator":""},"reuse":{"count":"\u274c","amount":"\u2757\ufe0f","operator":""},"ripkord":{"count":"\u274c","amount":"\u2757\ufe0f","operator":""},"samokat":{"count":"\u2705 2  \u0639\u062f\u062f","amount":"7","operator":""},"seosprint":{"count":"\u2705 2  \u0639\u062f\u062f","amount":"36","operator":""},"sheerid":{"count":"\u2705 2  \u0639\u062f\u062f","amount":"9","operator":""},"shopee":{"count":"\u2705 2  \u0639\u062f\u062f","amount":"18","operator":"virtual21"},"signal":{"count":"\u274c","operator":"virtual4","amount":"\u2757\ufe0f"},"sikayetvar":{"count":"\u2705 2  \u0639\u062f\u062f","amount":"5","operator":"virtual4"},"skout":{"count":"\u2705 2  \u0639\u062f\u062f","amount":"12","operator":""},"snapchat":{"count":"\u2705 7946  \u0639\u062f\u062f","amount":"21","operator":"lycamobile"},"steam":{"count":"\u274c","operator":"virtual18","amount":"\u2757\ufe0f"},"swvl":{"count":"\u274c","operator":"virtual23","amount":"\u2757\ufe0f"},"taksheel":{"count":"\u274c","operator":"virtual23","amount":"\u2757\ufe0f"},"tango":{"count":"\u274c","operator":"virtual23","amount":"\u2757\ufe0f"},"tantan":{"count":"\u274c","operator":"virtual21","amount":"\u2757\ufe0f"},"taobao":{"count":"\u2705 1000  \u0639\u062f\u062f","amount":"15","operator":""},"telegram":{"count":"\u2705 1000  \u0639\u062f\u062f","operator":"virtual18|virtual23|||","amount":"16"},"tencentqq":{"count":"\u2705 1  \u0639\u062f\u062f","amount":"6","operator":"virtual18"},"tiktok":{"count":"\u2705 1000  \u0639\u062f\u062f","amount":"12","operator":"virtual18|virtual23|||"},"tinder":{"count":"\u2705 7754  \u0639\u062f\u062f","amount":"52.5","operator":""},"tosla":{"count":"\u2705 2  \u0639\u062f\u062f","amount":"8","operator":"virtual18"},"totalcoin":{"count":"\u274c","operator":"virtual23","amount":"\u2757\ufe0f"},"touchance":{"count":"\u2705 2  \u0639\u062f\u062f","amount":"14","operator":"virtual23"},"trendyol":{"count":"\u2705 2  \u0639\u062f\u062f","amount":"14","operator":"virtual4"},"truecaller":{"count":"\u2705 2  \u0639\u062f\u062f","amount":"16","operator":"virtual23"},"twitter":{"count":"\u2705 1000  \u0639\u062f\u062f","amount":"12.5","operator":""},"uber":{"count":"\u274c","operator":"virtual18","amount":"\u2757\ufe0f"},"uploaded":{"count":"\u274c","operator":"virtual18","amount":"\u2757\ufe0f"},"vernyi":{"count":"\u274c","operator":"virtual4","amount":"\u2757\ufe0f"},"viber":{"count":"\u2705 1000  \u0639\u062f\u062f","amount":"11.5","operator":""},"vkontakte":{"count":"\u2705 1000  \u0639\u062f\u062f","operator":"virtual18","amount":"21.25"},"voopee":{"count":"\u274c","operator":"virtual18","amount":"\u2757\ufe0f"},"wechat":{"count":"\u274c","operator":"virtual21","amount":"\u2757\ufe0f"},"weibo":{"count":"\u2705 2  \u0639\u062f\u062f","amount":"14","operator":"virtual12"},"weku":{"count":"\u274c","amount":"\u2757\ufe0f","operator":"virtual4"},"whatsapp":{"count":"\u274c","operator":"virtual23","amount":"\u2757\ufe0f"},"winston":{"count":"\u274c","operator":"virtual23","amount":"\u2757\ufe0f"},"wish":{"count":"\u2705 1  \u0639\u062f\u062f","amount":"6","operator":"virtual21"},"yahoo":{"count":"\u274c","amount":"\u2757\ufe0f","operator":"virtual18"},"yalla":{"count":"\u274c","operator":"virtual18","amount":"\u2757\ufe0f"},"yandex":{"count":"\u2705 7108  \u0639\u062f\u062f","amount":"13.13","operator":"virtual23"},"yemeksepeti":{"count":"\u2705 2  \u0639\u062f\u062f","amount":"10","operator":"virtual4"},"youdo":{"count":"\u274c","amount":"\u2757\ufe0f","operator":"virtual4"},"youla":{"count":"\u274c","amount":"\u2757\ufe0f","operator":"virtual23"},"zalo":{"count":"\u2705 2  \u0639\u062f\u062f","amount":"7","operator":"virtual4"},"zoho":{"count":"\u2705 2  \u0639\u062f\u062f","amount":"14","operator":""},"digikala":{"count":"\u2705 2  \u0639\u062f\u062f","amount":"10","operator":"virtual4"},"divar":{"count":"\u2705 2  \u0639\u062f\u062f","amount":"10","operator":"virtual23"},"hamrahaval":{"count":"\u2705 2  \u0639\u062f\u062f","amount":"7","operator":"virtual23"},"irancell":{"count":"\u2705 2  \u0639\u062f\u062f","amount":"8","operator":"virtual23"},"zomato":{"count":"\u2705 1000  \u0639\u062f\u062f","amount":"12.5","operator":""},"":{"operator":"||||"}}