{"1688":{"count":"\u2705 1000  \u0639\u062f\u062f","amount":"14.88","operator":""},"1xbet":{"count":"\u2705 1000  \u0639\u062f\u062f","amount":"21.92","operator":""},"23red":{"count":"\u274c","operator":"virtual18","amount":"\u2757\ufe0f"},"ace2three":{"count":"\u274c","operator":"virtual18","amount":"\u2757\ufe0f"},"adidas":{"count":"\u2705 2  \u0639\u062f\u062f","amount":"6","operator":""},"airbnb":{"count":"\u2705 2  \u0639\u062f\u062f","amount":"2","operator":""},"airtel":{"count":"\u2705 2  \u0639\u062f\u062f","amount":"6","operator":"virtual4"},"akelni":{"count":"\u274c","operator":"virtual4","amount":"\u2757\ufe0f"},"alibaba":{"count":"\u2705 1000  \u0639\u062f\u062f","amount":"16.32","operator":""},"aliexpress":{"count":"\u2705 2  \u0639\u062f\u062f","operator":"virtual18","amount":"1.9"},"alipay":{"count":"\u2705 2  \u0639\u062f\u062f","amount":"9","operator":"virtual21"},"amasia":{"count":"\u2705 2  \u0639\u062f\u062f","amount":"8","operator":"virtual4"},"amazon":{"count":"\u2705 1000  \u0639\u062f\u062f","amount":"12.74","operator":""},"aol":{"count":"\u2705 1  \u0639\u062f\u062f","amount":"2","operator":""},"avito":{"count":"\u2705 2  \u0639\u062f\u062f","amount":"9","operator":"virtual23"},"azino":{"count":"\u274c","operator":"virtual23","amount":"\u2757\ufe0f"},"b4ucabs":{"count":"\u274c","operator":"virtual4","amount":"\u2757\ufe0f"},"bigcash":{"count":"\u274c","operator":"virtual4","amount":"\u2757\ufe0f"},"bigolive":{"count":"\u2705 2  \u0639\u062f\u062f","amount":"8","operator":""},"bitclout":{"count":"\u274c","operator":"","amount":"\u2757\ufe0f"},"bittube":{"count":"\u274c","operator":"","amount":"\u2757\ufe0f"},"blablacar":{"count":"\u2705 2  \u0639\u062f\u062f","amount":"14","operator":""},"blizzard":{"count":"\u2705 1000  \u0639\u062f\u062f","amount":"11.56","operator":""},"blockchain":{"count":"\u274c","operator":"virtual21","amount":"\u2757\ufe0f"},"burgerking":{"count":"\u2705 2  \u0639\u062f\u062f","amount":"10","operator":"virtual4"},"careem":{"count":"\u2705 2  \u0639\u062f\u062f","amount":"24","operator":""},"cdkeys":{"count":"\u2705 2  \u0639\u062f\u062f","amount":"9","operator":""},"cekkazan":{"count":"\u274c","operator":"","amount":"\u2757\ufe0f"},"citymobil":{"count":"\u2705 2  \u0639\u062f\u062f","amount":"7","operator":""},"clickentregas":{"count":"\u274c","operator":"","amount":"\u2757\ufe0f"},"coinbase":{"count":"\u2705 2  \u0639\u062f\u062f","amount":"24","operator":""},"craigslist":{"count":"\u2705 1000  \u0639\u062f\u062f","amount":"20.84","operator":""},"deliveroo":{"count":"\u2705 2  \u0639\u062f\u062f","amount":"9","operator":"virtual23"},"delivery":{"count":"\u2705 2  \u0639\u062f\u062f","amount":"5","operator":"virtual4"},"dent":{"count":"\u2705 2  \u0639\u062f\u062f","amount":"2","operator":"virtual21"},"didi":{"count":"\u2705 2  \u0639\u062f\u062f","amount":"6","operator":""},"discord":{"count":"\u2705 2  \u0639\u062f\u062f","amount":"12","operator":""},"dixy":{"count":"\u274c","operator":"virtual4","amount":"\u2757\ufe0f"},"dodopizza":{"count":"\u2705 2  \u0639\u062f\u062f","amount":"6","operator":""},"domdara":{"count":"\u274c","operator":"","amount":"\u2757\ufe0f"},"dostavista":{"count":"\u2705 2  \u0639\u062f\u062f","amount":"10","operator":""},"douyu":{"count":"\u2705 1000  \u0639\u062f\u062f","amount":"28.3","operator":""},"drom":{"count":"\u2705 2  \u0639\u062f\u062f","amount":"10","operator":"virtual23"},"drugvokrug":{"count":"\u2705 2  \u0639\u062f\u062f","amount":"9","operator":""},"dukascopy":{"count":"\u274c","operator":"","amount":"\u2757\ufe0f"},"ebay":{"count":"\u2705 2  \u0639\u062f\u062f","amount":"14","operator":""},"edgeless":{"count":"\u274c","operator":"virtual23","amount":"\u2757\ufe0f"},"electroneum":{"count":"\u274c","operator":"virtual23","amount":"\u2757\ufe0f"},"ezway":{"count":"\u274c","operator":"","amount":"\u2757\ufe0f"},"facebook":{"count":"\u2705 1000  \u0639\u062f\u062f","amount":"12.3","operator":"virtual4"},"fiverr":{"count":"\u274c","operator":"virtual18","amount":"\u2757\ufe0f"},"flipkart":{"count":"\u274c","operator":"virtual21","amount":"\u2757\ufe0f"},"foodpanda":{"count":"\u2705 1000  \u0639\u062f\u062f","amount":"13.55","operator":""},"foody":{"count":"\u2705 2  \u0639\u062f\u062f","amount":"5","operator":"virtual4"},"forwarding":{"count":"\u274c","operator":"virtual21","amount":"\u2757\ufe0f"},"galaxy":{"count":"\u274c","operator":"","amount":"\u2757\ufe0f"},"gameflip":{"count":"\u274c","operator":"","amount":"\u2757\ufe0f"},"gcash":{"count":"\u274c","operator":"","amount":"\u2757\ufe0f"},"get":{"count":"\u274c","operator":"","amount":"\u2757\ufe0f"},"getir":{"count":"\u2705 2  \u0639\u062f\u062f","amount":"6","operator":""},"gett":{"count":"\u2705 2  \u0639\u062f\u062f","amount":"9","operator":""},"globus":{"count":"\u2705 2  \u0639\u062f\u062f","amount":"10","operator":""},"glovo":{"count":"\u274c","operator":"","amount":"\u2757\ufe0f"},"google":{"count":"\u2705 1000  \u0639\u062f\u062f","amount":"13.41","operator":""},"grabtaxi":{"count":"\u2705 2  \u0639\u062f\u062f","amount":"9","operator":"virtual4"},"green":{"count":"\u274c","operator":"virtual23","amount":"\u2757\ufe0f"},"grindr":{"count":"\u2705 2  \u0639\u062f\u062f","amount":"9","operator":""},"haraj":{"count":"\u2705 2  \u0639\u062f\u062f","amount":"36","operator":""},"hezzl":{"count":"\u2705 2  \u0639\u062f\u062f","amount":"9","operator":""},"hopi":{"count":"\u2705 2  \u0639\u062f\u062f","amount":"6","operator":""},"hqtrivia":{"count":"\u2705 2  \u0639\u062f\u062f","amount":"1","operator":""},"icard":{"count":"\u274c","operator":"virtual4","amount":"\u2757\ufe0f"},"icq":{"count":"\u2705 2  \u0639\u062f\u062f","amount":"7","operator":""},"imo":{"count":"\u2705 2  \u0639\u062f\u062f","amount":"16","operator":""},"ininal":{"count":"\u2705 2  \u0639\u062f\u062f","amount":"5","operator":""},"instagram":{"count":"\u2705 1000  \u0639\u062f\u062f","amount":"13","operator":"virtual21"},"iost":{"count":"\u274c","operator":"virtual18","amount":"\u2757\ufe0f"},"jd":{"count":"\u2705 1  \u0639\u062f\u062f","amount":"8","operator":""},"justdating":{"count":"\u2705 2  \u0639\u062f\u062f","amount":"5","operator":"virtual23"},"kakaotalk":{"count":"\u2705 1000  \u0639\u062f\u062f","amount":"25","operator":"virtual2"},"keybase":{"count":"\u274c","amount":"\u2757\ufe0f","operator":"virtual23"},"komandacard":{"count":"\u274c","operator":"virtual23","amount":"\u2757\ufe0f"},"kotak811":{"count":"\u2705 2  \u0639\u062f\u062f","amount":"6","operator":"virtual23"},"kufarby":{"count":"\u2705 2  \u0639\u062f\u062f","amount":"6","operator":"virtual4"},"kwai":{"count":"\u274c","operator":"virtual18","amount":"\u2757\ufe0f"},"lazada":{"count":"\u274c","operator":"virtual4","amount":"\u2757\ufe0f"},"lbry":{"count":"\u274c","operator":"","amount":"\u2757\ufe0f"},"lenta":{"count":"\u2705 2  \u0639\u062f\u062f","amount":"7","operator":""},"lianxin":{"count":"\u274c","operator":"","amount":"\u2757\ufe0f"},"line":{"count":"\u2705 1000  \u0639\u062f\u062f","amount":"12.8","operator":""},"linkedin":{"count":"\u2705 23362  \u0639\u062f\u062f","amount":"19.75","operator":"virtual18"},"livescore":{"count":"\u2705 2  \u0639\u062f\u062f","amount":"14","operator":"virtual4"},"magnit":{"count":"\u2705 2  \u0639\u062f\u062f","amount":"9","operator":"virtual4"},"magnolia":{"count":"\u2705 2  \u0639\u062f\u062f","amount":"7","operator":""},"mailru":{"count":"\u2705 2  \u0639\u062f\u062f","amount":"9","operator":""},"mamba":{"count":"\u2705 2  \u0639\u062f\u062f","amount":"9","operator":""},"mcdonalds":{"count":"\u2705 2  \u0639\u062f\u062f","amount":"6","operator":""},"meetme":{"count":"\u274c","operator":"","amount":"\u2757\ufe0f"},"mega":{"count":"\u2705 1  \u0639\u062f\u062f","amount":"5","operator":""},"mercado":{"count":"\u2705 2  \u0639\u062f\u062f","amount":"7","operator":""},"michat":{"count":"\u2705 2  \u0639\u062f\u062f","amount":"17","operator":""},"microsoft":{"count":"\u2705 1000  \u0639\u062f\u062f","amount":"10.03","operator":""},"miratorg":{"count":"\u2705 2  \u0639\u062f\u062f","amount":"6","operator":"virtual23"},"mtscashback":{"count":"\u2705 200  \u0639\u062f\u062f","amount":"19.75","operator":"virtual23"},"nana":{"count":"\u274c","operator":"virtual4","amount":"\u2757\ufe0f"},"naver":{"count":"\u2705 1000  \u0639\u062f\u062f","amount":"12.75","operator":""},"netflix":{"count":"\u2705 1000  \u0639\u062f\u062f","amount":"12.8","operator":""},"nhseven":{"count":"\u2705 2  \u0639\u062f\u062f","amount":"9","operator":"virtual23"},"nifty":{"count":"\u274c","operator":"virtual23","amount":"\u2757\ufe0f"},"nike":{"count":"\u2705 2  \u0639\u062f\u062f","amount":"10","operator":""},"nimses":{"count":"\u274c","operator":"virtual23","amount":"\u2757\ufe0f"},"nttgame":{"count":"\u274c","operator":"virtual18","amount":"\u2757\ufe0f"},"odnoklassniki":{"count":"\u2705 1  \u0639\u062f\u062f","amount":"3","operator":"virtual23"},"offerup":{"count":"\u2705 310  \u0639\u062f\u062f","operator":"virtual23","amount":"19.75"},"okcupid":{"count":"\u274c","operator":"virtual21","amount":"\u2757\ufe0f"},"okey":{"count":"\u274c","operator":"virtual4","amount":"\u2757\ufe0f"},"olx":{"count":"\u2705 2  \u0639\u062f\u062f","amount":"14","operator":""},"openpoint":{"count":"\u274c","operator":"virtual4","amount":"\u2757\ufe0f"},"oraclecloud":{"count":"\u274c","operator":"virtual4","amount":"\u2757\ufe0f"},"other":{"count":"\u2705 2  \u0639\u062f\u062f","amount":"10","operator":"virtual23"},"ozon":{"count":"\u2705 2  \u0639\u062f\u062f","amount":"9","operator":""},"pairs":{"count":"\u2705 2  \u0639\u062f\u062f","amount":"6","operator":""},"papara":{"count":"\u2705 2  \u0639\u062f\u062f","amount":"24","operator":""},"paycell":{"count":"\u2705 2  \u0639\u062f\u062f","amount":"18","operator":""},"paymaya":{"count":"\u274c","operator":"virtual4","amount":"\u2757\ufe0f"},"paypal":{"count":"\u2705 2  \u0639\u062f\u062f","amount":"30","operator":"virtual2"},"paysend":{"count":"\u2705 2  \u0639\u062f\u062f","amount":"5","operator":"virtual4"},"peoplecom":{"count":"\u274c","operator":"virtual23","amount":"\u2757\ufe0f"},"perekrestok":{"count":"\u2705 2  \u0639\u062f\u062f","amount":"8","operator":""},"pof":{"count":"\u2705 1000  \u0639\u062f\u062f","amount":"11.69","operator":""},"pokec":{"count":"\u274c","operator":"virtual4","amount":"\u2757\ufe0f"},"pokermaster":{"count":"\u274c","operator":"virtual4","amount":"\u2757\ufe0f"},"potato":{"count":"\u2705 2  \u0639\u062f\u062f","amount":"6","operator":""},"proton":{"count":"\u274c","operator":"","amount":"\u2757\ufe0f"},"protp":{"count":"\u2705 2  \u0639\u062f\u062f","amount":"9","operator":""},"pubg":{"count":"\u274c","operator":"virtual23","amount":"\u2757\ufe0f"},"pyaterochka":{"count":"\u2705 2  \u0639\u062f\u062f","amount":"5","operator":""},"qiwiwallet":{"count":"\u2705 2  \u0639\u062f\u062f","amount":"7","operator":""},"quioo":{"count":"\u274c","operator":"","amount":"\u2757\ufe0f"},"quipp":{"count":"\u2705 2  \u0639\u062f\u062f","amount":"6","operator":""},"reuse":{"count":"\u274c","operator":"","amount":"\u2757\ufe0f"},"ripkord":{"count":"\u274c","operator":"","amount":"\u2757\ufe0f"},"samokat":{"count":"\u2705 2  \u0639\u062f\u062f","amount":"8","operator":""},"seosprint":{"count":"\u2705 2  \u0639\u062f\u062f","amount":"7","operator":""},"sheerid":{"count":"\u2705 2  \u0639\u062f\u062f","amount":"5","operator":""},"shopee":{"count":"\u2705 2  \u0639\u062f\u062f","amount":"18","operator":""},"signal":{"count":"\u274c","operator":"virtual4","amount":"\u2757\ufe0f"},"sikayetvar":{"count":"\u2705 2  \u0639\u062f\u062f","amount":"7","operator":"virtual23"},"skout":{"count":"\u2705 2  \u0639\u062f\u062f","amount":"12","operator":""},"snapchat":{"count":"\u2705 14694  \u0639\u062f\u062f","amount":"21","operator":"lycamobile"},"steam":{"count":"\u2705 2  \u0639\u062f\u062f","amount":"11","operator":""},"swvl":{"count":"\u2705 2  \u0639\u062f\u062f","amount":"8","operator":"virtual18"},"taksheel":{"count":"\u274c","operator":"virtual23","amount":"\u2757\ufe0f"},"tango":{"count":"\u2705 2  \u0639\u062f\u062f","amount":"5","operator":""},"tantan":{"count":"\u274c","operator":"virtual21","amount":"\u2757\ufe0f"},"taobao":{"count":"\u2705 1000  \u0639\u062f\u062f","amount":"17.46","operator":""},"telegram":{"count":"\u2705 1000  \u0639\u062f\u062f","amount":"11.18","operator":"virtual18|virtual23|virtual4||"},"tencentqq":{"count":"\u2705 250  \u0639\u062f\u062f","amount":"11.88","operator":"virtual18"},"tiktok":{"count":"\u2705 1000  \u0639\u062f\u062f","amount":"13","operator":""},"tinder":{"count":"\u2705 1000  \u0639\u062f\u062f","amount":"12","operator":""},"tosla":{"count":"\u2705 2  \u0639\u062f\u062f","amount":"7","operator":"virtual23"},"totalcoin":{"count":"\u274c","operator":"virtual23","amount":"\u2757\ufe0f"},"touchance":{"count":"\u2705 2  \u0639\u062f\u062f","amount":"10","operator":"virtual23"},"trendyol":{"count":"\u2705 2  \u0639\u062f\u062f","amount":"6","operator":"virtual23"},"truecaller":{"count":"\u2705 2  \u0639\u062f\u062f","amount":"16","operator":""},"twitter":{"count":"\u2705 1  \u0639\u062f\u062f","amount":"9","operator":"virtual4"},"uber":{"count":"\u2705 2  \u0639\u062f\u062f","amount":"12","operator":""},"uploaded":{"count":"\u274c","operator":"virtual18","amount":"\u2757\ufe0f"},"vernyi":{"count":"\u274c","operator":"virtual4","amount":"\u2757\ufe0f"},"viber":{"count":"\u2705 1000  \u0639\u062f\u062f","amount":"11.5","operator":""},"vkontakte":{"count":"\u2705 1000  \u0639\u062f\u062f","amount":"10.64","operator":""},"voopee":{"count":"\u274c","operator":"virtual18","amount":"\u2757\ufe0f"},"wechat":{"count":"\u274c","operator":"virtual23","amount":"\u2757\ufe0f"},"weibo":{"count":"\u2705 2  \u0639\u062f\u062f","amount":"14","operator":""},"weku":{"count":"\u274c","operator":"virtual4","amount":"\u2757\ufe0f"},"whatsapp":{"count":"\u2705 1000  \u0639\u062f\u062f","amount":"10.41","operator":"virtual18|virtual23|||"},"winston":{"count":"\u274c","operator":"virtual21","amount":"\u2757\ufe0f"},"wish":{"count":"\u2705 2  \u0639\u062f\u062f","amount":"6","operator":"virtual4"},"yahoo":{"count":"\u2705 1000  \u0639\u062f\u062f","amount":"13.22","operator":""},"yalla":{"count":"\u274c","amount":"\u2757\ufe0f","operator":"virtual23"},"yandex":{"count":"\u2705 2  \u0639\u062f\u062f","amount":"11","operator":""},"yemeksepeti":{"count":"\u2705 2  \u0639\u062f\u062f","amount":"6","operator":"virtual4"},"youdo":{"count":"\u274c","operator":"virtual4","amount":"\u2757\ufe0f"},"youla":{"count":"\u2705 2  \u0639\u062f\u062f","amount":"6","operator":""},"zalo":{"count":"\u2705 2  \u0639\u062f\u062f","amount":"3","operator":""},"zoho":{"count":"\u2705 2  \u0639\u062f\u062f","amount":"14","operator":""},"digikala":{"count":"\u2705 2  \u0639\u062f\u062f","amount":"8","operator":""},"divar":{"count":"\u2705 2  \u0639\u062f\u062f","amount":"8","operator":""},"hamrahaval":{"count":"\u2705 2  \u0639\u062f\u062f","amount":"6","operator":""},"irancell":{"count":"\u2705 2  \u0639\u062f\u062f","amount":"6","operator":""},"zomato":{"count":"\u2705 1000  \u0639\u062f\u062f","amount":"12.5","operator":""}}