{"1688":{"count":"\u2705 1000  \u0639\u062f\u062f","amount":"14.44","operator":""},"1xbet":{"count":"\u2705 1000  \u0639\u062f\u062f","amount":"21.5","operator":""},"23red":{"count":"\u274c","operator":"virtual18","amount":"\u2757\ufe0f"},"ace2three":{"count":"\u274c","operator":"virtual23","amount":"\u2757\ufe0f"},"adidas":{"count":"\u2705 82  \u0639\u062f\u062f","amount":"8","operator":""},"airbnb":{"count":"\u2705 82  \u0639\u062f\u062f","amount":"20","operator":""},"airtel":{"count":"\u2705 82  \u0639\u062f\u062f","amount":"8","operator":"virtual4"},"akelni":{"count":"\u274c","operator":"virtual23","amount":"\u2757\ufe0f"},"alibaba":{"count":"\u2705 63  \u0639\u062f\u062f","amount":"14","operator":""},"aliexpress":{"count":"\u2705 82  \u0639\u062f\u062f","operator":"","amount":"1.9"},"alipay":{"count":"\u2705 82  \u0639\u062f\u062f","amount":"21","operator":""},"amasia":{"count":"\u2705 82  \u0639\u062f\u062f","amount":"6","operator":"virtual4"},"amazon":{"count":"\u2705 1000  \u0639\u062f\u062f","amount":"12.27","operator":""},"aol":{"count":"\u2705 57  \u0639\u062f\u062f","amount":"13","operator":""},"avito":{"count":"\u2705 82  \u0639\u062f\u062f","amount":"8","operator":"virtual23"},"azino":{"count":"\u274c","operator":"virtual23","amount":"\u2757\ufe0f"},"b4ucabs":{"count":"\u274c","operator":"virtual4","amount":"\u2757\ufe0f"},"bigcash":{"count":"\u274c","operator":"virtual4","amount":"\u2757\ufe0f"},"bigolive":{"count":"\u2705 82  \u0639\u062f\u062f","amount":"7","operator":""},"bitclout":{"count":"\u274c","operator":"","amount":"\u2757\ufe0f"},"bittube":{"count":"\u274c","operator":"","amount":"\u2757\ufe0f"},"blablacar":{"count":"\u2705 82  \u0639\u062f\u062f","amount":"6","operator":""},"blizzard":{"count":"\u2705 77  \u0639\u062f\u062f","amount":"10","operator":""},"blockchain":{"count":"\u274c","operator":"virtual23","amount":"\u2757\ufe0f"},"burgerking":{"count":"\u2705 82  \u0639\u062f\u062f","amount":"5","operator":"virtual4"},"careem":{"count":"\u2705 82  \u0639\u062f\u062f","amount":"24","operator":""},"cdkeys":{"count":"\u2705 82  \u0639\u062f\u062f","amount":"9","operator":""},"cekkazan":{"count":"\u274c","operator":"","amount":"\u2757\ufe0f"},"citymobil":{"count":"\u2705 82  \u0639\u062f\u062f","amount":"9","operator":""},"clickentregas":{"count":"\u274c","operator":"","amount":"\u2757\ufe0f"},"coinbase":{"count":"\u2705 82  \u0639\u062f\u062f","amount":"24","operator":""},"craigslist":{"count":"\u2705 82  \u0639\u062f\u062f","amount":"19","operator":""},"deliveroo":{"count":"\u2705 82  \u0639\u062f\u062f","amount":"10","operator":"virtual23"},"delivery":{"count":"\u2705 82  \u0639\u062f\u062f","amount":"9","operator":"virtual4"},"dent":{"count":"\u2705 82  \u0639\u062f\u062f","amount":"14","operator":""},"didi":{"count":"\u2705 82  \u0639\u062f\u062f","amount":"8","operator":""},"discord":{"count":"\u2705 81  \u0639\u062f\u062f","amount":"12","operator":""},"dixy":{"count":"\u274c","operator":"virtual23","amount":"\u2757\ufe0f"},"dodopizza":{"count":"\u2705 82  \u0639\u062f\u062f","amount":"8","operator":""},"domdara":{"count":"\u274c","operator":"","amount":"\u2757\ufe0f"},"dostavista":{"count":"\u2705 82  \u0639\u062f\u062f","amount":"8","operator":""},"douyu":{"count":"\u2705 1000  \u0639\u062f\u062f","amount":"28.3","operator":""},"drom":{"count":"\u2705 82  \u0639\u062f\u062f","amount":"7","operator":"virtual23"},"drugvokrug":{"count":"\u2705 82  \u0639\u062f\u062f","amount":"6","operator":""},"dukascopy":{"count":"\u274c","operator":"","amount":"\u2757\ufe0f"},"ebay":{"count":"\u2705 68  \u0639\u062f\u062f","amount":"14","operator":""},"edgeless":{"count":"\u274c","operator":"virtual23","amount":"\u2757\ufe0f"},"electroneum":{"count":"\u274c","operator":"virtual4","amount":"\u2757\ufe0f"},"ezway":{"count":"\u274c","operator":"","amount":"\u2757\ufe0f"},"facebook":{"count":"\u2705 1000  \u0639\u062f\u062f","amount":"9.3","operator":""},"fiverr":{"count":"\u274c","operator":"virtual18","amount":"\u2757\ufe0f"},"flipkart":{"count":"\u274c","operator":"virtual4","amount":"\u2757\ufe0f"},"foodpanda":{"count":"\u2705 82  \u0639\u062f\u062f","amount":"11","operator":""},"foody":{"count":"\u2705 82  \u0639\u062f\u062f","amount":"9","operator":"virtual23"},"forwarding":{"count":"\u274c","operator":"virtual21","amount":"\u2757\ufe0f"},"galaxy":{"count":"\u274c","operator":"","amount":"\u2757\ufe0f"},"gameflip":{"count":"\u274c","operator":"","amount":"\u2757\ufe0f"},"gcash":{"count":"\u274c","operator":"","amount":"\u2757\ufe0f"},"get":{"count":"\u274c","operator":"","amount":"\u2757\ufe0f"},"getir":{"count":"\u2705 82  \u0639\u062f\u062f","amount":"6","operator":""},"gett":{"count":"\u2705 82  \u0639\u062f\u062f","amount":"7","operator":""},"globus":{"count":"\u2705 82  \u0639\u062f\u062f","amount":"6","operator":""},"glovo":{"count":"\u274c","operator":"","amount":"\u2757\ufe0f"},"google":{"count":"\u2705 1000  \u0639\u062f\u062f","amount":"13.5","operator":""},"grabtaxi":{"count":"\u2705 82  \u0639\u062f\u062f","amount":"6","operator":"virtual23"},"green":{"count":"\u274c","operator":"virtual23","amount":"\u2757\ufe0f"},"grindr":{"count":"\u2705 82  \u0639\u062f\u062f","amount":"8","operator":""},"haraj":{"count":"\u2705 82  \u0639\u062f\u062f","amount":"36","operator":""},"hezzl":{"count":"\u2705 82  \u0639\u062f\u062f","amount":"5","operator":""},"hopi":{"count":"\u2705 82  \u0639\u062f\u062f","amount":"5","operator":""},"hqtrivia":{"count":"\u2705 82  \u0639\u062f\u062f","amount":"12","operator":""},"icard":{"count":"\u274c","operator":"virtual4","amount":"\u2757\ufe0f"},"icq":{"count":"\u2705 82  \u0639\u062f\u062f","amount":"6","operator":""},"imo":{"count":"\u2705 82  \u0639\u062f\u062f","amount":"16","operator":""},"ininal":{"count":"\u2705 82  \u0639\u062f\u062f","amount":"8","operator":""},"instagram":{"count":"\u2705 13539  \u0639\u062f\u062f","amount":"11.88","operator":""},"iost":{"count":"\u274c","operator":"virtual18","amount":"\u2757\ufe0f"},"jd":{"count":"\u2705 45  \u0639\u062f\u062f","amount":"12","operator":""},"justdating":{"count":"\u2705 82  \u0639\u062f\u062f","amount":"8","operator":"virtual23"},"kakaotalk":{"count":"\u2705 1000  \u0639\u062f\u062f","amount":"21.25","operator":"virtual2"},"keybase":{"count":"\u274c","amount":"\u2757\ufe0f","operator":"virtual23"},"komandacard":{"count":"\u274c","operator":"virtual18","amount":"\u2757\ufe0f"},"kotak811":{"count":"\u2705 82  \u0639\u062f\u062f","amount":"9","operator":"virtual4"},"kufarby":{"count":"\u2705 82  \u0639\u062f\u062f","amount":"7","operator":"virtual4"},"kwai":{"count":"\u274c","operator":"virtual18","amount":"\u2757\ufe0f"},"lazada":{"count":"\u274c","operator":"virtual4","amount":"\u2757\ufe0f"},"lbry":{"count":"\u274c","operator":"","amount":"\u2757\ufe0f"},"lenta":{"count":"\u2705 82  \u0639\u062f\u062f","amount":"7","operator":""},"lianxin":{"count":"\u274c","operator":"","amount":"\u2757\ufe0f"},"line":{"count":"\u2705 1000  \u0639\u062f\u062f","amount":"12.8","operator":""},"linkedin":{"count":"\u2705 18208  \u0639\u062f\u062f","operator":"virtual18","amount":"19.75"},"livescore":{"count":"\u2705 82  \u0639\u062f\u062f","amount":"9","operator":"virtual4"},"magnit":{"count":"\u2705 82  \u0639\u062f\u062f","amount":"8","operator":"virtual4"},"magnolia":{"count":"\u2705 82  \u0639\u062f\u062f","amount":"5","operator":""},"mailru":{"count":"\u2705 78  \u0639\u062f\u062f","amount":"8","operator":""},"mamba":{"count":"\u2705 82  \u0639\u062f\u062f","amount":"9","operator":""},"mcdonalds":{"count":"\u2705 82  \u0639\u062f\u062f","amount":"7","operator":""},"meetme":{"count":"\u274c","operator":"","amount":"\u2757\ufe0f"},"mega":{"count":"\u2705 82  \u0639\u062f\u062f","amount":"8","operator":""},"mercado":{"count":"\u2705 82  \u0639\u062f\u062f","amount":"18","operator":""},"michat":{"count":"\u2705 82  \u0639\u062f\u062f","amount":"17","operator":""},"microsoft":{"count":"\u2705 1000  \u0639\u062f\u062f","amount":"10.63","operator":""},"miratorg":{"count":"\u2705 82  \u0639\u062f\u062f","amount":"6","operator":"virtual23"},"mtscashback":{"count":"\u274c","operator":"virtual23","amount":"\u2757\ufe0f"},"nana":{"count":"\u274c","operator":"virtual4","amount":"\u2757\ufe0f"},"naver":{"count":"\u2705 13  \u0639\u062f\u062f","amount":"12","operator":""},"netflix":{"count":"\u274c","operator":"virtual18","amount":"\u2757\ufe0f"},"nhseven":{"count":"\u2705 82  \u0639\u062f\u062f","amount":"7","operator":"virtual23"},"nifty":{"count":"\u274c","operator":"virtual23","amount":"\u2757\ufe0f"},"nike":{"count":"\u2705 82  \u0639\u062f\u062f","amount":"9","operator":""},"nimses":{"count":"\u274c","operator":"virtual23","amount":"\u2757\ufe0f"},"nttgame":{"count":"\u2705 82  \u0639\u062f\u062f","amount":"12","operator":""},"odnoklassniki":{"count":"\u2705 81  \u0639\u062f\u062f","amount":"7","operator":"virtual23"},"offerup":{"count":"\u2705 2290  \u0639\u062f\u062f","amount":"19.75","operator":"virtual23"},"okcupid":{"count":"\u274c","operator":"virtual21","amount":"\u2757\ufe0f"},"okey":{"count":"\u274c","operator":"virtual4","amount":"\u2757\ufe0f"},"olx":{"count":"\u2705 82  \u0639\u062f\u062f","amount":"14","operator":""},"openpoint":{"count":"\u274c","operator":"virtual4","amount":"\u2757\ufe0f"},"oraclecloud":{"count":"\u274c","operator":"virtual4","amount":"\u2757\ufe0f"},"other":{"count":"\u2705 82  \u0639\u062f\u062f","amount":"20","operator":""},"ozon":{"count":"\u2705 82  \u0639\u062f\u062f","amount":"7","operator":""},"pairs":{"count":"\u2705 82  \u0639\u062f\u062f","amount":"8","operator":""},"papara":{"count":"\u2705 82  \u0639\u062f\u062f","amount":"24","operator":""},"paycell":{"count":"\u2705 82  \u0639\u062f\u062f","amount":"18","operator":""},"paymaya":{"count":"\u274c","operator":"virtual4","amount":"\u2757\ufe0f"},"paypal":{"count":"\u2705 79  \u0639\u062f\u062f","amount":"14","operator":"virtual21|virtual23|virtual4|virtual18|"},"paysend":{"count":"\u2705 82  \u0639\u062f\u062f","amount":"8","operator":"virtual4"},"peoplecom":{"count":"\u274c","operator":"virtual23","amount":"\u2757\ufe0f"},"perekrestok":{"count":"\u2705 82  \u0639\u062f\u062f","amount":"7","operator":""},"pof":{"count":"\u2705 82  \u0639\u062f\u062f","amount":"12","operator":""},"pokec":{"count":"\u274c","operator":"virtual21","amount":"\u2757\ufe0f"},"pokermaster":{"count":"\u274c","operator":"virtual4","amount":"\u2757\ufe0f"},"potato":{"count":"\u2705 82  \u0639\u062f\u062f","amount":"10","operator":""},"proton":{"count":"\u274c","operator":"","amount":"\u2757\ufe0f"},"protp":{"count":"\u2705 82  \u0639\u062f\u062f","amount":"7","operator":""},"pubg":{"count":"\u274c","operator":"virtual23","amount":"\u2757\ufe0f"},"pyaterochka":{"count":"\u2705 82  \u0639\u062f\u062f","amount":"8","operator":""},"qiwiwallet":{"count":"\u2705 82  \u0639\u062f\u062f","amount":"6","operator":""},"quioo":{"count":"\u274c","operator":"","amount":"\u2757\ufe0f"},"quipp":{"count":"\u2705 82  \u0639\u062f\u062f","amount":"7","operator":""},"reuse":{"count":"\u274c","operator":"","amount":"\u2757\ufe0f"},"ripkord":{"count":"\u274c","operator":"","amount":"\u2757\ufe0f"},"samokat":{"count":"\u2705 82  \u0639\u062f\u062f","amount":"9","operator":""},"seosprint":{"count":"\u2705 82  \u0639\u062f\u062f","amount":"10","operator":""},"sheerid":{"count":"\u2705 82  \u0639\u062f\u062f","amount":"5","operator":""},"shopee":{"count":"\u2705 82  \u0639\u062f\u062f","amount":"17","operator":""},"signal":{"count":"\u274c","operator":"virtual4","amount":"\u2757\ufe0f"},"sikayetvar":{"count":"\u2705 82  \u0639\u062f\u062f","amount":"9","operator":"virtual23"},"skout":{"count":"\u2705 82  \u0639\u062f\u062f","amount":"12","operator":""},"snapchat":{"count":"\u2705 82  \u0639\u062f\u062f","amount":"19","operator":"lycamobile"},"steam":{"count":"\u2705 82  \u0639\u062f\u062f","amount":"11","operator":""},"swvl":{"count":"\u2705 82  \u0639\u062f\u062f","amount":"6","operator":"virtual23"},"taksheel":{"count":"\u2705 1980  \u0639\u062f\u062f","operator":"virtual4","amount":"39.38"},"tango":{"count":"\u2705 82  \u0639\u062f\u062f","amount":"10","operator":""},"tantan":{"count":"\u274c","operator":"virtual21","amount":"\u2757\ufe0f"},"taobao":{"count":"\u2705 1000  \u0639\u062f\u062f","amount":"13.75","operator":""},"telegram":{"count":"\u2705 1000  \u0639\u062f\u062f","amount":"11.63","operator":"||||"},"tencentqq":{"count":"\u2705 52  \u0639\u062f\u062f","amount":"10","operator":"virtual18"},"tiktok":{"count":"\u2705 79  \u0639\u062f\u062f","amount":"12","operator":""},"tinder":{"count":"\u2705 1000  \u0639\u062f\u062f","amount":"11.71","operator":""},"tosla":{"count":"\u2705 82  \u0639\u062f\u062f","amount":"9","operator":"virtual23"},"totalcoin":{"count":"\u274c","operator":"virtual23","amount":"\u2757\ufe0f"},"touchance":{"count":"\u2705 82  \u0639\u062f\u062f","amount":"9","operator":"virtual23"},"trendyol":{"count":"\u2705 82  \u0639\u062f\u062f","amount":"10","operator":"virtual4"},"truecaller":{"count":"\u2705 82  \u0639\u062f\u062f","amount":"16","operator":""},"twitter":{"count":"\u2705 82  \u0639\u062f\u062f","amount":"12","operator":""},"uber":{"count":"\u2705 82  \u0639\u062f\u062f","amount":"12","operator":""},"uploaded":{"count":"\u274c","operator":"virtual18","amount":"\u2757\ufe0f"},"vernyi":{"count":"\u274c","operator":"virtual4","amount":"\u2757\ufe0f"},"viber":{"count":"\u2705 1000  \u0639\u062f\u062f","amount":"11.5","operator":""},"vkontakte":{"count":"\u2705 31  \u0639\u062f\u062f","amount":"9","operator":""},"voopee":{"count":"\u274c","operator":"virtual18","amount":"\u2757\ufe0f"},"wechat":{"count":"\u2705 1982  \u0639\u062f\u062f","amount":"91.88","operator":"virtual23"},"weibo":{"count":"\u2705 82  \u0639\u062f\u062f","amount":"14","operator":""},"weku":{"count":"\u274c","operator":"virtual4","amount":"\u2757\ufe0f"},"whatsapp":{"count":"\u2705 1000  \u0639\u062f\u062f","amount":"17.5","operator":"virtual18|virtual23|virtual4|virtual21|"},"winston":{"count":"\u274c","operator":"virtual23","amount":"\u2757\ufe0f"},"wish":{"count":"\u2705 82  \u0639\u062f\u062f","amount":"8","operator":"virtual4"},"yahoo":{"count":"\u2705 61  \u0639\u062f\u062f","amount":"11","operator":""},"yalla":{"count":"\u274c","operator":"virtual23","amount":"\u2757\ufe0f"},"yandex":{"count":"\u2705 82  \u0639\u062f\u062f","amount":"12","operator":""},"yemeksepeti":{"count":"\u2705 82  \u0639\u062f\u062f","amount":"10","operator":"virtual4"},"youdo":{"count":"\u274c","operator":"virtual4","amount":"\u2757\ufe0f"},"youla":{"count":"\u2705 82  \u0639\u062f\u062f","amount":"6","operator":""},"zalo":{"count":"\u2705 82  \u0639\u062f\u062f","amount":"6","operator":""},"zoho":{"count":"\u2705 82  \u0639\u062f\u062f","amount":"14","operator":""},"digikala":{"count":"\u2705 82  \u0639\u062f\u062f","amount":"6","operator":""},"divar":{"count":"\u2705 82  \u0639\u062f\u062f","amount":"9","operator":""},"hamrahaval":{"count":"\u2705 82  \u0639\u062f\u062f","amount":"9","operator":""},"irancell":{"count":"\u2705 82  \u0639\u062f\u062f","amount":"6","operator":""},"zomato":{"count":"\u2705 1000  \u0639\u062f\u062f","amount":"12.5","operator":""}}