{"1688":{"count":"\u2705 1000  \u0639\u062f\u062f","amount":"19","operator":""},"1xbet":{"count":"\u2705 1000  \u0639\u062f\u062f","amount":"17.88","operator":""},"23red":{"count":"\u274c","operator":"virtual18","amount":"\u2757\ufe0f"},"ace2three":{"count":"\u2705 1000  \u0639\u062f\u062f","amount":"10","operator":""},"adidas":{"count":"\u2705 53965  \u0639\u062f\u062f","amount":"5","operator":""},"airbnb":{"count":"\u2705 53914  \u0639\u062f\u062f","amount":"16","operator":""},"airtel":{"count":"\u2705 53823  \u0639\u062f\u062f","amount":"14","operator":""},"akelni":{"count":"\u274c","operator":"virtual4","amount":"\u2757\ufe0f"},"alibaba":{"count":"\u2705 47095  \u0639\u062f\u062f","amount":"14","operator":""},"aliexpress":{"count":"\u2705 53963  \u0639\u062f\u062f","operator":"","amount":"1.9"},"alipay":{"count":"\u2705 53894  \u0639\u062f\u062f","amount":"12","operator":"virtual23"},"amasia":{"count":"\u2705 53965  \u0639\u062f\u062f","amount":"8","operator":"virtual4"},"amazon":{"count":"\u2705 51915  \u0639\u062f\u062f","amount":"3.5","operator":""},"aol":{"count":"\u2705 39952  \u0639\u062f\u062f","amount":"13","operator":"virtual2"},"avito":{"count":"\u2705 53967  \u0639\u062f\u062f","amount":"8","operator":"virtual4"},"azino":{"count":"\u274c","operator":"virtual23","amount":"\u2757\ufe0f"},"b4ucabs":{"count":"\u274c","operator":"virtual4","amount":"\u2757\ufe0f"},"bigcash":{"count":"\u274c","operator":"virtual4","amount":"\u2757\ufe0f"},"bigolive":{"count":"\u2705 53965  \u0639\u062f\u062f","amount":"7","operator":""},"bitclout":{"count":"\u274c","operator":"","amount":"\u2757\ufe0f"},"bittube":{"count":"\u274c","operator":"","amount":"\u2757\ufe0f"},"blablacar":{"count":"\u2705 53964  \u0639\u062f\u062f","amount":"5","operator":""},"blizzard":{"count":"\u2705 53939  \u0639\u062f\u062f","amount":"2","operator":""},"blockchain":{"count":"\u274c","operator":"virtual23","amount":"\u2757\ufe0f"},"burgerking":{"count":"\u2705 53965  \u0639\u062f\u062f","amount":"9","operator":"virtual4"},"careem":{"count":"\u2705 53958  \u0639\u062f\u062f","amount":"12","operator":""},"cdkeys":{"count":"\u2705 53965  \u0639\u062f\u062f","amount":"6","operator":""},"cekkazan":{"count":"\u274c","operator":"","amount":"\u2757\ufe0f"},"citymobil":{"count":"\u2705 53965  \u0639\u062f\u062f","amount":"9","operator":""},"clickentregas":{"count":"\u274c","operator":"","amount":"\u2757\ufe0f"},"coinbase":{"count":"\u2705 53962  \u0639\u062f\u062f","amount":"22","operator":""},"craigslist":{"count":"\u2705 1000  \u0639\u062f\u062f","amount":"21.52","operator":""},"deliveroo":{"count":"\u2705 53961  \u0639\u062f\u062f","amount":"5","operator":"virtual23"},"delivery":{"count":"\u2705 53965  \u0639\u062f\u062f","amount":"7","operator":"virtual4"},"dent":{"count":"\u2705 53965  \u0639\u062f\u062f","amount":"2","operator":""},"didi":{"count":"\u2705 53964  \u0639\u062f\u062f","amount":"6","operator":""},"discord":{"count":"\u2705 48159  \u0639\u062f\u062f","amount":"1.5","operator":""},"dixy":{"count":"\u274c","operator":"virtual23","amount":"\u2757\ufe0f"},"dodopizza":{"count":"\u2705 53963  \u0639\u062f\u062f","amount":"9","operator":""},"domdara":{"count":"\u274c","operator":"","amount":"\u2757\ufe0f"},"dostavista":{"count":"\u2705 53965  \u0639\u062f\u062f","amount":"5","operator":""},"douyu":{"count":"\u2705 1000  \u0639\u062f\u062f","amount":"28.3","operator":""},"drom":{"count":"\u2705 53965  \u0639\u062f\u062f","amount":"5","operator":"virtual23"},"drugvokrug":{"count":"\u2705 47766  \u0639\u062f\u062f","amount":"8","operator":""},"dukascopy":{"count":"\u274c","operator":"","amount":"\u2757\ufe0f"},"ebay":{"count":"\u2705 1000  \u0639\u062f\u062f","amount":"14.43","operator":""},"edgeless":{"count":"\u274c","operator":"virtual23","amount":"\u2757\ufe0f"},"electroneum":{"count":"\u274c","operator":"virtual4","amount":"\u2757\ufe0f"},"ezway":{"count":"\u274c","operator":"","amount":"\u2757\ufe0f"},"facebook":{"count":"\u2705 44330  \u0639\u062f\u062f","amount":"5","operator":""},"fiverr":{"count":"\u274c","operator":"virtual18","amount":"\u2757\ufe0f"},"flipkart":{"count":"\u274c","operator":"virtual23","amount":"\u2757\ufe0f"},"foodpanda":{"count":"\u2705 53878  \u0639\u062f\u062f","amount":"10","operator":""},"foody":{"count":"\u2705 53965  \u0639\u062f\u062f","amount":"7","operator":"virtual23"},"forwarding":{"count":"\u274c","operator":"virtual23","amount":"\u2757\ufe0f"},"galaxy":{"count":"\u2705 1000  \u0639\u062f\u062f","amount":"8","operator":""},"gameflip":{"count":"\u274c","operator":"","amount":"\u2757\ufe0f"},"gcash":{"count":"\u274c","operator":"","amount":"\u2757\ufe0f"},"get":{"count":"\u274c","operator":"","amount":"\u2757\ufe0f"},"getir":{"count":"\u2705 53965  \u0639\u062f\u062f","amount":"5","operator":""},"gett":{"count":"\u2705 53966  \u0639\u062f\u062f","amount":"5","operator":""},"globus":{"count":"\u2705 53965  \u0639\u062f\u062f","amount":"5","operator":""},"glovo":{"count":"\u274c","operator":"","amount":"\u2757\ufe0f"},"google":{"count":"\u2705 37428  \u0639\u062f\u062f","amount":"5","operator":"virtual21|virtual4|virtual23|virtual18|"},"grabtaxi":{"count":"\u2705 53963  \u0639\u062f\u062f","amount":"8","operator":"virtual4"},"green":{"count":"\u274c","operator":"virtual23","amount":"\u2757\ufe0f"},"grindr":{"count":"\u2705 53963  \u0639\u062f\u062f","amount":"5","operator":""},"haraj":{"count":"\u2705 53965  \u0639\u062f\u062f","amount":"36","operator":""},"hezzl":{"count":"\u2705 53966  \u0639\u062f\u062f","amount":"5","operator":""},"hopi":{"count":"\u2705 53965  \u0639\u062f\u062f","amount":"8","operator":""},"hqtrivia":{"count":"\u2705 53965  \u0639\u062f\u062f","amount":"1","operator":""},"icard":{"count":"\u274c","operator":"","amount":"\u2757\ufe0f"},"icq":{"count":"\u2705 53963  \u0639\u062f\u062f","amount":"5","operator":""},"imo":{"count":"\u2705 53944  \u0639\u062f\u062f","amount":"7","operator":""},"ininal":{"count":"\u2705 53965  \u0639\u062f\u062f","amount":"5","operator":""},"instagram":{"count":"\u2705 65  \u0639\u062f\u062f","amount":"5.5","operator":"virtual21|virtual23|virtual4|virtual18|"},"iost":{"count":"\u274c","operator":"virtual23","amount":"\u2757\ufe0f"},"jd":{"count":"\u2705 53950  \u0639\u062f\u062f","amount":"8","operator":""},"justdating":{"count":"\u2705 53965  \u0639\u062f\u062f","amount":"6","operator":"virtual23"},"kakaotalk":{"count":"\u2705 46050  \u0639\u062f\u062f","amount":"13","operator":""},"keybase":{"count":"\u2705 53965  \u0639\u062f\u062f","amount":"14","operator":""},"komandacard":{"count":"\u274c","operator":"virtual21","amount":"\u2757\ufe0f"},"kotak811":{"count":"\u2705 63708  \u0639\u062f\u062f","amount":"26.25","operator":""},"kufarby":{"count":"\u2705 53965  \u0639\u062f\u062f","amount":"9","operator":"virtual4"},"kwai":{"count":"\u274c","operator":"virtual18","amount":"\u2757\ufe0f"},"lazada":{"count":"\u274c","operator":"virtual4","amount":"\u2757\ufe0f"},"lbry":{"count":"\u274c","operator":"","amount":"\u2757\ufe0f"},"lenta":{"count":"\u2705 53965  \u0639\u062f\u062f","amount":"7","operator":""},"lianxin":{"count":"\u274c","operator":"","amount":"\u2757\ufe0f"},"line":{"count":"\u2705 53954  \u0639\u062f\u062f","amount":"10","operator":""},"linkedin":{"count":"\u2705 33643  \u0639\u062f\u062f","amount":"19.75","operator":"virtual18"},"livescore":{"count":"\u2705 53964  \u0639\u062f\u062f","amount":"9","operator":"virtual4"},"magnit":{"count":"\u2705 53965  \u0639\u062f\u062f","amount":"5","operator":"virtual4"},"magnolia":{"count":"\u2705 53965  \u0639\u062f\u062f","amount":"5","operator":""},"mailru":{"count":"\u2705 37233  \u0639\u062f\u062f","amount":"8","operator":""},"mamba":{"count":"\u2705 53964  \u0639\u062f\u062f","amount":"7","operator":""},"mcdonalds":{"count":"\u2705 53965  \u0639\u062f\u062f","amount":"5","operator":""},"meetme":{"count":"\u274c","operator":"","amount":"\u2757\ufe0f"},"mega":{"count":"\u2705 53965  \u0639\u062f\u062f","amount":"5","operator":""},"mercado":{"count":"\u2705 53965  \u0639\u062f\u062f","amount":"5","operator":""},"michat":{"count":"\u2705 53437  \u0639\u062f\u062f","amount":"12","operator":""},"microsoft":{"count":"\u2705 235  \u0639\u062f\u062f","amount":"2","operator":""},"miratorg":{"count":"\u2705 53965  \u0639\u062f\u062f","amount":"5","operator":"virtual23"},"mtscashback":{"count":"\u274c","operator":"virtual23","amount":"\u2757\ufe0f"},"nana":{"count":"\u274c","operator":"virtual23","amount":"\u2757\ufe0f"},"naver":{"count":"\u2705 52903  \u0639\u062f\u062f","amount":"10","operator":""},"netflix":{"count":"\u2705 33227  \u0639\u062f\u062f","amount":"14.5","operator":""},"nhseven":{"count":"\u2705 53962  \u0639\u062f\u062f","amount":"5","operator":"virtual23"},"nifty":{"count":"\u274c","operator":"virtual23","amount":"\u2757\ufe0f"},"nike":{"count":"\u2705 1067  \u0639\u062f\u062f","amount":"9","operator":""},"nimses":{"count":"\u274c","operator":"virtual23","amount":"\u2757\ufe0f"},"nttgame":{"count":"\u2705 53965  \u0639\u062f\u062f","amount":"12","operator":""},"odnoklassniki":{"count":"\u2705 53514  \u0639\u062f\u062f","amount":"5","operator":"virtual23"},"offerup":{"count":"\u2705 2490  \u0639\u062f\u062f","amount":"19.75","operator":""},"okcupid":{"count":"\u274c","operator":"virtual21","amount":"\u2757\ufe0f"},"okey":{"count":"\u274c","operator":"virtual4","amount":"\u2757\ufe0f"},"olx":{"count":"\u2705 53535  \u0639\u062f\u062f","amount":"12","operator":""},"openpoint":{"count":"\u274c","operator":"virtual4","amount":"\u2757\ufe0f"},"oraclecloud":{"count":"\u274c","operator":"virtual23","amount":"\u2757\ufe0f"},"other":{"count":"\u2705 53894  \u0639\u062f\u062f","amount":"10","operator":"virtual21||||"},"ozon":{"count":"\u2705 53959  \u0639\u062f\u062f","amount":"5","operator":""},"pairs":{"count":"\u2705 53965  \u0639\u062f\u062f","amount":"7","operator":""},"papara":{"count":"\u2705 53965  \u0639\u062f\u062f","amount":"14","operator":""},"paycell":{"count":"\u2705 53965  \u0639\u062f\u062f","amount":"18","operator":"virtual21|virtual4|||"},"paymaya":{"count":"\u274c","operator":"virtual4","amount":"\u2757\ufe0f"},"paypal":{"count":"\u2705 53853  \u0639\u062f\u062f","amount":"4","operator":"virtual21|virtual23|virtual4|virtual18|"},"paysend":{"count":"\u2705 53965  \u0639\u062f\u062f","amount":"6","operator":"virtual4"},"peoplecom":{"count":"\u274c","operator":"virtual23","amount":"\u2757\ufe0f"},"perekrestok":{"count":"\u2705 53965  \u0639\u062f\u062f","amount":"5","operator":""},"pof":{"count":"\u2705 53861  \u0639\u062f\u062f","amount":"10","operator":""},"pokec":{"count":"\u274c","operator":"virtual21","amount":"\u2757\ufe0f"},"pokermaster":{"count":"\u274c","operator":"virtual4","amount":"\u2757\ufe0f"},"potato":{"count":"\u2705 53965  \u0639\u062f\u062f","amount":"9","operator":""},"proton":{"count":"\u274c","operator":"","amount":"\u2757\ufe0f"},"protp":{"count":"\u2705 53931  \u0639\u062f\u062f","amount":"5","operator":""},"pubg":{"count":"\u274c","operator":"","amount":"\u2757\ufe0f"},"pyaterochka":{"count":"\u2705 53965  \u0639\u062f\u062f","amount":"6","operator":""},"qiwiwallet":{"count":"\u2705 53966  \u0639\u062f\u062f","amount":"8","operator":""},"quioo":{"count":"\u274c","operator":"","amount":"\u2757\ufe0f"},"quipp":{"count":"\u2705 53965  \u0639\u062f\u062f","amount":"7","operator":""},"reuse":{"count":"\u274c","operator":"","amount":"\u2757\ufe0f"},"ripkord":{"count":"\u274c","operator":"","amount":"\u2757\ufe0f"},"samokat":{"count":"\u2705 53965  \u0639\u062f\u062f","amount":"8","operator":""},"seosprint":{"count":"\u2705 53965  \u0639\u062f\u062f","amount":"6","operator":""},"sheerid":{"count":"\u2705 53965  \u0639\u062f\u062f","amount":"6","operator":""},"shopee":{"count":"\u2705 1000  \u0639\u062f\u062f","amount":"25","operator":""},"signal":{"count":"\u274c","operator":"virtual4","amount":"\u2757\ufe0f"},"sikayetvar":{"count":"\u2705 53965  \u0639\u062f\u062f","amount":"8","operator":"virtual18"},"skout":{"count":"\u2705 53941  \u0639\u062f\u062f","amount":"8","operator":""},"snapchat":{"count":"\u2705 53950  \u0639\u062f\u062f","amount":"19","operator":"lycamobile"},"steam":{"count":"\u2705 53957  \u0639\u062f\u062f","amount":"11","operator":""},"swvl":{"count":"\u2705 53965  \u0639\u062f\u062f","amount":"6","operator":"lycamobile"},"taksheel":{"count":"\u2705 14498  \u0639\u062f\u062f","operator":"virtual2","amount":"39.38"},"tango":{"count":"\u2705 53965  \u0639\u062f\u062f","amount":"8","operator":""},"tantan":{"count":"\u274c","operator":"virtual21","amount":"\u2757\ufe0f"},"taobao":{"count":"\u2705 1000  \u0639\u062f\u062f","amount":"13.75","operator":""},"telegram":{"count":"\u2705 2747  \u0639\u062f\u062f","amount":"9","operator":"virtual21|virtual23|||"},"tencentqq":{"count":"\u2705 53385  \u0639\u062f\u062f","amount":"6","operator":""},"tiktok":{"count":"\u2705 26401  \u0639\u062f\u062f","amount":"2","operator":""},"tinder":{"count":"\u2705 1000  \u0639\u062f\u062f","amount":"9.18","operator":""},"tosla":{"count":"\u2705 53965  \u0639\u062f\u062f","amount":"5","operator":"virtual23"},"totalcoin":{"count":"\u274c","operator":"virtual23","amount":"\u2757\ufe0f"},"touchance":{"count":"\u2705 53965  \u0639\u062f\u062f","amount":"9","operator":"virtual4"},"trendyol":{"count":"\u2705 53965  \u0639\u062f\u062f","amount":"5","operator":"virtual4"},"truecaller":{"count":"\u2705 53960  \u0639\u062f\u062f","amount":"10","operator":""},"twitter":{"count":"\u2705 53926  \u0639\u062f\u062f","amount":"11","operator":""},"uber":{"count":"\u2705 1000  \u0639\u062f\u062f","amount":"13.27","operator":""},"uploaded":{"count":"\u274c","operator":"virtual18","amount":"\u2757\ufe0f"},"vernyi":{"count":"\u274c","operator":"virtual4","amount":"\u2757\ufe0f"},"viber":{"count":"\u2705 20539  \u0639\u062f\u062f","amount":"4","operator":"virtual18"},"vkontakte":{"count":"\u2705 11726  \u0639\u062f\u062f","amount":"3","operator":"virtual18"},"voopee":{"count":"\u274c","operator":"virtual18","amount":"\u2757\ufe0f"},"wechat":{"count":"\u2705 18828  \u0639\u062f\u062f","operator":"virtual23","amount":"78.75"},"weibo":{"count":"\u2705 53965  \u0639\u062f\u062f","amount":"14","operator":""},"weku":{"count":"\u274c","operator":"virtual4","amount":"\u2757\ufe0f"},"whatsapp":{"count":"\u2705 27331  \u0639\u062f\u062f","amount":"8.5","operator":"||||"},"winston":{"count":"\u274c","operator":"virtual4","amount":"\u2757\ufe0f"},"wish":{"count":"\u2705 53963  \u0639\u062f\u062f","amount":"6","operator":"virtual4"},"yahoo":{"count":"\u2705 34302  \u0639\u062f\u062f","amount":"4","operator":""},"yalla":{"count":"\u274c","operator":"virtual18","amount":"\u2757\ufe0f"},"yandex":{"count":"\u2705 46299  \u0639\u062f\u062f","amount":"5","operator":""},"yemeksepeti":{"count":"\u2705 53965  \u0639\u062f\u062f","amount":"5","operator":"virtual21||||"},"youdo":{"count":"\u274c","operator":"virtual4","amount":"\u2757\ufe0f"},"youla":{"count":"\u2705 53966  \u0639\u062f\u062f","amount":"6","operator":""},"zalo":{"count":"\u2705 53965  \u0639\u062f\u062f","amount":"3","operator":""},"zoho":{"count":"\u2705 53961  \u0639\u062f\u062f","amount":"13","operator":""},"digikala":{"count":"\u2705 53965  \u0639\u062f\u062f","amount":"8","operator":""},"divar":{"count":"\u2705 53965  \u0639\u062f\u062f","amount":"5","operator":""},"hamrahaval":{"count":"\u2705 53965  \u0639\u062f\u062f","amount":"6","operator":""},"irancell":{"count":"\u2705 53965  \u0639\u062f\u062f","amount":"5","operator":""},"zomato":{"count":"\u2705 1000  \u0639\u062f\u062f","amount":"12.5","operator":""},"":{"operator":"||||"}}