{"microsoft":{"count":"\u2705 1000  \u0639\u062f\u062f","amount":"8.75"},"miratorg":{"count":"\u2705 118  \u0639\u062f\u062f","amount":"5"},"mtscashback":{"count":"\u274c","operator":"virtual23","amount":"\u2757\ufe0f"},"nana":{"count":"\u274c","operator":"virtual4","amount":"\u2757\ufe0f"},"naver":{"count":"\u2705 1000  \u0639\u062f\u062f","amount":"12.12"},"netflix":{"count":"\u2705 118  \u0639\u062f\u062f","amount":"9"},"nhseven":{"count":"\u2705 118  \u0639\u062f\u062f","amount":"6"},"nifty":{"count":"\u274c","operator":"virtual23","amount":"\u2757\ufe0f"},"nike":{"count":"\u2705 118  \u0639\u062f\u062f","amount":"8"},"nimses":{"count":"\u274c","operator":"virtual23","amount":"\u2757\ufe0f"},"nttgame":{"count":"\u2705 118  \u0639\u062f\u062f","amount":"12"},"odnoklassniki":{"count":"\u2705 106  \u0639\u062f\u062f","amount":"6"},"offerup":{"count":"\u2705 118  \u0639\u062f\u062f","amount":"16"},"okcupid":{"count":"\u274c","operator":"virtual21","amount":"\u2757\ufe0f"},"okey":{"count":"\u274c","operator":"virtual4","amount":"\u2757\ufe0f"},"olx":{"count":"\u2705 3225  \u0639\u062f\u062f","amount":"11.88"},"openpoint":{"count":"\u274c","operator":"virtual4","amount":"\u2757\ufe0f"},"oraclecloud":{"count":"\u274c","operator":"virtual23","amount":"\u2757\ufe0f"},"other":{"count":"\u2705 118  \u0639\u062f\u062f","amount":"20","operator":"virtual21||||"},"ozon":{"count":"\u2705 117  \u0639\u062f\u062f","amount":"5"},"pairs":{"count":"\u2705 118  \u0639\u062f\u062f","amount":"5"},"papara":{"count":"\u2705 118  \u0639\u062f\u062f","amount":"24"},"paycell":{"count":"\u2705 118  \u0639\u062f\u062f","amount":"16"},"paymaya":{"count":"\u274c","operator":"virtual4","amount":"\u2757\ufe0f"},"paypal":{"count":"\u2705 3375  \u0639\u062f\u062f","amount":"32.88"},"paysend":{"count":"\u2705 118  \u0639\u062f\u062f","amount":"8"},"peoplecom":{"count":"\u274c","operator":"virtual23","amount":"\u2757\ufe0f"},"perekrestok":{"count":"\u2705 118  \u0639\u062f\u062f","amount":"5"},"pof":{"count":"\u2705 118  \u0639\u062f\u062f","amount":"10"},"pokec":{"count":"\u274c","operator":"virtual21","amount":"\u2757\ufe0f"},"pokermaster":{"count":"\u274c","operator":"","amount":"\u2757\ufe0f"},"potato":{"count":"\u2705 118  \u0639\u062f\u062f","amount":"7"},"proton":{"count":"\u274c","operator":"","amount":"\u2757\ufe0f"},"protp":{"count":"\u2705 118  \u0639\u062f\u062f","amount":"7"},"pubg":{"count":"\u274c","operator":"","amount":"\u2757\ufe0f"},"pyaterochka":{"count":"\u2705 118  \u0639\u062f\u062f","amount":"9"},"qiwiwallet":{"count":"\u2705 118  \u0639\u062f\u062f","amount":"8"},"quioo":{"count":"\u274c","operator":"","amount":"\u2757\ufe0f"},"quipp":{"count":"\u2705 118  \u0639\u062f\u062f","amount":"8"},"reuse":{"count":"\u274c","operator":"","amount":"\u2757\ufe0f"},"ripkord":{"count":"\u274c","operator":"","amount":"\u2757\ufe0f"},"samokat":{"count":"\u2705 118  \u0639\u062f\u062f","amount":"8"},"seosprint":{"count":"\u2705 118  \u0639\u062f\u062f","amount":"7"},"sheerid":{"count":"\u2705 118  \u0639\u062f\u062f","amount":"9"},"shopee":{"count":"\u2705 118  \u0639\u062f\u062f","amount":"18"},"signal":{"count":"\u274c","operator":"virtual4","amount":"\u2757\ufe0f"},"sikayetvar":{"count":"\u2705 118  \u0639\u062f\u062f","amount":"6"},"skout":{"count":"\u2705 118  \u0639\u062f\u062f","amount":"7"},"snapchat":{"count":"\u2705 118  \u0639\u062f\u062f","amount":"17"},"steam":{"count":"\u2705 117  \u0639\u062f\u062f","amount":"9"},"swvl":{"count":"\u2705 118  \u0639\u062f\u062f","amount":"7"},"taksheel":{"count":"\u2705 2046  \u0639\u062f\u062f","amount":"39.38"},"tango":{"count":"\u2705 118  \u0639\u062f\u062f","amount":"6"},"tantan":{"count":"\u274c","operator":"virtual21","amount":"\u2757\ufe0f"},"taobao":{"count":"\u2705 1000  \u0639\u062f\u062f","amount":"13.75"},"telegram":{"count":"\u2705 2262  \u0639\u062f\u062f","amount":"11.88","operator":"virtual18|virtual23|virtual4||"},"tencentqq":{"count":"\u2705 2296  \u0639\u062f\u062f","amount":"6.63"},"tiktok":{"count":"\u2705 117  \u0639\u062f\u062f","amount":"11"},"tinder":{"count":"\u2705 117  \u0639\u062f\u062f","amount":"8"},"tosla":{"count":"\u2705 118  \u0639\u062f\u062f","amount":"5"},"totalcoin":{"count":"\u274c","operator":"virtual23","amount":"\u2757\ufe0f"},"touchance":{"count":"\u2705 118  \u0639\u062f\u062f","amount":"6"},"trendyol":{"count":"\u2705 118  \u0639\u062f\u062f","amount":"8"},"truecaller":{"count":"\u2705 118  \u0639\u062f\u062f","amount":"15"},"twitter":{"count":"\u2705 1000  \u0639\u062f\u062f","amount":"14.67"},"uber":{"count":"\u2705 1000  \u0639\u062f\u062f","amount":"12.87"},"uploaded":{"count":"\u274c","operator":"virtual4","amount":"\u2757\ufe0f"},"vernyi":{"count":"\u274c","operator":"virtual4","amount":"\u2757\ufe0f"},"viber":{"count":"\u2705 1000  \u0639\u062f\u062f","amount":"11.25"},"vkontakte":{"count":"\u2705 1000  \u0639\u062f\u062f","amount":"15"},"voopee":{"count":"\u274c","operator":"virtual18","amount":"\u2757\ufe0f"},"wechat":{"count":"\u2705 2577  \u0639\u062f\u062f","amount":"85.38"},"weibo":{"count":"\u2705 118  \u0639\u062f\u062f","amount":"13"},"weku":{"count":"\u274c","operator":"virtual4","amount":"\u2757\ufe0f"},"whatsapp":{"count":"\u274c","amount":"\u2757\ufe0f","operator":"virtual4"},"winston":{"count":"\u274c","operator":"virtual4","amount":"\u2757\ufe0f"},"wish":{"count":"\u2705 118  \u0639\u062f\u062f","amount":"6"},"yahoo":{"count":"\u2705 111  \u0639\u062f\u062f","amount":"11"},"yalla":{"count":"\u2705 118  \u0639\u062f\u062f","amount":"15"},"yandex":{"count":"\u2705 2428  \u0639\u062f\u062f","amount":"13.13"},"yemeksepeti":{"count":"\u2705 118  \u0639\u062f\u062f","amount":"6"},"youdo":{"count":"\u274c","operator":"virtual4","amount":"\u2757\ufe0f"},"youla":{"count":"\u2705 91  \u0639\u062f\u062f","amount":"6"},"zalo":{"count":"\u2705 118  \u0639\u062f\u062f","amount":"8"},"zoho":{"count":"\u2705 118  \u0639\u062f\u062f","amount":"13"},"digikala":{"count":"\u274c","operator":"virtual4","amount":"\u2757\ufe0f"},"divar":{"count":"\u274c","amount":"\u2757\ufe0f","operator":"virtual23"},"hamrahaval":{"count":"\u2705 118  \u0639\u062f\u062f","amount":"5","operator":"virtual21||||"},"irancell":{"count":"\u2705 116  \u0639\u062f\u062f","amount":"8","operator":"virtual21||||"},"zomato":{"count":"\u2705 1000  \u0639\u062f\u062f","amount":"12.5"},"1688":{"count":"\u2705 1000  \u0639\u062f\u062f","amount":"16.59"},"1xbet":{"count":"\u2705 1000  \u0639\u062f\u062f","amount":"23"},"23red":{"count":"\u274c","operator":"virtual21","amount":"\u2757\ufe0f"},"ace2three":{"count":"\u274c","operator":"virtual23","amount":"\u2757\ufe0f"},"adidas":{"count":"\u2705 118  \u0639\u062f\u062f","amount":"5"},"airbnb":{"count":"\u2705 117  \u0639\u062f\u062f","amount":"14"},"airtel":{"count":"\u2705 118  \u0639\u062f\u062f","amount":"6"},"akelni":{"count":"\u274c","operator":"virtual23","amount":"\u2757\ufe0f"},"alibaba":{"count":"\u2705 118  \u0639\u062f\u062f","amount":"14"},"aliexpress":{"count":"\u2705 118  \u0639\u062f\u062f","amount":"1.9"},"alipay":{"count":"\u2705 118  \u0639\u062f\u062f","amount":"7"},"amasia":{"count":"\u2705 118  \u0639\u062f\u062f","amount":"7"},"amazon":{"count":"\u2705 118  \u0639\u062f\u062f","amount":"10"},"aol":{"count":"\u2705 118  \u0639\u062f\u062f","amount":"6"},"avito":{"count":"\u2705 118  \u0639\u062f\u062f","amount":"6"},"azino":{"count":"\u274c","operator":"virtual21","amount":"\u2757\ufe0f"},"b4ucabs":{"count":"\u274c","operator":"virtual4","amount":"\u2757\ufe0f"},"bigcash":{"count":"\u274c","operator":"virtual4","amount":"\u2757\ufe0f"},"bigolive":{"count":"\u2705 118  \u0639\u062f\u062f","amount":"5"},"bitclout":{"count":"\u274c","operator":"","amount":"\u2757\ufe0f"},"bittube":{"count":"\u274c","operator":"","amount":"\u2757\ufe0f"},"blablacar":{"count":"\u2705 118  \u0639\u062f\u062f","amount":"6"},"blizzard":{"count":"\u2705 113  \u0639\u062f\u062f","amount":"9"},"blockchain":{"count":"\u274c","operator":"virtual23","amount":"\u2757\ufe0f"},"burgerking":{"count":"\u2705 118  \u0639\u062f\u062f","amount":"9"},"careem":{"count":"\u2705 3198  \u0639\u062f\u062f","amount":"19.75"},"cdkeys":{"count":"\u2705 118  \u0639\u062f\u062f","amount":"6"},"cekkazan":{"count":"\u274c","operator":"","amount":"\u2757\ufe0f"},"citymobil":{"count":"\u2705 118  \u0639\u062f\u062f","amount":"5"},"clickentregas":{"count":"\u274c","operator":"","amount":"\u2757\ufe0f"},"coinbase":{"count":"\u2705 118  \u0639\u062f\u062f","amount":"22"},"craigslist":{"count":"\u2705 118  \u0639\u062f\u062f","amount":"19"},"deliveroo":{"count":"\u2705 118  \u0639\u062f\u062f","amount":"6"},"delivery":{"count":"\u2705 118  \u0639\u062f\u062f","amount":"8"},"dent":{"count":"\u2705 118  \u0639\u062f\u062f","amount":"6"},"didi":{"count":"\u2705 118  \u0639\u062f\u062f","amount":"8"},"discord":{"count":"\u2705 3405  \u0639\u062f\u062f","amount":"13.13"},"dixy":{"count":"\u274c","operator":"virtual23","amount":"\u2757\ufe0f"},"dodopizza":{"count":"\u2705 118  \u0639\u062f\u062f","amount":"6"},"domdara":{"count":"\u274c","operator":"","amount":"\u2757\ufe0f"},"dostavista":{"count":"\u2705 118  \u0639\u062f\u062f","amount":"8"},"douyu":{"count":"\u2705 1000  \u0639\u062f\u062f","amount":"28.3"},"drom":{"count":"\u2705 118  \u0639\u062f\u062f","amount":"9"},"drugvokrug":{"count":"\u2705 118  \u0639\u062f\u062f","amount":"5"},"dukascopy":{"count":"\u274c","operator":"","amount":"\u2757\ufe0f"},"ebay":{"count":"\u2705 118  \u0639\u062f\u062f","amount":"12"},"edgeless":{"count":"\u274c","operator":"virtual21","amount":"\u2757\ufe0f"},"electroneum":{"count":"\u274c","operator":"virtual4","amount":"\u2757\ufe0f"},"ezway":{"count":"\u274c","operator":"","amount":"\u2757\ufe0f"},"facebook":{"count":"\u274c","operator":"virtual4","amount":"\u2757\ufe0f"},"fiverr":{"count":"\u274c","operator":"virtual18","amount":"\u2757\ufe0f"},"flipkart":{"count":"\u274c","operator":"virtual23","amount":"\u2757\ufe0f"},"foodpanda":{"count":"\u2705 118  \u0639\u062f\u062f","amount":"10"},"foody":{"count":"\u2705 118  \u0639\u062f\u062f","amount":"6"},"forwarding":{"count":"\u274c","operator":"virtual23","amount":"\u2757\ufe0f"},"galaxy":{"count":"\u274c","operator":"","amount":"\u2757\ufe0f"},"gameflip":{"count":"\u274c","operator":"","amount":"\u2757\ufe0f"},"gcash":{"count":"\u274c","operator":"","amount":"\u2757\ufe0f"},"get":{"count":"\u274c","operator":"","amount":"\u2757\ufe0f"},"getir":{"count":"\u2705 118  \u0639\u062f\u062f","amount":"7"},"gett":{"count":"\u2705 118  \u0639\u062f\u062f","amount":"6"},"globus":{"count":"\u2705 118  \u0639\u062f\u062f","amount":"5"},"glovo":{"count":"\u274c","operator":"","amount":"\u2757\ufe0f"},"google":{"count":"\u274c","operator":"virtual4","amount":"\u2757\ufe0f"},"grabtaxi":{"count":"\u2705 118  \u0639\u062f\u062f","amount":"8"},"green":{"count":"\u274c","operator":"virtual23","amount":"\u2757\ufe0f"},"grindr":{"count":"\u2705 118  \u0639\u062f\u062f","amount":"6"},"haraj":{"count":"\u2705 118  \u0639\u062f\u062f","amount":"33"},"hezzl":{"count":"\u2705 118  \u0639\u062f\u062f","amount":"5"},"hopi":{"count":"\u2705 118  \u0639\u062f\u062f","amount":"8"},"hqtrivia":{"count":"\u2705 118  \u0639\u062f\u062f","amount":"5"},"icard":{"count":"\u274c","operator":"","amount":"\u2757\ufe0f"},"icq":{"count":"\u2705 117  \u0639\u062f\u062f","amount":"5"},"imo":{"count":"\u2705 1000  \u0639\u062f\u062f","amount":"17.4"},"ininal":{"count":"\u2705 118  \u0639\u062f\u062f","amount":"8"},"instagram":{"count":"\u2705 1000  \u0639\u062f\u062f","amount":"10","operator":"virtual4"},"iost":{"count":"\u274c","operator":"virtual18","amount":"\u2757\ufe0f"},"jd":{"count":"\u2705 118  \u0639\u062f\u062f","amount":"10"},"justdating":{"count":"\u2705 118  \u0639\u062f\u062f","amount":"7"},"kakaotalk":{"count":"\u2705 1000  \u0639\u062f\u062f","amount":"18.75"},"keybase":{"count":"\u2705 118  \u0639\u062f\u062f","amount":"13"},"komandacard":{"count":"\u274c","operator":"virtual4","amount":"\u2757\ufe0f"},"kotak811":{"count":"\u2705 118  \u0639\u062f\u062f","amount":"5"},"kufarby":{"count":"\u2705 118  \u0639\u062f\u062f","amount":"5"},"kwai":{"count":"\u274c","operator":"virtual18","amount":"\u2757\ufe0f"},"lazada":{"count":"\u274c","operator":"virtual4","amount":"\u2757\ufe0f"},"lbry":{"count":"\u274c","operator":"","amount":"\u2757\ufe0f"},"lenta":{"count":"\u2705 118  \u0639\u062f\u062f","amount":"6"},"lianxin":{"count":"\u274c","operator":"","amount":"\u2757\ufe0f"},"line":{"count":"\u2705 118  \u0639\u062f\u062f","amount":"11"},"linkedin":{"count":"\u2705 3390  \u0639\u062f\u062f","amount":"19.75","operator":"virtual18"},"livescore":{"count":"\u2705 118  \u0639\u062f\u062f","amount":"7"},"magnit":{"count":"\u2705 118  \u0639\u062f\u062f","amount":"7"},"magnolia":{"count":"\u2705 118  \u0639\u062f\u062f","amount":"7"},"mailru":{"count":"\u2705 116  \u0639\u062f\u062f","amount":"9"},"mamba":{"count":"\u2705 89  \u0639\u062f\u062f","amount":"6"},"mcdonalds":{"count":"\u2705 118  \u0639\u062f\u062f","amount":"7"},"meetme":{"count":"\u274c","operator":"","amount":"\u2757\ufe0f"},"mega":{"count":"\u2705 118  \u0639\u062f\u062f","amount":"5"},"mercado":{"count":"\u2705 118  \u0639\u062f\u062f","amount":"6"},"michat":{"count":"\u2705 3287  \u0639\u062f\u062f","amount":"18.38"},"":{"operator":"||||"}}