{"1688":{"count":"\u2705 1000  \u0639\u062f\u062f","amount":"13.7","operator":""},"1xbet":{"count":"\u2705 27  \u0639\u062f\u062f","amount":"9","operator":"virtual23"},"23red":{"count":"\u274c","operator":"virtual21","amount":"\u2757\ufe0f"},"ace2three":{"count":"\u274c","operator":"virtual23","amount":"\u2757\ufe0f"},"adidas":{"count":"\u2705 27  \u0639\u062f\u062f","amount":"16","operator":""},"airbnb":{"count":"\u2705 1000  \u0639\u062f\u062f","amount":"12.5","operator":""},"airtel":{"count":"\u2705 27  \u0639\u062f\u062f","amount":"7","operator":"virtual4"},"akelni":{"count":"\u274c","operator":"virtual21","amount":"\u2757\ufe0f"},"alibaba":{"count":"\u2705 1000  \u0639\u062f\u062f","amount":"14.38","operator":""},"aliexpress":{"count":"\u2705 26  \u0639\u062f\u062f","operator":"","amount":"1.9"},"alipay":{"count":"\u2705 14  \u0639\u062f\u062f","amount":"7","operator":"virtual23"},"amasia":{"count":"\u2705 27  \u0639\u062f\u062f","amount":"8","operator":"virtual4"},"amazon":{"count":"\u2705 1000  \u0639\u062f\u062f","amount":"15.65","operator":""},"aol":{"count":"\u2705 6  \u0639\u062f\u062f","amount":"2","operator":""},"avito":{"count":"\u2705 27  \u0639\u062f\u062f","amount":"5","operator":"virtual4"},"azino":{"count":"\u274c","operator":"virtual21","amount":"\u2757\ufe0f"},"b4ucabs":{"count":"\u274c","operator":"virtual4","amount":"\u2757\ufe0f"},"bigcash":{"count":"\u274c","operator":"virtual4","amount":"\u2757\ufe0f"},"bigolive":{"count":"\u2705 27  \u0639\u062f\u062f","amount":"7","operator":""},"bitclout":{"count":"\u274c","operator":"","amount":"\u2757\ufe0f"},"bittube":{"count":"\u274c","operator":"","amount":"\u2757\ufe0f"},"blablacar":{"count":"\u2705 27  \u0639\u062f\u062f","amount":"9","operator":""},"blizzard":{"count":"\u2705 23  \u0639\u062f\u062f","amount":"11","operator":""},"blockchain":{"count":"\u274c","operator":"virtual23","amount":"\u2757\ufe0f"},"burgerking":{"count":"\u2705 27  \u0639\u062f\u062f","amount":"4","operator":"virtual4"},"careem":{"count":"\u2705 17  \u0639\u062f\u062f","amount":"4","operator":""},"cdkeys":{"count":"\u2705 27  \u0639\u062f\u062f","amount":"16","operator":""},"cekkazan":{"count":"\u274c","operator":"","amount":"\u2757\ufe0f"},"citymobil":{"count":"\u2705 19  \u0639\u062f\u062f","amount":"6","operator":""},"clickentregas":{"count":"\u274c","operator":"","amount":"\u2757\ufe0f"},"coinbase":{"count":"\u2705 27  \u0639\u062f\u062f","amount":"22","operator":""},"craigslist":{"count":"\u2705 27  \u0639\u062f\u062f","amount":"17","operator":""},"deliveroo":{"count":"\u2705 26  \u0639\u062f\u062f","amount":"5","operator":"virtual23"},"delivery":{"count":"\u2705 27  \u0639\u062f\u062f","amount":"7","operator":"virtual4"},"dent":{"count":"\u2705 27  \u0639\u062f\u062f","amount":"3","operator":""},"didi":{"count":"\u2705 27  \u0639\u062f\u062f","amount":"8","operator":""},"discord":{"count":"\u2705 13  \u0639\u062f\u062f","amount":"9","operator":""},"dixy":{"count":"\u274c","operator":"virtual23","amount":"\u2757\ufe0f"},"dodopizza":{"count":"\u2705 27  \u0639\u062f\u062f","amount":"7","operator":""},"domdara":{"count":"\u274c","operator":"","amount":"\u2757\ufe0f"},"dostavista":{"count":"\u2705 27  \u0639\u062f\u062f","amount":"7","operator":""},"douyu":{"count":"\u2705 1000  \u0639\u062f\u062f","amount":"28.3","operator":""},"drom":{"count":"\u2705 27  \u0639\u062f\u062f","amount":"2","operator":"virtual23"},"drugvokrug":{"count":"\u2705 27  \u0639\u062f\u062f","amount":"3","operator":""},"dukascopy":{"count":"\u274c","operator":"","amount":"\u2757\ufe0f"},"ebay":{"count":"\u2705 1000  \u0639\u062f\u062f","amount":"14.49","operator":""},"edgeless":{"count":"\u274c","operator":"virtual4","amount":"\u2757\ufe0f"},"electroneum":{"count":"\u274c","operator":"virtual4","amount":"\u2757\ufe0f"},"ezway":{"count":"\u274c","operator":"","amount":"\u2757\ufe0f"},"facebook":{"count":"\u2705 1000  \u0639\u062f\u062f","amount":"10.98","operator":""},"fiverr":{"count":"\u274c","operator":"virtual18","amount":"\u2757\ufe0f"},"flipkart":{"count":"\u274c","operator":"virtual23","amount":"\u2757\ufe0f"},"foodpanda":{"count":"\u2705 26  \u0639\u062f\u062f","amount":"10","operator":""},"foody":{"count":"\u2705 27  \u0639\u062f\u062f","amount":"7","operator":"virtual4"},"forwarding":{"count":"\u274c","operator":"virtual23","amount":"\u2757\ufe0f"},"galaxy":{"count":"\u274c","operator":"","amount":"\u2757\ufe0f"},"gameflip":{"count":"\u274c","operator":"","amount":"\u2757\ufe0f"},"gcash":{"count":"\u274c","operator":"","amount":"\u2757\ufe0f"},"get":{"count":"\u274c","operator":"","amount":"\u2757\ufe0f"},"getir":{"count":"\u2705 27  \u0639\u062f\u062f","amount":"8","operator":""},"gett":{"count":"\u2705 27  \u0639\u062f\u062f","amount":"2","operator":""},"globus":{"count":"\u2705 27  \u0639\u062f\u062f","amount":"5","operator":""},"glovo":{"count":"\u274c","operator":"","amount":"\u2757\ufe0f"},"google":{"count":"\u2705 1000  \u0639\u062f\u062f","amount":"13.71","operator":""},"grabtaxi":{"count":"\u2705 26  \u0639\u062f\u062f","amount":"2","operator":"virtual4"},"green":{"count":"\u274c","operator":"virtual23","amount":"\u2757\ufe0f"},"grindr":{"count":"\u2705 27  \u0639\u062f\u062f","amount":"8","operator":""},"haraj":{"count":"\u2705 27  \u0639\u062f\u062f","amount":"33","operator":""},"hezzl":{"count":"\u2705 27  \u0639\u062f\u062f","amount":"8","operator":""},"hopi":{"count":"\u2705 27  \u0639\u062f\u062f","amount":"8","operator":""},"hqtrivia":{"count":"\u2705 27  \u0639\u062f\u062f","amount":"4","operator":""},"icard":{"count":"\u274c","operator":"","amount":"\u2757\ufe0f"},"icq":{"count":"\u2705 27  \u0639\u062f\u062f","amount":"1","operator":""},"imo":{"count":"\u274c","operator":"virtual4","amount":"\u2757\ufe0f"},"ininal":{"count":"\u2705 27  \u0639\u062f\u062f","amount":"8","operator":""},"instagram":{"count":"\u2705 1966  \u0639\u062f\u062f","operator":"virtual18|virtual23|virtual4||","amount":"32.88"},"iost":{"count":"\u274c","operator":"virtual18","amount":"\u2757\ufe0f"},"jd":{"count":"\u2705 1  \u0639\u062f\u062f","amount":"2","operator":""},"justdating":{"count":"\u2705 27  \u0639\u062f\u062f","amount":"5","operator":"virtual23"},"kakaotalk":{"count":"\u2705 1000  \u0639\u062f\u062f","amount":"27.38","operator":""},"keybase":{"count":"\u2705 1804  \u0639\u062f\u062f","amount":"19.75","operator":""},"komandacard":{"count":"\u274c","operator":"virtual18","amount":"\u2757\ufe0f"},"kotak811":{"count":"\u2705 27  \u0639\u062f\u062f","amount":"8","operator":"virtual4"},"kufarby":{"count":"\u2705 27  \u0639\u062f\u062f","amount":"5","operator":"virtual4"},"kwai":{"count":"\u274c","operator":"virtual18","amount":"\u2757\ufe0f"},"lazada":{"count":"\u274c","operator":"virtual4","amount":"\u2757\ufe0f"},"lbry":{"count":"\u274c","operator":"","amount":"\u2757\ufe0f"},"lenta":{"count":"\u2705 27  \u0639\u062f\u062f","amount":"5","operator":""},"lianxin":{"count":"\u274c","operator":"","amount":"\u2757\ufe0f"},"line":{"count":"\u2705 8  \u0639\u062f\u062f","amount":"11","operator":""},"linkedin":{"count":"\u274c","amount":"\u2757\ufe0f","operator":"virtual18"},"livescore":{"count":"\u2705 27  \u0639\u062f\u062f","amount":"5","operator":"virtual4"},"magnit":{"count":"\u2705 27  \u0639\u062f\u062f","amount":"8","operator":"virtual4"},"magnolia":{"count":"\u2705 27  \u0639\u062f\u062f","amount":"8","operator":""},"mailru":{"count":"\u2705 26  \u0639\u062f\u062f","amount":"2","operator":""},"mamba":{"count":"\u2705 24  \u0639\u062f\u062f","amount":"3","operator":""},"mcdonalds":{"count":"\u2705 27  \u0639\u062f\u062f","amount":"5","operator":""},"meetme":{"count":"\u274c","operator":"","amount":"\u2757\ufe0f"},"mega":{"count":"\u2705 27  \u0639\u062f\u062f","amount":"8","operator":""},"mercado":{"count":"\u2705 27  \u0639\u062f\u062f","amount":"7","operator":""},"michat":{"count":"\u2705 27  \u0639\u062f\u062f","amount":"15","operator":""},"microsoft":{"count":"\u274c","operator":"virtual23","amount":"\u2757\ufe0f"},"miratorg":{"count":"\u2705 27  \u0639\u062f\u062f","amount":"7","operator":"virtual23"},"mtscashback":{"count":"\u274c","operator":"virtual23","amount":"\u2757\ufe0f"},"nana":{"count":"\u274c","operator":"virtual4","amount":"\u2757\ufe0f"},"naver":{"count":"\u2705 1714  \u0639\u062f\u062f","amount":"26.25","operator":""},"netflix":{"count":"\u274c","operator":"virtual18","amount":"\u2757\ufe0f"},"nhseven":{"count":"\u2705 27  \u0639\u062f\u062f","amount":"8","operator":"virtual4"},"nifty":{"count":"\u274c","operator":"virtual23","amount":"\u2757\ufe0f"},"nike":{"count":"\u2705 1  \u0639\u062f\u062f","operator":"virtual21","amount":"23"},"nimses":{"count":"\u274c","operator":"virtual23","amount":"\u2757\ufe0f"},"nttgame":{"count":"\u2705 27  \u0639\u062f\u062f","amount":"10","operator":""},"odnoklassniki":{"count":"\u2705 19  \u0639\u062f\u062f","amount":"4","operator":"virtual23"},"offerup":{"count":"\u2705 27  \u0639\u062f\u062f","amount":"16","operator":""},"okcupid":{"count":"\u274c","operator":"virtual21","amount":"\u2757\ufe0f"},"okey":{"count":"\u274c","operator":"virtual4","amount":"\u2757\ufe0f"},"olx":{"count":"\u2705 27  \u0639\u062f\u062f","amount":"2","operator":""},"openpoint":{"count":"\u274c","operator":"virtual4","amount":"\u2757\ufe0f"},"oraclecloud":{"count":"\u274c","operator":"virtual21","amount":"\u2757\ufe0f"},"other":{"count":"\u2705 27  \u0639\u062f\u062f","amount":"20","operator":""},"ozon":{"count":"\u2705 27  \u0639\u062f\u062f","amount":"16","operator":""},"pairs":{"count":"\u2705 27  \u0639\u062f\u062f","amount":"8","operator":""},"papara":{"count":"\u2705 27  \u0639\u062f\u062f","amount":"24","operator":""},"paycell":{"count":"\u2705 794  \u0639\u062f\u062f","amount":"131.25","operator":""},"paymaya":{"count":"\u274c","operator":"virtual4","amount":"\u2757\ufe0f"},"paypal":{"count":"\u2705 1  \u0639\u062f\u062f","operator":"virtual21","amount":"17"},"paysend":{"count":"\u274c","operator":"virtual4","amount":"\u2757\ufe0f"},"peoplecom":{"count":"\u274c","operator":"virtual23","amount":"\u2757\ufe0f"},"perekrestok":{"count":"\u2705 27  \u0639\u062f\u062f","amount":"4","operator":""},"pof":{"count":"\u2705 2074  \u0639\u062f\u062f","amount":"15.75","operator":"virtual18"},"pokec":{"count":"\u274c","operator":"virtual21","amount":"\u2757\ufe0f"},"pokermaster":{"count":"\u274c","operator":"","amount":"\u2757\ufe0f"},"potato":{"count":"\u2705 27  \u0639\u062f\u062f","amount":"8","operator":""},"proton":{"count":"\u274c","operator":"","amount":"\u2757\ufe0f"},"protp":{"count":"\u2705 27  \u0639\u062f\u062f","amount":"8","operator":""},"pubg":{"count":"\u274c","operator":"","amount":"\u2757\ufe0f"},"pyaterochka":{"count":"\u2705 27  \u0639\u062f\u062f","amount":"4","operator":""},"qiwiwallet":{"count":"\u2705 25  \u0639\u062f\u062f","amount":"6","operator":""},"quioo":{"count":"\u274c","operator":"","amount":"\u2757\ufe0f"},"quipp":{"count":"\u2705 27  \u0639\u062f\u062f","amount":"7","operator":""},"reuse":{"count":"\u274c","operator":"","amount":"\u2757\ufe0f"},"ripkord":{"count":"\u274c","operator":"","amount":"\u2757\ufe0f"},"samokat":{"count":"\u2705 27  \u0639\u062f\u062f","amount":"5","operator":""},"seosprint":{"count":"\u2705 27  \u0639\u062f\u062f","amount":"4","operator":""},"sheerid":{"count":"\u2705 27  \u0639\u062f\u062f","amount":"5","operator":""},"shopee":{"count":"\u2705 27  \u0639\u062f\u062f","amount":"18","operator":""},"signal":{"count":"\u274c","operator":"virtual4","amount":"\u2757\ufe0f"},"sikayetvar":{"count":"\u2705 27  \u0639\u062f\u062f","amount":"9","operator":"virtual18"},"skout":{"count":"\u2705 1964  \u0639\u062f\u062f","amount":"13.13","operator":""},"snapchat":{"count":"\u2705 24  \u0639\u062f\u062f","amount":"17","operator":""},"steam":{"count":"\u2705 24  \u0639\u062f\u062f","amount":"11","operator":"virtual23"},"swvl":{"count":"\u2705 27  \u0639\u062f\u062f","amount":"5","operator":"virtual23"},"taksheel":{"count":"\u2705 594  \u0639\u062f\u062f","operator":"virtual4","amount":"39.38"},"tango":{"count":"\u2705 26  \u0639\u062f\u062f","amount":"8","operator":""},"tantan":{"count":"\u274c","operator":"virtual21","amount":"\u2757\ufe0f"},"taobao":{"count":"\u274c","operator":"virtual23","amount":"\u2757\ufe0f"},"telegram":{"count":"\u2705 794  \u0639\u062f\u062f","amount":"32.88","operator":"virtual18|virtual23|virtual4||"},"tencentqq":{"count":"\u274c","amount":"9","operator":"virtual21"},"tiktok":{"count":"\u2705 1000  \u0639\u062f\u062f","amount":"13","operator":""},"tinder":{"count":"\u274c","operator":"virtual21","amount":"\u2757\ufe0f"},"tosla":{"count":"\u2705 27  \u0639\u062f\u062f","amount":"6","operator":"virtual23"},"totalcoin":{"count":"\u274c","operator":"virtual23","amount":"\u2757\ufe0f"},"touchance":{"count":"\u2705 27  \u0639\u062f\u062f","amount":"6","operator":"virtual23"},"trendyol":{"count":"\u2705 27  \u0639\u062f\u062f","amount":"6","operator":"virtual4"},"truecaller":{"count":"\u2705 27  \u0639\u062f\u062f","amount":"2","operator":""},"twitter":{"count":"\u2705 2  \u0639\u062f\u062f","amount":"9","operator":"virtual23"},"uber":{"count":"\u274c","operator":"virtual18","amount":"\u2757\ufe0f"},"uploaded":{"count":"\u274c","operator":"virtual18","amount":"\u2757\ufe0f"},"vernyi":{"count":"\u274c","operator":"virtual4","amount":"\u2757\ufe0f"},"viber":{"count":"\u2705 1000  \u0639\u062f\u062f","amount":"31.25","operator":""},"vkontakte":{"count":"\u2705 24  \u0639\u062f\u062f","amount":"33","operator":""},"voopee":{"count":"\u274c","operator":"virtual18","amount":"\u2757\ufe0f"},"wechat":{"count":"\u2705 778  \u0639\u062f\u062f","operator":"virtual21","amount":"65.63"},"weibo":{"count":"\u2705 27  \u0639\u062f\u062f","amount":"13","operator":""},"weku":{"count":"\u274c","operator":"virtual21","amount":"\u2757\ufe0f"},"whatsapp":{"count":"\u2705 1000  \u0639\u062f\u062f","amount":"12.62","operator":"virtual18|virtual23|virtual4||"},"winston":{"count":"\u274c","operator":"virtual4","amount":"\u2757\ufe0f"},"wish":{"count":"\u2705 27  \u0639\u062f\u062f","amount":"5","operator":"virtual4"},"yahoo":{"count":"\u2705 2004  \u0639\u062f\u062f","amount":"19.75","operator":""},"yalla":{"count":"\u2705 26  \u0639\u062f\u062f","amount":"9","operator":"virtual23"},"yandex":{"count":"\u274c","amount":"4","operator":"virtual21"},"yemeksepeti":{"count":"\u2705 27  \u0639\u062f\u062f","amount":"8","operator":"virtual23"},"youdo":{"count":"\u274c","operator":"virtual4","amount":"\u2757\ufe0f"},"youla":{"count":"\u2705 27  \u0639\u062f\u062f","amount":"2","operator":""},"zalo":{"count":"\u2705 27  \u0639\u062f\u062f","amount":"7","operator":""},"zoho":{"count":"\u2705 27  \u0639\u062f\u062f","amount":"13","operator":""},"digikala":{"count":"\u2705 27  \u0639\u062f\u062f","amount":"7","operator":""},"divar":{"count":"\u2705 27  \u0639\u062f\u062f","amount":"5","operator":""},"hamrahaval":{"count":"\u2705 27  \u0639\u062f\u062f","amount":"8","operator":""},"irancell":{"count":"\u2705 27  \u0639\u062f\u062f","amount":"7","operator":""},"zomato":{"count":"\u2705 1000  \u0639\u062f\u062f","amount":"12.5","operator":""},"":{"operator":"||||"},"tg":{"operator":"||||"}}