{"1688":{"count":"\u2705 1000  \u0639\u062f\u062f","amount":"14.5","operator":""},"1xbet":{"count":"\u2705 1000  \u0639\u062f\u062f","amount":"24","operator":""},"23red":{"count":"\u274c","operator":"virtual18","amount":"\u2757\ufe0f"},"ace2three":{"count":"\u274c","operator":"virtual23","amount":"\u2757\ufe0f"},"adidas":{"count":"\u2705 40  \u0639\u062f\u062f","amount":"9","operator":""},"airbnb":{"count":"\u2705 42  \u0639\u062f\u062f","amount":"19","operator":""},"airtel":{"count":"\u2705 42  \u0639\u062f\u062f","amount":"10","operator":"virtual4"},"akelni":{"count":"\u274c","operator":"virtual18","amount":"\u2757\ufe0f"},"alibaba":{"count":"\u2705 11758  \u0639\u062f\u062f","amount":"26.25","operator":"virtual18"},"aliexpress":{"count":"\u2705 42  \u0639\u062f\u062f","operator":"","amount":"1.9"},"alipay":{"count":"\u2705 42  \u0639\u062f\u062f","amount":"7","operator":"virtual23"},"amasia":{"count":"\u2705 42  \u0639\u062f\u062f","amount":"5","operator":"virtual4"},"amazon":{"count":"\u2705 34  \u0639\u062f\u062f","amount":"14","operator":""},"aol":{"count":"\u2705 20204  \u0639\u062f\u062f","amount":"18.38","operator":"virtual23"},"avito":{"count":"\u2705 42  \u0639\u062f\u062f","amount":"10","operator":"virtual4"},"azino":{"count":"\u274c","operator":"virtual21","amount":"\u2757\ufe0f"},"b4ucabs":{"count":"\u274c","operator":"virtual4","amount":"\u2757\ufe0f"},"bigcash":{"count":"\u274c","operator":"virtual4","amount":"\u2757\ufe0f"},"bigolive":{"count":"\u2705 42  \u0639\u062f\u062f","amount":"6","operator":""},"bitclout":{"count":"\u274c","operator":"","amount":"\u2757\ufe0f"},"bittube":{"count":"\u274c","operator":"","amount":"\u2757\ufe0f"},"blablacar":{"count":"\u2705 22  \u0639\u062f\u062f","amount":"8","operator":""},"blizzard":{"count":"\u274c","operator":"virtual18","amount":"\u2757\ufe0f"},"blockchain":{"count":"\u274c","operator":"virtual23","amount":"\u2757\ufe0f"},"burgerking":{"count":"\u2705 42  \u0639\u062f\u062f","amount":"6","operator":"virtual4"},"careem":{"count":"\u2705 23  \u0639\u062f\u062f","amount":"98","operator":""},"cdkeys":{"count":"\u2705 42  \u0639\u062f\u062f","amount":"8","operator":""},"cekkazan":{"count":"\u274c","operator":"","amount":"\u2757\ufe0f"},"citymobil":{"count":"\u2705 42  \u0639\u062f\u062f","amount":"9","operator":""},"clickentregas":{"count":"\u274c","operator":"","amount":"\u2757\ufe0f"},"coinbase":{"count":"\u2705 42  \u0639\u062f\u062f","amount":"20","operator":""},"craigslist":{"count":"\u2705 42  \u0639\u062f\u062f","amount":"20","operator":""},"deliveroo":{"count":"\u2705 42  \u0639\u062f\u062f","amount":"7","operator":"virtual23"},"delivery":{"count":"\u2705 42  \u0639\u062f\u062f","amount":"9","operator":"virtual4"},"dent":{"count":"\u2705 42  \u0639\u062f\u062f","amount":"17","operator":""},"didi":{"count":"\u2705 41  \u0639\u062f\u062f","amount":"8","operator":""},"discord":{"count":"\u2705 41  \u0639\u062f\u062f","amount":"12","operator":""},"dixy":{"count":"\u274c","operator":"virtual23","amount":"\u2757\ufe0f"},"dodopizza":{"count":"\u2705 42  \u0639\u062f\u062f","amount":"7","operator":""},"domdara":{"count":"\u274c","operator":"","amount":"\u2757\ufe0f"},"dostavista":{"count":"\u2705 42  \u0639\u062f\u062f","amount":"5","operator":""},"douyu":{"count":"\u2705 1000  \u0639\u062f\u062f","amount":"28.3","operator":""},"drom":{"count":"\u2705 42  \u0639\u062f\u062f","amount":"9","operator":"virtual23"},"drugvokrug":{"count":"\u2705 42  \u0639\u062f\u062f","amount":"6","operator":""},"dukascopy":{"count":"\u274c","operator":"","amount":"\u2757\ufe0f"},"ebay":{"count":"\u2705 1000  \u0639\u062f\u062f","amount":"14.96","operator":""},"edgeless":{"count":"\u274c","operator":"virtual4","amount":"\u2757\ufe0f"},"electroneum":{"count":"\u274c","operator":"virtual4","amount":"\u2757\ufe0f"},"ezway":{"count":"\u274c","operator":"","amount":"\u2757\ufe0f"},"facebook":{"count":"\u2705 1000  \u0639\u062f\u062f","amount":"12.3","operator":""},"fiverr":{"count":"\u274c","operator":"virtual18","amount":"\u2757\ufe0f"},"flipkart":{"count":"\u274c","operator":"virtual23","amount":"\u2757\ufe0f"},"foodpanda":{"count":"\u274c","operator":"virtual18","amount":"\u2757\ufe0f"},"foody":{"count":"\u2705 42  \u0639\u062f\u062f","amount":"8","operator":"virtual4"},"forwarding":{"count":"\u274c","operator":"virtual23","amount":"\u2757\ufe0f"},"galaxy":{"count":"\u274c","operator":"","amount":"\u2757\ufe0f"},"gameflip":{"count":"\u274c","operator":"","amount":"\u2757\ufe0f"},"gcash":{"count":"\u274c","operator":"","amount":"\u2757\ufe0f"},"get":{"count":"\u274c","operator":"","amount":"\u2757\ufe0f"},"getir":{"count":"\u2705 42  \u0639\u062f\u062f","amount":"9","operator":""},"gett":{"count":"\u2705 42  \u0639\u062f\u062f","amount":"9","operator":""},"globus":{"count":"\u2705 42  \u0639\u062f\u062f","amount":"8","operator":""},"glovo":{"count":"\u274c","operator":"","amount":"\u2757\ufe0f"},"google":{"count":"\u2705 1000  \u0639\u062f\u062f","amount":"13.63","operator":""},"grabtaxi":{"count":"\u2705 42  \u0639\u062f\u062f","amount":"9","operator":"virtual23"},"green":{"count":"\u274c","operator":"virtual4","amount":"\u2757\ufe0f"},"grindr":{"count":"\u2705 42  \u0639\u062f\u062f","amount":"10","operator":""},"haraj":{"count":"\u2705 42  \u0639\u062f\u062f","amount":"36","operator":""},"hezzl":{"count":"\u2705 42  \u0639\u062f\u062f","amount":"9","operator":""},"hopi":{"count":"\u2705 42  \u0639\u062f\u062f","amount":"9","operator":""},"hqtrivia":{"count":"\u2705 10174  \u0639\u062f\u062f","amount":"18.38","operator":""},"icard":{"count":"\u274c","operator":"","amount":"\u2757\ufe0f"},"icq":{"count":"\u2705 42  \u0639\u062f\u062f","amount":"6","operator":""},"imo":{"count":"\u2705 40  \u0639\u062f\u062f","amount":"16","operator":""},"ininal":{"count":"\u2705 42  \u0639\u062f\u062f","amount":"7","operator":""},"instagram":{"count":"\u2705 1000  \u0639\u062f\u062f","amount":"13.97","operator":""},"iost":{"count":"\u274c","operator":"virtual18","amount":"\u2757\ufe0f"},"jd":{"count":"\u2705 2  \u0639\u062f\u062f","amount":"12","operator":""},"justdating":{"count":"\u2705 42  \u0639\u062f\u062f","amount":"7","operator":"virtual23"},"kakaotalk":{"count":"\u2705 1000  \u0639\u062f\u062f","operator":"","amount":"22.5"},"keybase":{"count":"\u274c","amount":"\u2757\ufe0f","operator":"virtual23"},"komandacard":{"count":"\u274c","operator":"virtual18","amount":"\u2757\ufe0f"},"kotak811":{"count":"\u2705 42  \u0639\u062f\u062f","amount":"9","operator":"virtual4"},"kufarby":{"count":"\u2705 42  \u0639\u062f\u062f","amount":"9","operator":"virtual4"},"kwai":{"count":"\u274c","operator":"virtual23","amount":"\u2757\ufe0f"},"lazada":{"count":"\u274c","operator":"virtual4","amount":"\u2757\ufe0f"},"lbry":{"count":"\u274c","operator":"","amount":"\u2757\ufe0f"},"lenta":{"count":"\u2705 42  \u0639\u062f\u062f","amount":"6","operator":""},"lianxin":{"count":"\u274c","operator":"","amount":"\u2757\ufe0f"},"line":{"count":"\u2705 1000  \u0639\u062f\u062f","amount":"10.99","operator":""},"linkedin":{"count":"\u274c","amount":"\u2757\ufe0f","operator":"virtual18"},"livescore":{"count":"\u2705 42  \u0639\u062f\u062f","amount":"9","operator":"virtual4"},"magnit":{"count":"\u2705 42  \u0639\u062f\u062f","amount":"8","operator":"virtual4"},"magnolia":{"count":"\u2705 42  \u0639\u062f\u062f","amount":"10","operator":""},"mailru":{"count":"\u2705 42  \u0639\u062f\u062f","amount":"9","operator":""},"mamba":{"count":"\u2705 42  \u0639\u062f\u062f","amount":"5","operator":""},"mcdonalds":{"count":"\u2705 42  \u0639\u062f\u062f","amount":"10","operator":""},"meetme":{"count":"\u274c","operator":"","amount":"\u2757\ufe0f"},"mega":{"count":"\u2705 42  \u0639\u062f\u062f","amount":"10","operator":""},"mercado":{"count":"\u2705 42  \u0639\u062f\u062f","amount":"10","operator":""},"michat":{"count":"\u2705 42  \u0639\u062f\u062f","amount":"17","operator":""},"microsoft":{"count":"\u2705 1000  \u0639\u062f\u062f","amount":"9.89","operator":""},"miratorg":{"count":"\u2705 42  \u0639\u062f\u062f","amount":"7","operator":"virtual23"},"mtscashback":{"count":"\u2705 42  \u0639\u062f\u062f","amount":"18","operator":"virtual23"},"nana":{"count":"\u274c","operator":"virtual4","amount":"\u2757\ufe0f"},"naver":{"count":"\u2705 1000  \u0639\u062f\u062f","amount":"14","operator":""},"netflix":{"count":"\u274c","operator":"virtual23","amount":"\u2757\ufe0f"},"nhseven":{"count":"\u2705 42  \u0639\u062f\u062f","amount":"8","operator":"virtual4"},"nifty":{"count":"\u274c","operator":"virtual21","amount":"\u2757\ufe0f"},"nike":{"count":"\u274c","operator":"virtual18","amount":"\u2757\ufe0f"},"nimses":{"count":"\u274c","operator":"virtual23","amount":"\u2757\ufe0f"},"nttgame":{"count":"\u2705 1000  \u0639\u062f\u062f","amount":"14.16","operator":""},"odnoklassniki":{"count":"\u2705 42  \u0639\u062f\u062f","amount":"7","operator":"virtual23"},"offerup":{"count":"\u2705 310  \u0639\u062f\u062f","amount":"19.75","operator":""},"okcupid":{"count":"\u274c","operator":"virtual21","amount":"\u2757\ufe0f"},"okey":{"count":"\u274c","operator":"virtual4","amount":"\u2757\ufe0f"},"olx":{"count":"\u2705 42  \u0639\u062f\u062f","amount":"17","operator":""},"openpoint":{"count":"\u274c","operator":"virtual4","amount":"\u2757\ufe0f"},"oraclecloud":{"count":"\u274c","operator":"virtual21","amount":"\u2757\ufe0f"},"other":{"count":"\u2705 42  \u0639\u062f\u062f","amount":"5","operator":""},"ozon":{"count":"\u2705 42  \u0639\u062f\u062f","amount":"10","operator":""},"pairs":{"count":"\u2705 42  \u0639\u062f\u062f","amount":"5","operator":""},"papara":{"count":"\u2705 42  \u0639\u062f\u062f","amount":"20","operator":""},"paycell":{"count":"\u2705 23145  \u0639\u062f\u062f","amount":"22.38","operator":""},"paymaya":{"count":"\u274c","operator":"virtual4","amount":"\u2757\ufe0f"},"paypal":{"count":"\u274c","amount":"\u2757\ufe0f","operator":"virtual23"},"paysend":{"count":"\u2705 42  \u0639\u062f\u062f","amount":"6","operator":"virtual4"},"peoplecom":{"count":"\u274c","operator":"virtual23","amount":"\u2757\ufe0f"},"perekrestok":{"count":"\u2705 42  \u0639\u062f\u062f","amount":"8","operator":""},"pof":{"count":"\u274c","operator":"virtual18","amount":"\u2757\ufe0f"},"pokec":{"count":"\u274c","operator":"virtual21","amount":"\u2757\ufe0f"},"pokermaster":{"count":"\u274c","operator":"","amount":"\u2757\ufe0f"},"potato":{"count":"\u2705 42  \u0639\u062f\u062f","amount":"6","operator":""},"proton":{"count":"\u274c","operator":"","amount":"\u2757\ufe0f"},"protp":{"count":"\u2705 42  \u0639\u062f\u062f","amount":"9","operator":""},"pubg":{"count":"\u274c","operator":"","amount":"\u2757\ufe0f"},"pyaterochka":{"count":"\u2705 42  \u0639\u062f\u062f","amount":"10","operator":""},"qiwiwallet":{"count":"\u2705 42  \u0639\u062f\u062f","amount":"6","operator":""},"quioo":{"count":"\u274c","operator":"","amount":"\u2757\ufe0f"},"quipp":{"count":"\u2705 42  \u0639\u062f\u062f","amount":"9","operator":""},"reuse":{"count":"\u274c","operator":"","amount":"\u2757\ufe0f"},"ripkord":{"count":"\u274c","operator":"","amount":"\u2757\ufe0f"},"samokat":{"count":"\u2705 42  \u0639\u062f\u062f","amount":"8","operator":""},"seosprint":{"count":"\u2705 42  \u0639\u062f\u062f","amount":"10","operator":""},"sheerid":{"count":"\u2705 42  \u0639\u062f\u062f","amount":"6","operator":""},"shopee":{"count":"\u2705 42  \u0639\u062f\u062f","amount":"17","operator":""},"signal":{"count":"\u274c","operator":"virtual4","amount":"\u2757\ufe0f"},"sikayetvar":{"count":"\u2705 42  \u0639\u062f\u062f","amount":"6","operator":"virtual18"},"skout":{"count":"\u2705 42  \u0639\u062f\u062f","amount":"12","operator":""},"snapchat":{"count":"\u2705 39  \u0639\u062f\u062f","amount":"19","operator":""},"steam":{"count":"\u2705 42  \u0639\u062f\u062f","amount":"7","operator":"virtual23"},"swvl":{"count":"\u2705 42  \u0639\u062f\u062f","amount":"10","operator":"virtual23"},"taksheel":{"count":"\u274c","operator":"virtual4","amount":"39.38"},"tango":{"count":"\u2705 42  \u0639\u062f\u062f","amount":"6","operator":""},"tantan":{"count":"\u274c","operator":"virtual21","amount":"\u2757\ufe0f"},"taobao":{"count":"\u274c","operator":"virtual23","amount":"\u2757\ufe0f"},"telegram":{"count":"\u2705 1000  \u0639\u062f\u062f","amount":"14.29","operator":""},"tencentqq":{"count":"\u2705 7  \u0639\u062f\u062f","amount":"8","operator":"virtual23"},"tiktok":{"count":"\u2705 27  \u0639\u062f\u062f","amount":"12","operator":""},"tinder":{"count":"\u2705 1000  \u0639\u062f\u062f","amount":"12","operator":""},"tosla":{"count":"\u2705 42  \u0639\u062f\u062f","amount":"6","operator":"virtual23"},"totalcoin":{"count":"\u274c","operator":"virtual23","amount":"\u2757\ufe0f"},"touchance":{"count":"\u2705 42  \u0639\u062f\u062f","amount":"9","operator":"virtual23"},"trendyol":{"count":"\u2705 42  \u0639\u062f\u062f","amount":"9","operator":"virtual4"},"truecaller":{"count":"\u2705 41  \u0639\u062f\u062f","amount":"16","operator":""},"twitter":{"count":"\u2705 7279  \u0639\u062f\u062f","amount":"18.38","operator":"virtual18"},"uber":{"count":"\u2705 1000  \u0639\u062f\u062f","amount":"21.25","operator":""},"uploaded":{"count":"\u274c","operator":"virtual18","amount":"\u2757\ufe0f"},"vernyi":{"count":"\u274c","operator":"virtual4","amount":"\u2757\ufe0f"},"viber":{"count":"\u2705 42  \u0639\u062f\u062f","amount":"10","operator":""},"vkontakte":{"count":"\u2705 11  \u0639\u062f\u062f","amount":"8","operator":""},"voopee":{"count":"\u274c","operator":"virtual18","amount":"\u2757\ufe0f"},"wechat":{"count":"\u2705 285  \u0639\u062f\u062f","operator":"beeline","amount":"91.88"},"weibo":{"count":"\u2705 42  \u0639\u062f\u062f","amount":"14","operator":""},"weku":{"count":"\u274c","operator":"virtual23","amount":"\u2757\ufe0f"},"whatsapp":{"count":"\u2705 430  \u0639\u062f\u062f","operator":"virtual18","amount":"22.38"},"winston":{"count":"\u274c","operator":"virtual4","amount":"\u2757\ufe0f"},"wish":{"count":"\u2705 42  \u0639\u062f\u062f","amount":"8","operator":"virtual4"},"yahoo":{"count":"\u2705 24  \u0639\u062f\u062f","amount":"13","operator":""},"yalla":{"count":"\u274c","operator":"virtual18","amount":"\u2757\ufe0f"},"yandex":{"count":"\u2705 41  \u0639\u062f\u062f","amount":"12","operator":""},"yemeksepeti":{"count":"\u2705 42  \u0639\u062f\u062f","amount":"9","operator":"virtual23"},"youdo":{"count":"\u274c","operator":"virtual4","amount":"\u2757\ufe0f"},"youla":{"count":"\u2705 42  \u0639\u062f\u062f","amount":"7","operator":""},"zalo":{"count":"\u2705 42  \u0639\u062f\u062f","amount":"7","operator":""},"zoho":{"count":"\u2705 42  \u0639\u062f\u062f","amount":"14","operator":""},"digikala":{"count":"\u2705 42  \u0639\u062f\u062f","amount":"10","operator":""},"divar":{"count":"\u2705 42  \u0639\u062f\u062f","amount":"10","operator":""},"hamrahaval":{"count":"\u2705 42  \u0639\u062f\u062f","amount":"10","operator":""},"irancell":{"count":"\u2705 42  \u0639\u062f\u062f","amount":"6","operator":""},"zomato":{"count":"\u2705 1000  \u0639\u062f\u062f","amount":"12.5","operator":""}}