{"1688":{"count":"\u2705 1000  \u0639\u062f\u062f","amount":"19","operator":""},"1xbet":{"count":"\u2705 1000  \u0639\u062f\u062f","amount":"23","operator":""},"23red":{"count":"\u274c","operator":"virtual18","amount":"\u2757\ufe0f"},"ace2three":{"count":"\u274c","operator":"virtual23","amount":"\u2757\ufe0f"},"adidas":{"count":"\u2705 1  \u0639\u062f\u062f","amount":"6","operator":""},"airbnb":{"count":"\u2705 1  \u0639\u062f\u062f","amount":"11","operator":""},"airtel":{"count":"\u2705 1  \u0639\u062f\u062f","amount":"6","operator":"virtual23"},"akelni":{"count":"\u274c","operator":"virtual18","amount":"\u2757\ufe0f"},"alibaba":{"count":"\u2705 1000  \u0639\u062f\u062f","amount":"16.13","operator":""},"aliexpress":{"count":"\u274c","operator":"virtual18","amount":"\u2757\ufe0f"},"alipay":{"count":"\u2705 1  \u0639\u062f\u062f","amount":"6","operator":"virtual23"},"amasia":{"count":"\u2705 1  \u0639\u062f\u062f","amount":"7","operator":"virtual23"},"amazon":{"count":"\u2705 1  \u0639\u062f\u062f","amount":"14","operator":""},"aol":{"count":"\u2705 5008  \u0639\u062f\u062f","amount":"14.5","operator":"virtual23"},"avito":{"count":"\u2705 1  \u0639\u062f\u062f","amount":"7","operator":"virtual4"},"azino":{"count":"\u274c","operator":"virtual4","amount":"\u2757\ufe0f"},"b4ucabs":{"count":"\u274c","operator":"virtual4","amount":"\u2757\ufe0f"},"bigcash":{"count":"\u274c","operator":"virtual4","amount":"\u2757\ufe0f"},"bigolive":{"count":"\u2705 1  \u0639\u062f\u062f","amount":"7","operator":""},"bitclout":{"count":"\u274c","operator":"","amount":"\u2757\ufe0f"},"bittube":{"count":"\u274c","operator":"","amount":"\u2757\ufe0f"},"blablacar":{"count":"\u2705 1  \u0639\u062f\u062f","amount":"7","operator":""},"blizzard":{"count":"\u2705 1  \u0639\u062f\u062f","amount":"11","operator":""},"blockchain":{"count":"\u274c","operator":"virtual23","amount":"\u2757\ufe0f"},"burgerking":{"count":"\u2705 1  \u0639\u062f\u062f","amount":"6","operator":"virtual4"},"careem":{"count":"\u2705 1  \u0639\u062f\u062f","amount":"12","operator":""},"cdkeys":{"count":"\u2705 1  \u0639\u062f\u062f","amount":"9","operator":"virtual4"},"cekkazan":{"count":"\u274c","operator":"","amount":"\u2757\ufe0f"},"citymobil":{"count":"\u2705 1  \u0639\u062f\u062f","amount":"6","operator":""},"clickentregas":{"count":"\u274c","operator":"","amount":"\u2757\ufe0f"},"coinbase":{"count":"\u2705 1  \u0639\u062f\u062f","amount":"24","operator":"virtual21"},"craigslist":{"count":"\u2705 1  \u0639\u062f\u062f","amount":"20","operator":""},"deliveroo":{"count":"\u2705 1  \u0639\u062f\u062f","amount":"6","operator":"virtual18"},"delivery":{"count":"\u2705 1  \u0639\u062f\u062f","amount":"6","operator":"virtual23"},"dent":{"count":"\u2705 1  \u0639\u062f\u062f","amount":"7","operator":""},"didi":{"count":"\u2705 1  \u0639\u062f\u062f","amount":"9","operator":"virtual4"},"discord":{"count":"\u2705 11785  \u0639\u062f\u062f","amount":"7.88","operator":""},"dixy":{"count":"\u274c","operator":"virtual23","amount":"\u2757\ufe0f"},"dodopizza":{"count":"\u2705 1  \u0639\u062f\u062f","amount":"5","operator":"virtual4"},"domdara":{"count":"\u274c","operator":"","amount":"\u2757\ufe0f"},"dostavista":{"count":"\u2705 1  \u0639\u062f\u062f","amount":"8","operator":""},"douyu":{"count":"\u2705 1000  \u0639\u062f\u062f","amount":"28.3","operator":""},"drom":{"count":"\u2705 1  \u0639\u062f\u062f","amount":"8","operator":"virtual23"},"drugvokrug":{"count":"\u2705 1  \u0639\u062f\u062f","amount":"1","operator":"virtual23"},"dukascopy":{"count":"\u274c","operator":"","amount":"\u2757\ufe0f"},"ebay":{"count":"\u2705 1000  \u0639\u062f\u062f","amount":"15.58","operator":""},"edgeless":{"count":"\u274c","operator":"virtual4","amount":"\u2757\ufe0f"},"electroneum":{"count":"\u274c","operator":"virtual4","amount":"\u2757\ufe0f"},"ezway":{"count":"\u274c","operator":"","amount":"\u2757\ufe0f"},"facebook":{"count":"\u2705 1000  \u0639\u062f\u062f","amount":"9.24","operator":""},"fiverr":{"count":"\u274c","operator":"virtual18","amount":"\u2757\ufe0f"},"flipkart":{"count":"\u274c","operator":"virtual23","amount":"\u2757\ufe0f"},"foodpanda":{"count":"\u2705 1  \u0639\u062f\u062f","amount":"11","operator":""},"foody":{"count":"\u2705 1  \u0639\u062f\u062f","amount":"5","operator":"virtual4"},"forwarding":{"count":"\u274c","operator":"virtual23","amount":"\u2757\ufe0f"},"galaxy":{"count":"\u274c","operator":"","amount":"\u2757\ufe0f"},"gameflip":{"count":"\u274c","operator":"","amount":"\u2757\ufe0f"},"gcash":{"count":"\u274c","operator":"","amount":"\u2757\ufe0f"},"get":{"count":"\u274c","operator":"","amount":"\u2757\ufe0f"},"getir":{"count":"\u2705 1  \u0639\u062f\u062f","amount":"9","operator":""},"gett":{"count":"\u2705 1  \u0639\u062f\u062f","amount":"1","operator":""},"globus":{"count":"\u2705 1  \u0639\u062f\u062f","amount":"10","operator":""},"glovo":{"count":"\u274c","operator":"","amount":"\u2757\ufe0f"},"google":{"count":"\u2705 6355  \u0639\u062f\u062f","amount":"7.88","operator":""},"grabtaxi":{"count":"\u2705 1  \u0639\u062f\u062f","amount":"7","operator":"virtual18"},"green":{"count":"\u274c","operator":"virtual4","amount":"\u2757\ufe0f"},"grindr":{"count":"\u2705 1  \u0639\u062f\u062f","amount":"5","operator":""},"haraj":{"count":"\u2705 1  \u0639\u062f\u062f","amount":"36","operator":"virtual4"},"hezzl":{"count":"\u2705 1  \u0639\u062f\u062f","amount":"6","operator":""},"hopi":{"count":"\u2705 1  \u0639\u062f\u062f","amount":"7","operator":""},"hqtrivia":{"count":"\u2705 1  \u0639\u062f\u062f","amount":"12","operator":""},"icard":{"count":"\u274c","operator":"","amount":"\u2757\ufe0f"},"icq":{"count":"\u2705 1  \u0639\u062f\u062f","amount":"5","operator":""},"imo":{"count":"\u2705 1  \u0639\u062f\u062f","amount":"7","operator":""},"ininal":{"count":"\u2705 1  \u0639\u062f\u062f","amount":"7","operator":"virtual23"},"instagram":{"count":"\u2705 22064  \u0639\u062f\u062f","operator":"virtual21","amount":"11.88"},"iost":{"count":"\u274c","operator":"virtual18","amount":"\u2757\ufe0f"},"jd":{"count":"\u2705 1000  \u0639\u062f\u062f","amount":"13.54","operator":""},"justdating":{"count":"\u2705 1  \u0639\u062f\u062f","amount":"5","operator":"virtual23"},"kakaotalk":{"count":"\u2705 1000  \u0639\u062f\u062f","amount":"17.5","operator":""},"keybase":{"count":"\u2705 1  \u0639\u062f\u062f","amount":"14","operator":""},"komandacard":{"count":"\u274c","operator":"virtual18","amount":"\u2757\ufe0f"},"kotak811":{"count":"\u2705 1  \u0639\u062f\u062f","amount":"8","operator":"virtual4"},"kufarby":{"count":"\u2705 1  \u0639\u062f\u062f","amount":"10","operator":"virtual23"},"kwai":{"count":"\u274c","operator":"virtual21","amount":"\u2757\ufe0f"},"lazada":{"count":"\u274c","operator":"virtual4","amount":"\u2757\ufe0f"},"lbry":{"count":"\u274c","operator":"","amount":"\u2757\ufe0f"},"lenta":{"count":"\u2705 1  \u0639\u062f\u062f","amount":"5","operator":""},"lianxin":{"count":"\u274c","operator":"","amount":"\u2757\ufe0f"},"line":{"count":"\u2705 1  \u0639\u062f\u062f","amount":"11","operator":""},"linkedin":{"count":"\u274c","amount":"\u2757\ufe0f","operator":"virtual18"},"livescore":{"count":"\u2705 1  \u0639\u062f\u062f","amount":"8","operator":"virtual21"},"magnit":{"count":"\u2705 1  \u0639\u062f\u062f","amount":"8","operator":"virtual23"},"magnolia":{"count":"\u2705 1  \u0639\u062f\u062f","amount":"10","operator":"virtual4"},"mailru":{"count":"\u2705 1  \u0639\u062f\u062f","amount":"1","operator":"virtual4"},"mamba":{"count":"\u2705 1  \u0639\u062f\u062f","amount":"9","operator":""},"mcdonalds":{"count":"\u2705 1  \u0639\u062f\u062f","amount":"5","operator":""},"meetme":{"count":"\u274c","operator":"","amount":"\u2757\ufe0f"},"mega":{"count":"\u2705 1  \u0639\u062f\u062f","amount":"6","operator":""},"mercado":{"count":"\u2705 1  \u0639\u062f\u062f","amount":"9","operator":""},"michat":{"count":"\u2705 1  \u0639\u062f\u062f","amount":"17","operator":""},"microsoft":{"count":"\u2705 1000  \u0639\u062f\u062f","amount":"9.81","operator":""},"miratorg":{"count":"\u2705 1  \u0639\u062f\u062f","amount":"8","operator":"virtual23"},"mtscashback":{"count":"\u2705 1  \u0639\u062f\u062f","amount":"18","operator":"virtual23"},"nana":{"count":"\u274c","operator":"virtual4","amount":"\u2757\ufe0f"},"naver":{"count":"\u2705 1000  \u0639\u062f\u062f","amount":"11.72","operator":""},"netflix":{"count":"\u2705 1  \u0639\u062f\u062f","amount":"12","operator":""},"nhseven":{"count":"\u2705 1  \u0639\u062f\u062f","amount":"7","operator":"virtual4"},"nifty":{"count":"\u274c","operator":"virtual21","amount":"\u2757\ufe0f"},"nike":{"count":"\u2705 1000  \u0639\u062f\u062f","amount":"14.25","operator":""},"nimses":{"count":"\u274c","operator":"virtual23","amount":"\u2757\ufe0f"},"nttgame":{"count":"\u2705 1  \u0639\u062f\u062f","amount":"11","operator":""},"odnoklassniki":{"count":"\u2705 1  \u0639\u062f\u062f","amount":"1","operator":"virtual23"},"offerup":{"count":"\u2705 4855  \u0639\u062f\u062f","amount":"19.75","operator":"virtual21"},"okcupid":{"count":"\u274c","operator":"virtual21","amount":"\u2757\ufe0f"},"okey":{"count":"\u274c","operator":"virtual4","amount":"\u2757\ufe0f"},"olx":{"count":"\u2705 1  \u0639\u062f\u062f","amount":"11","operator":""},"openpoint":{"count":"\u274c","operator":"virtual4","amount":"\u2757\ufe0f"},"oraclecloud":{"count":"\u274c","operator":"virtual21","amount":"\u2757\ufe0f"},"other":{"count":"\u2705 1  \u0639\u062f\u062f","amount":"23","operator":"virtual23"},"ozon":{"count":"\u2705 1  \u0639\u062f\u062f","amount":"6","operator":"virtual4"},"pairs":{"count":"\u2705 1  \u0639\u062f\u062f","amount":"8","operator":""},"papara":{"count":"\u2705 1  \u0639\u062f\u062f","amount":"26","operator":"virtual21"},"paycell":{"count":"\u2705 1  \u0639\u062f\u062f","amount":"18","operator":""},"paymaya":{"count":"\u274c","operator":"virtual4","amount":"\u2757\ufe0f"},"paypal":{"count":"\u2705 1000  \u0639\u062f\u062f","amount":"31.25","operator":"virtual8"},"paysend":{"count":"\u2705 1  \u0639\u062f\u062f","amount":"6","operator":"virtual4"},"peoplecom":{"count":"\u274c","operator":"virtual23","amount":"\u2757\ufe0f"},"perekrestok":{"count":"\u2705 1  \u0639\u062f\u062f","amount":"9","operator":""},"pof":{"count":"\u2705 1  \u0639\u062f\u062f","amount":"10","operator":""},"pokec":{"count":"\u274c","operator":"virtual23","amount":"\u2757\ufe0f"},"pokermaster":{"count":"\u274c","operator":"","amount":"\u2757\ufe0f"},"potato":{"count":"\u2705 1  \u0639\u062f\u062f","amount":"8","operator":""},"proton":{"count":"\u274c","operator":"","amount":"\u2757\ufe0f"},"protp":{"count":"\u2705 1  \u0639\u062f\u062f","amount":"9","operator":""},"pubg":{"count":"\u274c","operator":"","amount":"\u2757\ufe0f"},"pyaterochka":{"count":"\u2705 1  \u0639\u062f\u062f","amount":"10","operator":""},"qiwiwallet":{"count":"\u2705 1  \u0639\u062f\u062f","amount":"6","operator":""},"quioo":{"count":"\u274c","operator":"","amount":"\u2757\ufe0f"},"quipp":{"count":"\u2705 1  \u0639\u062f\u062f","amount":"8","operator":""},"reuse":{"count":"\u274c","operator":"","amount":"\u2757\ufe0f"},"ripkord":{"count":"\u274c","operator":"","amount":"\u2757\ufe0f"},"samokat":{"count":"\u2705 1  \u0639\u062f\u062f","amount":"10","operator":""},"seosprint":{"count":"\u2705 1  \u0639\u062f\u062f","amount":"1","operator":""},"sheerid":{"count":"\u2705 1  \u0639\u062f\u062f","amount":"6","operator":""},"shopee":{"count":"\u2705 1000  \u0639\u062f\u062f","amount":"25","operator":""},"signal":{"count":"\u274c","operator":"virtual4","amount":"\u2757\ufe0f"},"sikayetvar":{"count":"\u2705 1  \u0639\u062f\u062f","amount":"6","operator":"virtual18"},"skout":{"count":"\u2705 1  \u0639\u062f\u062f","amount":"8","operator":""},"snapchat":{"count":"\u2705 1  \u0639\u062f\u062f","amount":"19","operator":"virtual21"},"steam":{"count":"\u2705 1000  \u0639\u062f\u062f","amount":"10.56","operator":""},"swvl":{"count":"\u2705 1  \u0639\u062f\u062f","amount":"7","operator":"virtual18"},"taksheel":{"count":"\u2705 3212  \u0639\u062f\u062f","operator":"virtual4","amount":"39.38"},"tango":{"count":"\u2705 1  \u0639\u062f\u062f","amount":"5","operator":"virtual23"},"tantan":{"count":"\u274c","operator":"virtual21","amount":"\u2757\ufe0f"},"taobao":{"count":"\u2705 1000  \u0639\u062f\u062f","amount":"16.09","operator":""},"telegram":{"count":"\u2705 10375  \u0639\u062f\u062f","amount":"11.88","operator":"virtual4|virtual23|virtual18||"},"tencentqq":{"count":"\u274c","amount":"\u2757\ufe0f","operator":"virtual23"},"tiktok":{"count":"\u2705 1  \u0639\u062f\u062f","amount":"12","operator":""},"tinder":{"count":"\u2705 1000  \u0639\u062f\u062f","amount":"10.61","operator":""},"tosla":{"count":"\u2705 1  \u0639\u062f\u062f","amount":"7","operator":"virtual18"},"totalcoin":{"count":"\u274c","operator":"virtual23","amount":"\u2757\ufe0f"},"touchance":{"count":"\u2705 1  \u0639\u062f\u062f","amount":"9","operator":"virtual4"},"trendyol":{"count":"\u2705 1  \u0639\u062f\u062f","amount":"8","operator":"virtual23"},"truecaller":{"count":"\u2705 1  \u0639\u062f\u062f","amount":"16","operator":""},"twitter":{"count":"\u2705 12710  \u0639\u062f\u062f","amount":"13.13","operator":""},"uber":{"count":"\u2705 1  \u0639\u062f\u062f","amount":"1","operator":""},"uploaded":{"count":"\u274c","operator":"virtual18","amount":"\u2757\ufe0f"},"vernyi":{"count":"\u274c","operator":"virtual4","amount":"\u2757\ufe0f"},"viber":{"count":"\u2705 1000  \u0639\u062f\u062f","amount":"11.25","operator":""},"vkontakte":{"count":"\u2705 1  \u0639\u062f\u062f","amount":"8","operator":""},"voopee":{"count":"\u274c","operator":"virtual18","amount":"\u2757\ufe0f"},"wechat":{"count":"\u2705 4334  \u0639\u062f\u062f","operator":"beeline","amount":"91.88"},"weibo":{"count":"\u2705 1  \u0639\u062f\u062f","amount":"14","operator":"virtual12"},"weku":{"count":"\u274c","operator":"virtual23","amount":"\u2757\ufe0f"},"whatsapp":{"count":"\u2705 1000  \u0639\u062f\u062f","amount":"11.57","operator":"virtual18|virtual4|virtual23||"},"winston":{"count":"\u274c","operator":"virtual4","amount":"\u2757\ufe0f"},"wish":{"count":"\u2705 1  \u0639\u062f\u062f","amount":"5","operator":"virtual4"},"yahoo":{"count":"\u2705 12755  \u0639\u062f\u062f","amount":"10.5","operator":"virtual18"},"yalla":{"count":"\u274c","operator":"virtual18","amount":"\u2757\ufe0f"},"yandex":{"count":"\u2705 1  \u0639\u062f\u062f","amount":"5","operator":""},"yemeksepeti":{"count":"\u2705 1  \u0639\u062f\u062f","amount":"8","operator":"virtual4"},"youdo":{"count":"\u274c","operator":"virtual4","amount":"\u2757\ufe0f"},"youla":{"count":"\u2705 1  \u0639\u062f\u062f","amount":"1","operator":"virtual4"},"zalo":{"count":"\u2705 1  \u0639\u062f\u062f","amount":"6","operator":"virtual4"},"zoho":{"count":"\u2705 1  \u0639\u062f\u062f","amount":"14","operator":""},"digikala":{"count":"\u2705 1  \u0639\u062f\u062f","amount":"8","operator":"virtual4"},"divar":{"count":"\u2705 1  \u0639\u062f\u062f","amount":"7","operator":"virtual4"},"hamrahaval":{"count":"\u2705 1  \u0639\u062f\u062f","amount":"7","operator":"virtual23"},"irancell":{"count":"\u2705 1  \u0639\u062f\u062f","amount":"8","operator":"virtual4"},"zomato":{"count":"\u2705 1000  \u0639\u062f\u062f","amount":"12.5","operator":""}}