{"1688":{"count":"\u2705 1000  \u0639\u062f\u062f","amount":"14.5","operator":""},"1xbet":{"count":"\u2705 1000  \u0639\u062f\u062f","amount":"24","operator":""},"23red":{"count":"\u274c","operator":"virtual18","amount":"\u2757\ufe0f"},"ace2three":{"count":"\u274c","operator":"virtual23","amount":"\u2757\ufe0f"},"adidas":{"count":"\u2705 1489  \u0639\u062f\u062f","amount":"32","operator":""},"airbnb":{"count":"\u2705 372  \u0639\u062f\u062f","amount":"4","operator":""},"airtel":{"count":"\u2705 1489  \u0639\u062f\u062f","amount":"9","operator":"virtual4"},"akelni":{"count":"\u274c","operator":"virtual18","amount":"\u2757\ufe0f"},"alibaba":{"count":"\u2705 482  \u0639\u062f\u062f","amount":"2","operator":""},"aliexpress":{"count":"\u2705 1474  \u0639\u062f\u062f","operator":"","amount":"1.9"},"alipay":{"count":"\u2705 1313  \u0639\u062f\u062f","amount":"2","operator":""},"amasia":{"count":"\u2705 1489  \u0639\u062f\u062f","amount":"6","operator":"virtual23"},"amazon":{"count":"\u2705 1223  \u0639\u062f\u062f","amount":"2","operator":"virtual21|virtual18|virtual23|virtual4|"},"aol":{"count":"\u2705 1093  \u0639\u062f\u062f","amount":"1","operator":""},"avito":{"count":"\u274c","operator":"virtual4","amount":"\u2757\ufe0f"},"azino":{"count":"\u274c","operator":"virtual4","amount":"\u2757\ufe0f"},"b4ucabs":{"count":"\u274c","operator":"virtual4","amount":"\u2757\ufe0f"},"bigcash":{"count":"\u274c","operator":"virtual4","amount":"\u2757\ufe0f"},"bigolive":{"count":"\u2705 1488  \u0639\u062f\u062f","amount":"8","operator":""},"bitclout":{"count":"\u274c","operator":"","amount":"\u2757\ufe0f"},"bittube":{"count":"\u274c","operator":"","amount":"\u2757\ufe0f"},"blablacar":{"count":"\u2705 1487  \u0639\u062f\u062f","amount":"5","operator":""},"blizzard":{"count":"\u2705 1489  \u0639\u062f\u062f","amount":"11","operator":""},"blockchain":{"count":"\u274c","operator":"virtual23","amount":"\u2757\ufe0f"},"burgerking":{"count":"\u2705 1489  \u0639\u062f\u062f","amount":"2","operator":"virtual4"},"careem":{"count":"\u2705 1489  \u0639\u062f\u062f","amount":"22","operator":""},"cdkeys":{"count":"\u2705 1489  \u0639\u062f\u062f","amount":"5","operator":""},"cekkazan":{"count":"\u274c","operator":"","amount":"\u2757\ufe0f"},"citymobil":{"count":"\u2705 1489  \u0639\u062f\u062f","amount":"8","operator":""},"clickentregas":{"count":"\u274c","operator":"","amount":"\u2757\ufe0f"},"coinbase":{"count":"\u2705 1489  \u0639\u062f\u062f","amount":"22","operator":""},"craigslist":{"count":"\u2705 1489  \u0639\u062f\u062f","amount":"19","operator":""},"deliveroo":{"count":"\u2705 1488  \u0639\u062f\u062f","amount":"5","operator":"virtual23"},"delivery":{"count":"\u2705 1488  \u0639\u062f\u062f","amount":"7","operator":"virtual4"},"dent":{"count":"\u2705 1489  \u0639\u062f\u062f","amount":"13","operator":""},"didi":{"count":"\u2705 1489  \u0639\u062f\u062f","amount":"9","operator":""},"discord":{"count":"\u2705 163  \u0639\u062f\u062f","amount":"3","operator":""},"dixy":{"count":"\u274c","operator":"virtual23","amount":"\u2757\ufe0f"},"dodopizza":{"count":"\u2705 1489  \u0639\u062f\u062f","amount":"6","operator":""},"domdara":{"count":"\u274c","operator":"","amount":"\u2757\ufe0f"},"dostavista":{"count":"\u2705 1489  \u0639\u062f\u062f","amount":"8","operator":""},"douyu":{"count":"\u2705 1000  \u0639\u062f\u062f","amount":"28.3","operator":""},"drom":{"count":"\u2705 1489  \u0639\u062f\u062f","amount":"2","operator":"virtual23"},"drugvokrug":{"count":"\u2705 1489  \u0639\u062f\u062f","amount":"2","operator":""},"dukascopy":{"count":"\u274c","operator":"","amount":"\u2757\ufe0f"},"ebay":{"count":"\u2705 1050  \u0639\u062f\u062f","amount":"2","operator":""},"edgeless":{"count":"\u274c","operator":"virtual4","amount":"\u2757\ufe0f"},"electroneum":{"count":"\u274c","operator":"virtual4","amount":"\u2757\ufe0f"},"ezway":{"count":"\u274c","operator":"","amount":"\u2757\ufe0f"},"facebook":{"count":"\u2705 1000  \u0639\u062f\u062f","amount":"14","operator":"virtual4"},"fiverr":{"count":"\u274c","operator":"virtual18","amount":"\u2757\ufe0f"},"flipkart":{"count":"\u274c","operator":"virtual23","amount":"\u2757\ufe0f"},"foodpanda":{"count":"\u2705 1489  \u0639\u062f\u062f","amount":"10","operator":""},"foody":{"count":"\u2705 1489  \u0639\u062f\u062f","amount":"8","operator":"virtual4"},"forwarding":{"count":"\u274c","operator":"virtual23","amount":"\u2757\ufe0f"},"galaxy":{"count":"\u274c","operator":"","amount":"\u2757\ufe0f"},"gameflip":{"count":"\u274c","operator":"","amount":"\u2757\ufe0f"},"gcash":{"count":"\u274c","operator":"","amount":"\u2757\ufe0f"},"get":{"count":"\u274c","operator":"","amount":"\u2757\ufe0f"},"getir":{"count":"\u2705 1489  \u0639\u062f\u062f","amount":"5","operator":""},"gett":{"count":"\u2705 1489  \u0639\u062f\u062f","amount":"1","operator":""},"globus":{"count":"\u2705 1489  \u0639\u062f\u062f","amount":"7","operator":""},"glovo":{"count":"\u274c","operator":"","amount":"\u2757\ufe0f"},"google":{"count":"\u2705 1  \u0639\u062f\u062f","amount":"6","operator":""},"grabtaxi":{"count":"\u2705 1489  \u0639\u062f\u062f","amount":"7","operator":"virtual23"},"green":{"count":"\u274c","operator":"virtual4","amount":"\u2757\ufe0f"},"grindr":{"count":"\u2705 1489  \u0639\u062f\u062f","amount":"7","operator":""},"haraj":{"count":"\u2705 1489  \u0639\u062f\u062f","amount":"33","operator":""},"hezzl":{"count":"\u2705 1489  \u0639\u062f\u062f","amount":"7","operator":""},"hopi":{"count":"\u2705 1489  \u0639\u062f\u062f","amount":"5","operator":""},"hqtrivia":{"count":"\u2705 1489  \u0639\u062f\u062f","amount":"11","operator":""},"icard":{"count":"\u274c","operator":"","amount":"\u2757\ufe0f"},"icq":{"count":"\u2705 1489  \u0639\u062f\u062f","amount":"7","operator":""},"imo":{"count":"\u2705 1470  \u0639\u062f\u062f","amount":"2","operator":"virtual21|virtual23|||"},"ininal":{"count":"\u2705 1489  \u0639\u062f\u062f","amount":"5","operator":""},"instagram":{"count":"\u2705 2  \u0639\u062f\u062f","amount":"4","operator":"virtual4"},"iost":{"count":"\u274c","operator":"virtual23","amount":"\u2757\ufe0f"},"jd":{"count":"\u2705 772  \u0639\u062f\u062f","amount":"8","operator":""},"justdating":{"count":"\u2705 1489  \u0639\u062f\u062f","amount":"6","operator":"virtual23"},"kakaotalk":{"count":"\u2705 560  \u0639\u062f\u062f","amount":"2","operator":""},"keybase":{"count":"\u274c","amount":"\u2757\ufe0f","operator":"virtual23"},"komandacard":{"count":"\u274c","operator":"virtual18","amount":"\u2757\ufe0f"},"kotak811":{"count":"\u2705 1489  \u0639\u062f\u062f","amount":"8","operator":"virtual4"},"kufarby":{"count":"\u2705 1489  \u0639\u062f\u062f","amount":"7","operator":"virtual4"},"kwai":{"count":"\u274c","operator":"virtual21","amount":"\u2757\ufe0f"},"lazada":{"count":"\u274c","operator":"virtual4","amount":"\u2757\ufe0f"},"lbry":{"count":"\u274c","operator":"","amount":"\u2757\ufe0f"},"lenta":{"count":"\u2705 1489  \u0639\u062f\u062f","amount":"9","operator":""},"lianxin":{"count":"\u274c","operator":"","amount":"\u2757\ufe0f"},"line":{"count":"\u2705 1073  \u0639\u062f\u062f","amount":"1","operator":""},"linkedin":{"count":"\u2705 1488  \u0639\u062f\u062f","amount":"1","operator":"virtual23"},"livescore":{"count":"\u2705 1489  \u0639\u062f\u062f","amount":"9","operator":"virtual4"},"magnit":{"count":"\u2705 1489  \u0639\u062f\u062f","amount":"8","operator":"virtual4"},"magnolia":{"count":"\u2705 1489  \u0639\u062f\u062f","amount":"7","operator":""},"mailru":{"count":"\u2705 824  \u0639\u062f\u062f","amount":"1","operator":""},"mamba":{"count":"\u2705 1459  \u0639\u062f\u062f","amount":"2","operator":""},"mcdonalds":{"count":"\u2705 1489  \u0639\u062f\u062f","amount":"8","operator":""},"meetme":{"count":"\u274c","operator":"","amount":"\u2757\ufe0f"},"mega":{"count":"\u2705 1489  \u0639\u062f\u062f","amount":"9","operator":""},"mercado":{"count":"\u2705 1489  \u0639\u062f\u062f","amount":"7","operator":""},"michat":{"count":"\u2705 1489  \u0639\u062f\u062f","amount":"2","operator":""},"microsoft":{"count":"\u2705 3  \u0639\u062f\u062f","amount":"1","operator":"virtual18"},"miratorg":{"count":"\u2705 1489  \u0639\u062f\u062f","amount":"5","operator":"virtual4"},"mtscashback":{"count":"\u2705 1489  \u0639\u062f\u062f","amount":"18","operator":"virtual23"},"nana":{"count":"\u274c","operator":"virtual4","amount":"\u2757\ufe0f"},"naver":{"count":"\u2705 119  \u0639\u062f\u062f","amount":"2","operator":""},"netflix":{"count":"\u2705 1458  \u0639\u062f\u062f","amount":"2","operator":""},"nhseven":{"count":"\u2705 1489  \u0639\u062f\u062f","amount":"7","operator":"virtual4"},"nifty":{"count":"\u274c","operator":"virtual21","amount":"\u2757\ufe0f"},"nike":{"count":"\u274c","operator":"virtual18","amount":"\u2757\ufe0f"},"nimses":{"count":"\u274c","operator":"virtual23","amount":"\u2757\ufe0f"},"nttgame":{"count":"\u2705 1489  \u0639\u062f\u062f","amount":"11","operator":""},"odnoklassniki":{"count":"\u2705 348  \u0639\u062f\u062f","amount":"3","operator":"virtual23"},"offerup":{"count":"\u2705 1489  \u0639\u062f\u062f","amount":"16","operator":""},"okcupid":{"count":"\u274c","operator":"virtual21","amount":"\u2757\ufe0f"},"okey":{"count":"\u274c","operator":"virtual4","amount":"\u2757\ufe0f"},"olx":{"count":"\u2705 1488  \u0639\u062f\u062f","amount":"4","operator":""},"openpoint":{"count":"\u274c","operator":"virtual4","amount":"\u2757\ufe0f"},"oraclecloud":{"count":"\u274c","operator":"virtual4","amount":"\u2757\ufe0f"},"other":{"count":"\u2705 1489  \u0639\u062f\u062f","amount":"20","operator":""},"ozon":{"count":"\u2705 1488  \u0639\u062f\u062f","amount":"2","operator":""},"pairs":{"count":"\u2705 1489  \u0639\u062f\u062f","amount":"6","operator":""},"papara":{"count":"\u2705 1489  \u0639\u062f\u062f","amount":"60","operator":""},"paycell":{"count":"\u2705 1489  \u0639\u062f\u062f","amount":"16","operator":""},"paymaya":{"count":"\u274c","operator":"virtual4","amount":"\u2757\ufe0f"},"paypal":{"count":"\u2705 1473  \u0639\u062f\u062f","amount":"25","operator":""},"paysend":{"count":"\u2705 1489  \u0639\u062f\u062f","amount":"6","operator":"virtual4"},"peoplecom":{"count":"\u274c","operator":"virtual23","amount":"\u2757\ufe0f"},"perekrestok":{"count":"\u2705 1489  \u0639\u062f\u062f","amount":"2","operator":""},"pof":{"count":"\u2705 1489  \u0639\u062f\u062f","amount":"9","operator":""},"pokec":{"count":"\u274c","operator":"virtual23","amount":"\u2757\ufe0f"},"pokermaster":{"count":"\u274c","operator":"","amount":"\u2757\ufe0f"},"potato":{"count":"\u2705 1489  \u0639\u062f\u062f","amount":"7","operator":""},"proton":{"count":"\u274c","operator":"","amount":"\u2757\ufe0f"},"protp":{"count":"\u2705 1489  \u0639\u062f\u062f","amount":"7","operator":""},"pubg":{"count":"\u274c","operator":"","amount":"\u2757\ufe0f"},"pyaterochka":{"count":"\u2705 1489  \u0639\u062f\u062f","amount":"2","operator":""},"qiwiwallet":{"count":"\u2705 1067  \u0639\u062f\u062f","amount":"12","operator":""},"quioo":{"count":"\u274c","operator":"","amount":"\u2757\ufe0f"},"quipp":{"count":"\u2705 1489  \u0639\u062f\u062f","amount":"5","operator":""},"reuse":{"count":"\u274c","operator":"","amount":"\u2757\ufe0f"},"ripkord":{"count":"\u274c","operator":"","amount":"\u2757\ufe0f"},"samokat":{"count":"\u2705 1489  \u0639\u062f\u062f","amount":"8","operator":""},"seosprint":{"count":"\u2705 1489  \u0639\u062f\u062f","amount":"9","operator":""},"sheerid":{"count":"\u2705 1489  \u0639\u062f\u062f","amount":"9","operator":""},"shopee":{"count":"\u2705 1489  \u0639\u062f\u062f","amount":"15","operator":""},"signal":{"count":"\u274c","operator":"virtual4","amount":"\u2757\ufe0f"},"sikayetvar":{"count":"\u2705 1489  \u0639\u062f\u062f","amount":"5","operator":"virtual18"},"skout":{"count":"\u2705 1470  \u0639\u062f\u062f","amount":"2","operator":""},"snapchat":{"count":"\u2705 1489  \u0639\u062f\u062f","amount":"17","operator":""},"steam":{"count":"\u2705 1364  \u0639\u062f\u062f","amount":"4","operator":""},"swvl":{"count":"\u2705 1489  \u0639\u062f\u062f","amount":"5","operator":"virtual23"},"taksheel":{"count":"\u2705 616  \u0639\u062f\u062f","amount":"39.38","operator":"virtual4"},"tango":{"count":"\u2705 1489  \u0639\u062f\u062f","amount":"7","operator":""},"tantan":{"count":"\u274c","operator":"virtual21","amount":"\u2757\ufe0f"},"taobao":{"count":"\u2705 1000  \u0639\u062f\u062f","amount":"16.6","operator":""},"telegram":{"count":"\u2705 4  \u0639\u062f\u062f","amount":"8","operator":"virtual21|virtual23|virtual4||"},"tencentqq":{"count":"\u2705 1335  \u0639\u062f\u062f","amount":"2","operator":""},"tiktok":{"count":"\u2705 1212  \u0639\u062f\u062f","amount":"2","operator":""},"tinder":{"count":"\u2705 1  \u0639\u062f\u062f","amount":"2","operator":"virtual21"},"tosla":{"count":"\u2705 1489  \u0639\u062f\u062f","amount":"8","operator":"virtual23"},"totalcoin":{"count":"\u274c","operator":"virtual23","amount":"\u2757\ufe0f"},"touchance":{"count":"\u2705 1489  \u0639\u062f\u062f","amount":"8","operator":"virtual23"},"trendyol":{"count":"\u2705 1489  \u0639\u062f\u062f","amount":"8","operator":"virtual4"},"truecaller":{"count":"\u2705 1182  \u0639\u062f\u062f","amount":"2","operator":""},"twitter":{"count":"\u2705 162  \u0639\u062f\u062f","amount":"1","operator":"virtual21|virtual18|virtual23||"},"uber":{"count":"\u2705 859  \u0639\u062f\u062f","amount":"5","operator":""},"uploaded":{"count":"\u274c","operator":"virtual23","amount":"\u2757\ufe0f"},"vernyi":{"count":"\u274c","operator":"virtual4","amount":"\u2757\ufe0f"},"viber":{"count":"\u2705 606  \u0639\u062f\u062f","amount":"4","operator":""},"vkontakte":{"count":"\u2705 1000  \u0639\u062f\u062f","amount":"11","operator":"virtual18"},"voopee":{"count":"\u274c","operator":"virtual18","amount":"\u2757\ufe0f"},"wechat":{"count":"\u2705 4361  \u0639\u062f\u062f","operator":"mts","amount":"52.5"},"weibo":{"count":"\u2705 1489  \u0639\u062f\u062f","amount":"13","operator":""},"weku":{"count":"\u274c","operator":"virtual23","amount":"\u2757\ufe0f"},"whatsapp":{"count":"\u2705 1000  \u0639\u062f\u062f","amount":"13.41","operator":"virtual21|virtual18|virtual23||"},"winston":{"count":"\u274c","operator":"virtual4","amount":"\u2757\ufe0f"},"wish":{"count":"\u2705 1489  \u0639\u062f\u062f","amount":"9","operator":"virtual4"},"yahoo":{"count":"\u2705 706  \u0639\u062f\u062f","amount":"1","operator":"virtual18"},"yalla":{"count":"\u2705 1489  \u0639\u062f\u062f","amount":"15","operator":""},"yandex":{"count":"\u2705 1446  \u0639\u062f\u062f","amount":"1","operator":""},"yemeksepeti":{"count":"\u2705 1489  \u0639\u062f\u062f","amount":"8","operator":"virtual23"},"youdo":{"count":"\u274c","operator":"virtual4","amount":"\u2757\ufe0f"},"youla":{"count":"\u2705 1454  \u0639\u062f\u062f","amount":"1","operator":""},"zalo":{"count":"\u2705 1489  \u0639\u062f\u062f","amount":"5","operator":""},"zoho":{"count":"\u2705 1489  \u0639\u062f\u062f","amount":"13","operator":""},"digikala":{"count":"\u2705 1489  \u0639\u062f\u062f","amount":"7","operator":""},"divar":{"count":"\u2705 1489  \u0639\u062f\u062f","amount":"8","operator":""},"hamrahaval":{"count":"\u2705 1489  \u0639\u062f\u062f","amount":"8","operator":""},"irancell":{"count":"\u2705 1489  \u0639\u062f\u062f","amount":"7","operator":""},"zomato":{"count":"\u2705 1000  \u0639\u062f\u062f","amount":"12.5","operator":""},"":{"operator":"||||"}}