{"1688":{"count":"\u2705 1000  \u0639\u062f\u062f","amount":"13.63","operator":""},"1xbet":{"count":"\u2705 785  \u0639\u062f\u062f","amount":"18","operator":""},"23red":{"count":"\u274c","operator":"virtual18","amount":"\u2757\ufe0f"},"ace2three":{"count":"\u274c","operator":"","amount":"\u2757\ufe0f"},"adidas":{"count":"\u2705 721  \u0639\u062f\u062f","amount":"6","operator":""},"airbnb":{"count":"\u2705 785  \u0639\u062f\u062f","amount":"10","operator":""},"airtel":{"count":"\u2705 785  \u0639\u062f\u062f","amount":"5","operator":"virtual4"},"akelni":{"count":"\u274c","operator":"virtual23","amount":"\u2757\ufe0f"},"alibaba":{"count":"\u2705 1000  \u0639\u062f\u062f","amount":"17.63","operator":""},"aliexpress":{"count":"\u2705 785  \u0639\u062f\u062f","operator":"","amount":"1.9"},"alipay":{"count":"\u2705 737  \u0639\u062f\u062f","amount":"8","operator":"virtual23"},"amasia":{"count":"\u2705 785  \u0639\u062f\u062f","amount":"5","operator":"virtual23"},"amazon":{"count":"\u2705 1000  \u0639\u062f\u062f","amount":"14.53","operator":""},"aol":{"count":"\u2705 785  \u0639\u062f\u062f","amount":"12","operator":""},"avito":{"count":"\u2705 785  \u0639\u062f\u062f","amount":"7","operator":"virtual23"},"azino":{"count":"\u274c","operator":"virtual4","amount":"\u2757\ufe0f"},"b4ucabs":{"count":"\u274c","operator":"virtual21","amount":"\u2757\ufe0f"},"bigcash":{"count":"\u274c","operator":"virtual4","amount":"\u2757\ufe0f"},"bigolive":{"count":"\u2705 785  \u0639\u062f\u062f","amount":"5","operator":""},"bitclout":{"count":"\u274c","operator":"","amount":"\u2757\ufe0f"},"bittube":{"count":"\u274c","operator":"","amount":"\u2757\ufe0f"},"blablacar":{"count":"\u2705 784  \u0639\u062f\u062f","amount":"6","operator":""},"blizzard":{"count":"\u2705 781  \u0639\u062f\u062f","amount":"12","operator":""},"blockchain":{"count":"\u274c","operator":"virtual23","amount":"\u2757\ufe0f"},"burgerking":{"count":"\u2705 785  \u0639\u062f\u062f","amount":"7","operator":""},"careem":{"count":"\u2705 785  \u0639\u062f\u062f","amount":"11","operator":""},"cdkeys":{"count":"\u2705 785  \u0639\u062f\u062f","amount":"8","operator":""},"cekkazan":{"count":"\u274c","operator":"","amount":"\u2757\ufe0f"},"citymobil":{"count":"\u2705 785  \u0639\u062f\u062f","amount":"8","operator":""},"clickentregas":{"count":"\u274c","operator":"","amount":"\u2757\ufe0f"},"coinbase":{"count":"\u2705 785  \u0639\u062f\u062f","amount":"22","operator":""},"craigslist":{"count":"\u2705 785  \u0639\u062f\u062f","amount":"18","operator":""},"deliveroo":{"count":"\u2705 741  \u0639\u062f\u062f","amount":"7","operator":"virtual23"},"delivery":{"count":"\u2705 785  \u0639\u062f\u062f","amount":"5","operator":"virtual4"},"dent":{"count":"\u2705 785  \u0639\u062f\u062f","amount":"6","operator":""},"didi":{"count":"\u2705 781  \u0639\u062f\u062f","amount":"9","operator":""},"discord":{"count":"\u2705 762  \u0639\u062f\u062f","amount":"6","operator":"virtual21||||"},"dixy":{"count":"\u274c","operator":"virtual23","amount":"\u2757\ufe0f"},"dodopizza":{"count":"\u2705 785  \u0639\u062f\u062f","amount":"6","operator":""},"domdara":{"count":"\u274c","operator":"","amount":"\u2757\ufe0f"},"dostavista":{"count":"\u2705 785  \u0639\u062f\u062f","amount":"5","operator":""},"douyu":{"count":"\u2705 1000  \u0639\u062f\u062f","amount":"28.3","operator":""},"drom":{"count":"\u2705 785  \u0639\u062f\u062f","amount":"6","operator":"virtual23"},"drugvokrug":{"count":"\u2705 785  \u0639\u062f\u062f","amount":"5","operator":""},"dukascopy":{"count":"\u274c","operator":"","amount":"\u2757\ufe0f"},"ebay":{"count":"\u2705 636  \u0639\u062f\u062f","amount":"12","operator":""},"edgeless":{"count":"\u274c","operator":"virtual4","amount":"\u2757\ufe0f"},"electroneum":{"count":"\u274c","operator":"virtual4","amount":"\u2757\ufe0f"},"ezway":{"count":"\u274c","operator":"","amount":"\u2757\ufe0f"},"facebook":{"count":"\u2705 54  \u0639\u062f\u062f","amount":"6","operator":"virtual21|virtual23|virtual4||"},"fiverr":{"count":"\u274c","operator":"virtual18","amount":"\u2757\ufe0f"},"flipkart":{"count":"\u274c","operator":"virtual4","amount":"\u2757\ufe0f"},"foodpanda":{"count":"\u2705 1000  \u0639\u062f\u062f","amount":"12.5","operator":""},"foody":{"count":"\u2705 785  \u0639\u062f\u062f","amount":"7","operator":"virtual23"},"forwarding":{"count":"\u274c","operator":"virtual23","amount":"\u2757\ufe0f"},"galaxy":{"count":"\u274c","operator":"","amount":"\u2757\ufe0f"},"gameflip":{"count":"\u274c","operator":"","amount":"\u2757\ufe0f"},"gcash":{"count":"\u274c","operator":"","amount":"\u2757\ufe0f"},"get":{"count":"\u274c","operator":"","amount":"\u2757\ufe0f"},"getir":{"count":"\u2705 785  \u0639\u062f\u062f","amount":"7","operator":""},"gett":{"count":"\u2705 785  \u0639\u062f\u062f","amount":"7","operator":""},"globus":{"count":"\u2705 785  \u0639\u062f\u062f","amount":"8","operator":""},"glovo":{"count":"\u274c","operator":"","amount":"\u2757\ufe0f"},"google":{"count":"\u2705 1000  \u0639\u062f\u062f","amount":"14.34","operator":""},"grabtaxi":{"count":"\u2705 756  \u0639\u062f\u062f","amount":"9","operator":"virtual23"},"green":{"count":"\u274c","operator":"virtual4","amount":"\u2757\ufe0f"},"grindr":{"count":"\u2705 785  \u0639\u062f\u062f","amount":"5","operator":""},"haraj":{"count":"\u2705 785  \u0639\u062f\u062f","amount":"33","operator":""},"hezzl":{"count":"\u2705 785  \u0639\u062f\u062f","amount":"5","operator":""},"hopi":{"count":"\u2705 785  \u0639\u062f\u062f","amount":"6","operator":""},"hqtrivia":{"count":"\u2705 785  \u0639\u062f\u062f","amount":"11","operator":""},"icard":{"count":"\u274c","operator":"","amount":"\u2757\ufe0f"},"icq":{"count":"\u2705 785  \u0639\u062f\u062f","amount":"8","operator":""},"imo":{"count":"\u2705 1000  \u0639\u062f\u062f","amount":"7.5","operator":""},"ininal":{"count":"\u2705 785  \u0639\u062f\u062f","amount":"8","operator":""},"instagram":{"count":"\u2705 6122  \u0639\u062f\u062f","amount":"11.88","operator":""},"iost":{"count":"\u274c","operator":"virtual23","amount":"\u2757\ufe0f"},"jd":{"count":"\u2705 14  \u0639\u062f\u062f","amount":"7","operator":""},"justdating":{"count":"\u2705 785  \u0639\u062f\u062f","amount":"6","operator":"virtual23"},"kakaotalk":{"count":"\u2705 1000  \u0639\u062f\u062f","amount":"17.5","operator":""},"keybase":{"count":"\u2705 785  \u0639\u062f\u062f","amount":"13","operator":""},"komandacard":{"count":"\u274c","operator":"virtual18","amount":"\u2757\ufe0f"},"kotak811":{"count":"\u2705 785  \u0639\u062f\u062f","amount":"7","operator":"virtual23"},"kufarby":{"count":"\u2705 785  \u0639\u062f\u062f","amount":"5","operator":"virtual23"},"kwai":{"count":"\u274c","operator":"virtual4","amount":"\u2757\ufe0f"},"lazada":{"count":"\u274c","operator":"virtual4","amount":"\u2757\ufe0f"},"lbry":{"count":"\u274c","operator":"","amount":"\u2757\ufe0f"},"lenta":{"count":"\u2705 785  \u0639\u062f\u062f","amount":"7","operator":""},"lianxin":{"count":"\u274c","operator":"","amount":"\u2757\ufe0f"},"line":{"count":"\u2705 218  \u0639\u062f\u062f","amount":"9","operator":""},"linkedin":{"count":"\u274c","operator":"virtual23","amount":"\u2757\ufe0f"},"livescore":{"count":"\u2705 785  \u0639\u062f\u062f","amount":"7","operator":"virtual4"},"magnit":{"count":"\u2705 785  \u0639\u062f\u062f","amount":"5","operator":"virtual4"},"magnolia":{"count":"\u2705 785  \u0639\u062f\u062f","amount":"5","operator":""},"mailru":{"count":"\u2705 785  \u0639\u062f\u062f","amount":"7","operator":""},"mamba":{"count":"\u2705 785  \u0639\u062f\u062f","amount":"5","operator":""},"mcdonalds":{"count":"\u2705 785  \u0639\u062f\u062f","amount":"9","operator":""},"meetme":{"count":"\u274c","operator":"","amount":"\u2757\ufe0f"},"mega":{"count":"\u2705 785  \u0639\u062f\u062f","amount":"8","operator":""},"mercado":{"count":"\u2705 785  \u0639\u062f\u062f","amount":"6","operator":""},"michat":{"count":"\u2705 468  \u0639\u062f\u062f","amount":"13","operator":""},"microsoft":{"count":"\u2705 1000  \u0639\u062f\u062f","amount":"8.38","operator":""},"miratorg":{"count":"\u2705 785  \u0639\u062f\u062f","amount":"5","operator":"virtual23"},"mtscashback":{"count":"\u2705 785  \u0639\u062f\u062f","amount":"18","operator":"virtual23"},"nana":{"count":"\u274c","operator":"virtual4","amount":"\u2757\ufe0f"},"naver":{"count":"\u2705 1000  \u0639\u062f\u062f","amount":"13.31","operator":""},"netflix":{"count":"\u274c","operator":"virtual18","amount":"\u2757\ufe0f"},"nhseven":{"count":"\u2705 785  \u0639\u062f\u062f","amount":"6","operator":"virtual23"},"nifty":{"count":"\u274c","operator":"virtual4","amount":"\u2757\ufe0f"},"nike":{"count":"\u2705 1000  \u0639\u062f\u062f","amount":"10","operator":""},"nimses":{"count":"\u274c","operator":"virtual23","amount":"\u2757\ufe0f"},"nttgame":{"count":"\u2705 785  \u0639\u062f\u062f","amount":"12","operator":""},"odnoklassniki":{"count":"\u2705 234  \u0639\u062f\u062f","amount":"3","operator":"virtual4"},"offerup":{"count":"\u2705 785  \u0639\u062f\u062f","amount":"16","operator":""},"okcupid":{"count":"\u274c","operator":"virtual23","amount":"\u2757\ufe0f"},"okey":{"count":"\u274c","operator":"virtual4","amount":"\u2757\ufe0f"},"olx":{"count":"\u2705 785  \u0639\u062f\u062f","amount":"10","operator":""},"openpoint":{"count":"\u274c","operator":"virtual4","amount":"\u2757\ufe0f"},"oraclecloud":{"count":"\u274c","operator":"virtual4","amount":"\u2757\ufe0f"},"other":{"count":"\u274c","operator":"virtual4","amount":"\u2757\ufe0f"},"ozon":{"count":"\u2705 785  \u0639\u062f\u062f","amount":"8","operator":""},"pairs":{"count":"\u2705 785  \u0639\u062f\u062f","amount":"9","operator":""},"papara":{"count":"\u2705 785  \u0639\u062f\u062f","amount":"24","operator":""},"paycell":{"count":"\u2705 785  \u0639\u062f\u062f","amount":"16","operator":""},"paymaya":{"count":"\u274c","operator":"virtual4","amount":"\u2757\ufe0f"},"paypal":{"count":"\u2705 757  \u0639\u062f\u062f","amount":"25","operator":"virtual21|virtual23|virtual4|virtual18|"},"paysend":{"count":"\u2705 785  \u0639\u062f\u062f","amount":"7","operator":"virtual4"},"peoplecom":{"count":"\u274c","operator":"virtual18","amount":"\u2757\ufe0f"},"perekrestok":{"count":"\u2705 785  \u0639\u062f\u062f","amount":"5","operator":""},"pof":{"count":"\u2705 785  \u0639\u062f\u062f","amount":"8","operator":""},"pokec":{"count":"\u274c","operator":"virtual23","amount":"\u2757\ufe0f"},"pokermaster":{"count":"\u274c","operator":"","amount":"\u2757\ufe0f"},"potato":{"count":"\u2705 785  \u0639\u062f\u062f","amount":"8","operator":""},"proton":{"count":"\u274c","operator":"","amount":"\u2757\ufe0f"},"protp":{"count":"\u2705 785  \u0639\u062f\u062f","amount":"7","operator":""},"pubg":{"count":"\u274c","operator":"","amount":"\u2757\ufe0f"},"pyaterochka":{"count":"\u2705 785  \u0639\u062f\u062f","amount":"9","operator":""},"qiwiwallet":{"count":"\u2705 785  \u0639\u062f\u062f","amount":"7","operator":""},"quioo":{"count":"\u274c","operator":"","amount":"\u2757\ufe0f"},"quipp":{"count":"\u2705 785  \u0639\u062f\u062f","amount":"9","operator":""},"reuse":{"count":"\u274c","operator":"","amount":"\u2757\ufe0f"},"ripkord":{"count":"\u274c","operator":"","amount":"\u2757\ufe0f"},"samokat":{"count":"\u2705 785  \u0639\u062f\u062f","amount":"7","operator":""},"seosprint":{"count":"\u2705 785  \u0639\u062f\u062f","amount":"5","operator":""},"sheerid":{"count":"\u2705 785  \u0639\u062f\u062f","amount":"8","operator":""},"shopee":{"count":"\u2705 1000  \u0639\u062f\u062f","amount":"25","operator":"virtual4"},"signal":{"count":"\u274c","operator":"virtual21","amount":"\u2757\ufe0f"},"sikayetvar":{"count":"\u2705 785  \u0639\u062f\u062f","amount":"8","operator":"virtual18"},"skout":{"count":"\u2705 749  \u0639\u062f\u062f","amount":"7","operator":""},"snapchat":{"count":"\u2705 783  \u0639\u062f\u062f","amount":"17","operator":""},"steam":{"count":"\u2705 785  \u0639\u062f\u062f","amount":"12","operator":""},"swvl":{"count":"\u2705 785  \u0639\u062f\u062f","amount":"8","operator":""},"taksheel":{"count":"\u2705 19602  \u0639\u062f\u062f","amount":"39.38","operator":"virtual4"},"tango":{"count":"\u2705 785  \u0639\u062f\u062f","amount":"5","operator":""},"tantan":{"count":"\u274c","operator":"virtual21","amount":"\u2757\ufe0f"},"taobao":{"count":"\u2705 1000  \u0639\u062f\u062f","amount":"15","operator":""},"telegram":{"count":"\u2705 1000  \u0639\u062f\u062f","amount":"9.38","operator":"virtual23|virtual4|virtual18||"},"tencentqq":{"count":"\u2705 775  \u0639\u062f\u062f","amount":"8","operator":"virtual2"},"tiktok":{"count":"\u2705 1000  \u0639\u062f\u062f","amount":"13","operator":""},"tinder":{"count":"\u2705 1000  \u0639\u062f\u062f","amount":"11.54","operator":""},"tosla":{"count":"\u2705 785  \u0639\u062f\u062f","amount":"7","operator":"virtual23"},"totalcoin":{"count":"\u274c","operator":"virtual23","amount":"\u2757\ufe0f"},"touchance":{"count":"\u2705 785  \u0639\u062f\u062f","amount":"7","operator":"virtual4"},"trendyol":{"count":"\u2705 785  \u0639\u062f\u062f","amount":"5","operator":"virtual23"},"truecaller":{"count":"\u2705 785  \u0639\u062f\u062f","amount":"15","operator":""},"twitter":{"count":"\u2705 586  \u0639\u062f\u062f","amount":"4","operator":""},"uber":{"count":"\u2705 8988  \u0639\u062f\u062f","amount":"13.13","operator":"virtual18"},"uploaded":{"count":"\u274c","operator":"virtual23","amount":"\u2757\ufe0f"},"vernyi":{"count":"\u274c","operator":"virtual4","amount":"\u2757\ufe0f"},"viber":{"count":"\u2705 1000  \u0639\u062f\u062f","amount":"9.38","operator":""},"vkontakte":{"count":"\u2705 303  \u0639\u062f\u062f","amount":"10","operator":""},"voopee":{"count":"\u274c","operator":"virtual18","amount":"\u2757\ufe0f"},"wechat":{"count":"\u274c","operator":"virtual23","amount":"\u2757\ufe0f"},"weibo":{"count":"\u2705 783  \u0639\u062f\u062f","amount":"13","operator":""},"weku":{"count":"\u274c","operator":"virtual23","amount":"\u2757\ufe0f"},"whatsapp":{"count":"\u2705 1000  \u0639\u062f\u062f","amount":"12.5","operator":"virtual23|virtual4|virtual21||"},"winston":{"count":"\u274c","operator":"virtual4","amount":"\u2757\ufe0f"},"wish":{"count":"\u2705 785  \u0639\u062f\u062f","amount":"9","operator":"virtual4"},"yahoo":{"count":"\u2705 626  \u0639\u062f\u062f","amount":"8","operator":""},"yalla":{"count":"\u2705 716  \u0639\u062f\u062f","operator":"virtual23","amount":"18"},"yandex":{"count":"\u2705 785  \u0639\u062f\u062f","amount":"11","operator":""},"yemeksepeti":{"count":"\u2705 785  \u0639\u062f\u062f","amount":"7","operator":"virtual23"},"youdo":{"count":"\u274c","operator":"virtual4","amount":"\u2757\ufe0f"},"youla":{"count":"\u2705 785  \u0639\u062f\u062f","amount":"8","operator":""},"zalo":{"count":"\u2705 728  \u0639\u062f\u062f","amount":"9","operator":""},"zoho":{"count":"\u2705 785  \u0639\u062f\u062f","amount":"13","operator":""},"digikala":{"count":"\u2705 785  \u0639\u062f\u062f","amount":"5","operator":""},"divar":{"count":"\u2705 785  \u0639\u062f\u062f","amount":"9","operator":""},"hamrahaval":{"count":"\u2705 785  \u0639\u062f\u062f","amount":"5","operator":""},"irancell":{"count":"\u2705 785  \u0639\u062f\u062f","amount":"7","operator":""},"zomato":{"count":"\u2705 1000  \u0639\u062f\u062f","amount":"12.5","operator":""},"":{"operator":"||||"}}