{"1688":{"count":"\u274c","operator":"virtual18","amount":"\u2757\ufe0f"},"1xbet":{"count":"\u2705 867  \u0639\u062f\u062f","amount":"8","operator":"virtual18"},"23red":{"count":"\u274c","operator":"virtual18","amount":"\u2757\ufe0f"},"ace2three":{"count":"\u274c","operator":"","amount":"\u2757\ufe0f"},"adidas":{"count":"\u2705 867  \u0639\u062f\u062f","amount":"5","operator":""},"airbnb":{"count":"\u2705 867  \u0639\u062f\u062f","amount":"2","operator":""},"airtel":{"count":"\u2705 867  \u0639\u062f\u062f","amount":"9","operator":"virtual23"},"akelni":{"count":"\u274c","operator":"virtual18","amount":"\u2757\ufe0f"},"alibaba":{"count":"\u274c","operator":"virtual18","amount":"\u2757\ufe0f"},"aliexpress":{"count":"\u2705 359  \u0639\u062f\u062f","amount":"1.9","operator":""},"alipay":{"count":"\u2705 864  \u0639\u062f\u062f","amount":"24","operator":"virtual23"},"amasia":{"count":"\u2705 867  \u0639\u062f\u062f","amount":"8","operator":"lycamobile"},"amazon":{"count":"\u2705 866  \u0639\u062f\u062f","operator":"virtual23","amount":"19"},"aol":{"count":"\u2705 668  \u0639\u062f\u062f","amount":"2","operator":""},"avito":{"count":"\u2705 867  \u0639\u062f\u062f","amount":"5","operator":"virtual23"},"azino":{"count":"\u274c","operator":"virtual4","amount":"\u2757\ufe0f"},"b4ucabs":{"count":"\u274c","operator":"virtual23","amount":"\u2757\ufe0f"},"bigcash":{"count":"\u274c","operator":"virtual4","amount":"\u2757\ufe0f"},"bigolive":{"count":"\u2705 867  \u0639\u062f\u062f","amount":"9","operator":""},"bitclout":{"count":"\u274c","operator":"","amount":"\u2757\ufe0f"},"bittube":{"count":"\u274c","operator":"","amount":"\u2757\ufe0f"},"blablacar":{"count":"\u2705 867  \u0639\u062f\u062f","amount":"7","operator":""},"blizzard":{"count":"\u274c","operator":"virtual18","amount":"\u2757\ufe0f"},"blockchain":{"count":"\u274c","operator":"virtual23","amount":"\u2757\ufe0f"},"burgerking":{"count":"\u2705 867  \u0639\u062f\u062f","amount":"9","operator":""},"careem":{"count":"\u2705 867  \u0639\u062f\u062f","amount":"24","operator":""},"cdkeys":{"count":"\u2705 867  \u0639\u062f\u062f","amount":"5","operator":""},"cekkazan":{"count":"\u274c","operator":"","amount":"\u2757\ufe0f"},"citymobil":{"count":"\u2705 867  \u0639\u062f\u062f","amount":"5","operator":""},"clickentregas":{"count":"\u274c","operator":"","amount":"\u2757\ufe0f"},"coinbase":{"count":"\u2705 867  \u0639\u062f\u062f","amount":"22","operator":""},"craigslist":{"count":"\u274c","operator":"virtual18","amount":"\u2757\ufe0f"},"deliveroo":{"count":"\u2705 867  \u0639\u062f\u062f","amount":"8","operator":"virtual23"},"delivery":{"count":"\u2705 867  \u0639\u062f\u062f","amount":"5","operator":"virtual4"},"dent":{"count":"\u2705 867  \u0639\u062f\u062f","amount":"2","operator":""},"didi":{"count":"\u2705 867  \u0639\u062f\u062f","amount":"5","operator":""},"discord":{"count":"\u2705 207  \u0639\u062f\u062f","amount":"1","operator":""},"dixy":{"count":"\u274c","operator":"virtual4","amount":"\u2757\ufe0f"},"dodopizza":{"count":"\u2705 867  \u0639\u062f\u062f","amount":"6","operator":""},"domdara":{"count":"\u274c","operator":"","amount":"\u2757\ufe0f"},"dostavista":{"count":"\u2705 867  \u0639\u062f\u062f","amount":"7","operator":""},"douyu":{"count":"\u2705 1000  \u0639\u062f\u062f","amount":"3","operator":""},"drom":{"count":"\u2705 867  \u0639\u062f\u062f","amount":"9","operator":"virtual23"},"drugvokrug":{"count":"\u2705 867  \u0639\u062f\u062f","amount":"5","operator":""},"dukascopy":{"count":"\u274c","operator":"","amount":"\u2757\ufe0f"},"ebay":{"count":"\u2705 1000  \u0639\u062f\u062f","amount":"14.84","operator":""},"edgeless":{"count":"\u274c","operator":"virtual21","amount":"\u2757\ufe0f"},"electroneum":{"count":"\u274c","operator":"virtual4","amount":"\u2757\ufe0f"},"ezway":{"count":"\u274c","operator":"","amount":"\u2757\ufe0f"},"facebook":{"count":"\u2705 8  \u0639\u062f\u062f","amount":"5","operator":""},"fiverr":{"count":"\u274c","operator":"virtual23","amount":"\u2757\ufe0f"},"flipkart":{"count":"\u274c","operator":"virtual4","amount":"\u2757\ufe0f"},"foodpanda":{"count":"\u274c","operator":"virtual18","amount":"\u2757\ufe0f"},"foody":{"count":"\u2705 867  \u0639\u062f\u062f","amount":"6","operator":"virtual23"},"forwarding":{"count":"\u274c","operator":"virtual23","amount":"\u2757\ufe0f"},"galaxy":{"count":"\u274c","operator":"","amount":"\u2757\ufe0f"},"gameflip":{"count":"\u274c","operator":"","amount":"\u2757\ufe0f"},"gcash":{"count":"\u274c","operator":"","amount":"\u2757\ufe0f"},"get":{"count":"\u274c","operator":"","amount":"\u2757\ufe0f"},"getir":{"count":"\u2705 867  \u0639\u062f\u062f","amount":"5","operator":""},"gett":{"count":"\u2705 867  \u0639\u062f\u062f","amount":"5","operator":""},"globus":{"count":"\u2705 867  \u0639\u062f\u062f","amount":"5","operator":""},"glovo":{"count":"\u274c","operator":"","amount":"\u2757\ufe0f"},"google":{"count":"\u2705 111  \u0639\u062f\u062f","amount":"6","operator":""},"grabtaxi":{"count":"\u2705 867  \u0639\u062f\u062f","amount":"7","operator":"virtual23"},"green":{"count":"\u274c","operator":"virtual4","amount":"\u2757\ufe0f"},"grindr":{"count":"\u2705 867  \u0639\u062f\u062f","amount":"1","operator":""},"haraj":{"count":"\u2705 867  \u0639\u062f\u062f","amount":"36","operator":""},"hezzl":{"count":"\u2705 867  \u0639\u062f\u062f","amount":"7","operator":""},"hopi":{"count":"\u2705 867  \u0639\u062f\u062f","amount":"8","operator":""},"hqtrivia":{"count":"\u2705 844  \u0639\u062f\u062f","amount":"1","operator":""},"icard":{"count":"\u274c","operator":"","amount":"\u2757\ufe0f"},"icq":{"count":"\u2705 867  \u0639\u062f\u062f","amount":"5","operator":""},"imo":{"count":"\u2705 867  \u0639\u062f\u062f","amount":"1","operator":""},"ininal":{"count":"\u2705 867  \u0639\u062f\u062f","amount":"8","operator":""},"instagram":{"count":"\u2705 590  \u0639\u062f\u062f","amount":"5","operator":""},"iost":{"count":"\u274c","operator":"virtual4","amount":"\u2757\ufe0f"},"jd":{"count":"\u2705 95  \u0639\u062f\u062f","amount":"8","operator":"virtual23"},"justdating":{"count":"\u2705 867  \u0639\u062f\u062f","amount":"5","operator":"virtual23"},"kakaotalk":{"count":"\u2705 1000  \u0639\u062f\u062f","operator":"","amount":"18.75"},"keybase":{"count":"\u2705 867  \u0639\u062f\u062f","amount":"24","operator":"virtual23"},"komandacard":{"count":"\u274c","operator":"virtual18","amount":"\u2757\ufe0f"},"kotak811":{"count":"\u2705 867  \u0639\u062f\u062f","amount":"5","operator":"virtual23"},"kufarby":{"count":"\u2705 867  \u0639\u062f\u062f","amount":"5","operator":"virtual4"},"kwai":{"count":"\u2705 1000  \u0639\u062f\u062f","amount":"4","operator":""},"lazada":{"count":"\u274c","operator":"virtual4","amount":"\u2757\ufe0f"},"lbry":{"count":"\u274c","operator":"","amount":"\u2757\ufe0f"},"lenta":{"count":"\u2705 867  \u0639\u062f\u062f","amount":"6","operator":""},"lianxin":{"count":"\u274c","operator":"","amount":"\u2757\ufe0f"},"line":{"count":"\u2705 867  \u0639\u062f\u062f","amount":"1","operator":""},"linkedin":{"count":"\u274c","operator":"virtual23","amount":"\u2757\ufe0f"},"livescore":{"count":"\u2705 867  \u0639\u062f\u062f","amount":"6","operator":"virtual4"},"magnit":{"count":"\u2705 867  \u0639\u062f\u062f","amount":"5","operator":"virtual4"},"magnolia":{"count":"\u2705 867  \u0639\u062f\u062f","amount":"6","operator":""},"mailru":{"count":"\u2705 865  \u0639\u062f\u062f","amount":"1","operator":""},"mamba":{"count":"\u2705 857  \u0639\u062f\u062f","amount":"5","operator":""},"mcdonalds":{"count":"\u2705 867  \u0639\u062f\u062f","amount":"8","operator":""},"meetme":{"count":"\u274c","operator":"","amount":"\u2757\ufe0f"},"mega":{"count":"\u2705 867  \u0639\u062f\u062f","amount":"5","operator":""},"mercado":{"count":"\u2705 867  \u0639\u062f\u062f","amount":"5","operator":""},"michat":{"count":"\u2705 867  \u0639\u062f\u062f","amount":"17","operator":""},"microsoft":{"count":"\u2705 1000  \u0639\u062f\u062f","amount":"2","operator":"virtual7|virtual21|||"},"miratorg":{"count":"\u2705 867  \u0639\u062f\u062f","amount":"6","operator":"virtual4"},"mtscashback":{"count":"\u2705 867  \u0639\u062f\u062f","amount":"18","operator":"virtual23"},"nana":{"count":"\u274c","operator":"virtual4","amount":"\u2757\ufe0f"},"naver":{"count":"\u274c","operator":"virtual18","amount":"\u2757\ufe0f"},"netflix":{"count":"\u2705 867  \u0639\u062f\u062f","amount":"24","operator":""},"nhseven":{"count":"\u2705 867  \u0639\u062f\u062f","amount":"5","operator":"virtual23"},"nifty":{"count":"\u274c","operator":"virtual4","amount":"\u2757\ufe0f"},"nike":{"count":"\u2705 867  \u0639\u062f\u062f","amount":"10","operator":""},"nimses":{"count":"\u274c","operator":"virtual23","amount":"\u2757\ufe0f"},"nttgame":{"count":"\u274c","operator":"virtual18","amount":"\u2757\ufe0f"},"odnoklassniki":{"count":"\u2705 788  \u0639\u062f\u062f","amount":"3","operator":""},"offerup":{"count":"\u2705 310  \u0639\u062f\u062f","amount":"19.75","operator":"virtual23"},"okcupid":{"count":"\u274c","operator":"virtual23","amount":"\u2757\ufe0f"},"okey":{"count":"\u274c","operator":"virtual4","amount":"\u2757\ufe0f"},"olx":{"count":"\u2705 867  \u0639\u062f\u062f","amount":"14","operator":""},"openpoint":{"count":"\u274c","operator":"virtual4","amount":"\u2757\ufe0f"},"oraclecloud":{"count":"\u274c","operator":"virtual23","amount":"\u2757\ufe0f"},"other":{"count":"\u2705 867  \u0639\u062f\u062f","amount":"10","operator":""},"ozon":{"count":"\u2705 867  \u0639\u062f\u062f","amount":"5","operator":""},"pairs":{"count":"\u2705 867  \u0639\u062f\u062f","amount":"8","operator":""},"papara":{"count":"\u2705 2496  \u0639\u062f\u062f","amount":"26.25","operator":""},"paycell":{"count":"\u2705 867  \u0639\u062f\u062f","amount":"18","operator":""},"paymaya":{"count":"\u274c","operator":"virtual4","amount":"\u2757\ufe0f"},"paypal":{"count":"\u2705 2652  \u0639\u062f\u062f","amount":"32.88","operator":""},"paysend":{"count":"\u2705 867  \u0639\u062f\u062f","amount":"7","operator":"virtual4"},"peoplecom":{"count":"\u274c","operator":"virtual18","amount":"\u2757\ufe0f"},"perekrestok":{"count":"\u2705 867  \u0639\u062f\u062f","amount":"5","operator":""},"pof":{"count":"\u2705 2762  \u0639\u062f\u062f","amount":"15.75","operator":"virtual18"},"pokec":{"count":"\u274c","operator":"virtual23","amount":"\u2757\ufe0f"},"pokermaster":{"count":"\u274c","operator":"","amount":"\u2757\ufe0f"},"potato":{"count":"\u2705 867  \u0639\u062f\u062f","amount":"9","operator":""},"proton":{"count":"\u274c","operator":"","amount":"\u2757\ufe0f"},"protp":{"count":"\u2705 867  \u0639\u062f\u062f","amount":"6","operator":""},"pubg":{"count":"\u274c","operator":"","amount":"\u2757\ufe0f"},"pyaterochka":{"count":"\u2705 867  \u0639\u062f\u062f","amount":"8","operator":""},"qiwiwallet":{"count":"\u2705 867  \u0639\u062f\u062f","amount":"5","operator":""},"quioo":{"count":"\u274c","operator":"","amount":"\u2757\ufe0f"},"quipp":{"count":"\u2705 867  \u0639\u062f\u062f","amount":"8","operator":""},"reuse":{"count":"\u274c","operator":"","amount":"\u2757\ufe0f"},"ripkord":{"count":"\u274c","operator":"","amount":"\u2757\ufe0f"},"samokat":{"count":"\u2705 867  \u0639\u062f\u062f","amount":"8","operator":""},"seosprint":{"count":"\u2705 867  \u0639\u062f\u062f","amount":"5","operator":""},"sheerid":{"count":"\u2705 867  \u0639\u062f\u062f","amount":"6","operator":""},"shopee":{"count":"\u2705 867  \u0639\u062f\u062f","amount":"6","operator":""},"signal":{"count":"\u274c","operator":"virtual21","amount":"\u2757\ufe0f"},"sikayetvar":{"count":"\u2705 867  \u0639\u062f\u062f","amount":"5","operator":"virtual23"},"skout":{"count":"\u2705 1000  \u0639\u062f\u062f","amount":"2","operator":""},"snapchat":{"count":"\u2705 867  \u0639\u062f\u062f","amount":"19","operator":""},"steam":{"count":"\u2705 861  \u0639\u062f\u062f","amount":"3","operator":""},"swvl":{"count":"\u2705 867  \u0639\u062f\u062f","amount":"7","operator":""},"taksheel":{"count":"\u274c","operator":"virtual4","amount":"39.38"},"tango":{"count":"\u2705 867  \u0639\u062f\u062f","amount":"9","operator":""},"tantan":{"count":"\u274c","operator":"virtual21","amount":"\u2757\ufe0f"},"taobao":{"count":"\u274c","operator":"virtual23","amount":"\u2757\ufe0f"},"telegram":{"count":"\u2705 10  \u0639\u062f\u062f","amount":"4","operator":"||||"},"tencentqq":{"count":"\u2705 830  \u0639\u062f\u062f","amount":"2","operator":""},"tiktok":{"count":"\u2705 789  \u0639\u062f\u062f","amount":"2","operator":""},"tinder":{"count":"\u2705 93  \u0639\u062f\u062f","amount":"5","operator":""},"tosla":{"count":"\u2705 867  \u0639\u062f\u062f","amount":"5","operator":"virtual23"},"totalcoin":{"count":"\u274c","operator":"virtual23","amount":"\u2757\ufe0f"},"touchance":{"count":"\u2705 867  \u0639\u062f\u062f","amount":"5","operator":"virtual4"},"trendyol":{"count":"\u2705 867  \u0639\u062f\u062f","amount":"5","operator":"virtual4"},"truecaller":{"count":"\u2705 867  \u0639\u062f\u062f","amount":"9","operator":""},"twitter":{"count":"\u2705 147  \u0639\u062f\u062f","amount":"1","operator":"virtual21|virtual7|||"},"uber":{"count":"\u2705 556  \u0639\u062f\u062f","amount":"2","operator":""},"uploaded":{"count":"\u274c","operator":"virtual23","amount":"\u2757\ufe0f"},"vernyi":{"count":"\u274c","operator":"virtual23","amount":"\u2757\ufe0f"},"viber":{"count":"\u2705 1000  \u0639\u062f\u062f","amount":"5","operator":""},"vkontakte":{"count":"\u2705 318  \u0639\u062f\u062f","amount":"7","operator":""},"voopee":{"count":"\u274c","operator":"virtual18","amount":"\u2757\ufe0f"},"wechat":{"count":"\u2705 763  \u0639\u062f\u062f","operator":"virtual4","amount":"30"},"weibo":{"count":"\u2705 867  \u0639\u062f\u062f","amount":"14","operator":""},"weku":{"count":"\u274c","operator":"virtual21","amount":"\u2757\ufe0f"},"whatsapp":{"count":"\u2705 568  \u0639\u062f\u062f","amount":"5","operator":"virtual21|virtual7|virtual23||"},"winston":{"count":"\u274c","operator":"virtual4","amount":"\u2757\ufe0f"},"wish":{"count":"\u2705 867  \u0639\u062f\u062f","amount":"9","operator":"virtual4"},"yahoo":{"count":"\u2705 1000  \u0639\u062f\u062f","amount":"4","operator":""},"yalla":{"count":"\u2705 867  \u0639\u062f\u062f","operator":"virtual18","amount":"17"},"yandex":{"count":"\u2705 863  \u0639\u062f\u062f","amount":"1","operator":""},"yemeksepeti":{"count":"\u2705 867  \u0639\u062f\u062f","amount":"5","operator":"virtual23"},"youdo":{"count":"\u274c","operator":"virtual4","amount":"\u2757\ufe0f"},"youla":{"count":"\u2705 866  \u0639\u062f\u062f","amount":"8","operator":""},"zalo":{"count":"\u2705 1000  \u0639\u062f\u062f","amount":"2.5","operator":""},"zoho":{"count":"\u2705 866  \u0639\u062f\u062f","amount":"13","operator":""},"digikala":{"count":"\u2705 867  \u0639\u062f\u062f","amount":"7","operator":""},"divar":{"count":"\u2705 867  \u0639\u062f\u062f","amount":"8","operator":""},"hamrahaval":{"count":"\u2705 867  \u0639\u062f\u062f","amount":"6","operator":""},"irancell":{"count":"\u2705 867  \u0639\u062f\u062f","amount":"7","operator":""},"zomato":{"count":"\u274c","operator":"virtual24","amount":"\u2757\ufe0f"},"":{"operator":"||||"}}