{"1688":{"count":"\u2705 1000  \u0639\u062f\u062f","amount":"19","operator":""},"1xbet":{"count":"\u2705 1000  \u0639\u062f\u062f","amount":"21.05","operator":"virtual21"},"23red":{"count":"\u274c","operator":"virtual18","amount":"\u2757\ufe0f"},"ace2three":{"count":"\u274c","operator":"","amount":"\u2757\ufe0f"},"adidas":{"count":"\u274c","amount":"\u2757\ufe0f","operator":""},"airbnb":{"count":"\u2705 1000  \u0639\u062f\u062f","amount":"18.75","operator":""},"airtel":{"count":"\u274c","amount":"\u2757\ufe0f","operator":"virtual23"},"akelni":{"count":"\u274c","operator":"virtual18","amount":"\u2757\ufe0f"},"alibaba":{"count":"\u2705 21216  \u0639\u062f\u062f","amount":"15.75","operator":""},"aliexpress":{"count":"\u2705 1000  \u0639\u062f\u062f","operator":"","amount":"15"},"alipay":{"count":"\u274c","amount":"\u2757\ufe0f","operator":"virtual23"},"amasia":{"count":"\u274c","amount":"\u2757\ufe0f","operator":"virtual23"},"amazon":{"count":"\u2705 1000  \u0639\u062f\u062f","amount":"13.51","operator":""},"aol":{"count":"\u2705 24616  \u0639\u062f\u062f","amount":"22.38","operator":"virtual21"},"avito":{"count":"\u274c","amount":"\u2757\ufe0f","operator":"virtual4"},"azino":{"count":"\u274c","operator":"virtual23","amount":"\u2757\ufe0f"},"b4ucabs":{"count":"\u274c","operator":"virtual23","amount":"\u2757\ufe0f"},"bigcash":{"count":"\u274c","operator":"virtual4","amount":"\u2757\ufe0f"},"bigolive":{"count":"\u274c","amount":"\u2757\ufe0f","operator":""},"bitclout":{"count":"\u274c","operator":"","amount":"\u2757\ufe0f"},"bittube":{"count":"\u274c","operator":"","amount":"\u2757\ufe0f"},"blablacar":{"count":"\u274c","amount":"\u2757\ufe0f","operator":""},"blizzard":{"count":"\u2705 1000  \u0639\u062f\u062f","amount":"11.44","operator":""},"blockchain":{"count":"\u274c","operator":"virtual23","amount":"\u2757\ufe0f"},"burgerking":{"count":"\u274c","amount":"\u2757\ufe0f","operator":"virtual4"},"careem":{"count":"\u2705 6985  \u0639\u062f\u062f","amount":"13.13","operator":""},"cdkeys":{"count":"\u274c","amount":"\u2757\ufe0f","operator":"virtual4"},"cekkazan":{"count":"\u274c","operator":"","amount":"\u2757\ufe0f"},"citymobil":{"count":"\u274c","amount":"\u2757\ufe0f","operator":""},"clickentregas":{"count":"\u274c","operator":"","amount":"\u2757\ufe0f"},"coinbase":{"count":"\u2705 2290  \u0639\u062f\u062f","amount":"19.75","operator":"virtual4"},"craigslist":{"count":"\u2705 1000  \u0639\u062f\u062f","amount":"18.75","operator":""},"deliveroo":{"count":"\u274c","amount":"\u2757\ufe0f","operator":"virtual18"},"delivery":{"count":"\u274c","amount":"\u2757\ufe0f","operator":"virtual23"},"dent":{"count":"\u2705 2520  \u0639\u062f\u062f","amount":"21","operator":""},"didi":{"count":"\u274c","amount":"\u2757\ufe0f","operator":"virtual4"},"discord":{"count":"\u2705 18638  \u0639\u062f\u062f","amount":"7.88","operator":""},"dixy":{"count":"\u274c","operator":"virtual4","amount":"\u2757\ufe0f"},"dodopizza":{"count":"\u274c","amount":"\u2757\ufe0f","operator":"virtual4"},"domdara":{"count":"\u274c","operator":"","amount":"\u2757\ufe0f"},"dostavista":{"count":"\u274c","amount":"\u2757\ufe0f","operator":""},"douyu":{"count":"\u2705 1000  \u0639\u062f\u062f","amount":"28.3","operator":""},"drom":{"count":"\u274c","amount":"\u2757\ufe0f","operator":"virtual23"},"drugvokrug":{"count":"\u274c","amount":"\u2757\ufe0f","operator":"virtual23"},"dukascopy":{"count":"\u274c","operator":"","amount":"\u2757\ufe0f"},"ebay":{"count":"\u2705 1000  \u0639\u062f\u062f","amount":"14.37","operator":""},"edgeless":{"count":"\u274c","operator":"virtual21","amount":"\u2757\ufe0f"},"electroneum":{"count":"\u274c","operator":"virtual4","amount":"\u2757\ufe0f"},"ezway":{"count":"\u274c","operator":"","amount":"\u2757\ufe0f"},"facebook":{"count":"\u2705 1000  \u0639\u062f\u062f","amount":"11.57","operator":"virtual21"},"fiverr":{"count":"\u274c","operator":"virtual18","amount":"\u2757\ufe0f"},"flipkart":{"count":"\u274c","operator":"virtual4","amount":"\u2757\ufe0f"},"foodpanda":{"count":"\u2705 1000  \u0639\u062f\u062f","amount":"11.35","operator":""},"foody":{"count":"\u274c","amount":"\u2757\ufe0f","operator":"virtual18"},"forwarding":{"count":"\u274c","operator":"virtual23","amount":"\u2757\ufe0f"},"galaxy":{"count":"\u274c","operator":"","amount":"\u2757\ufe0f"},"gameflip":{"count":"\u274c","operator":"","amount":"\u2757\ufe0f"},"gcash":{"count":"\u274c","operator":"","amount":"\u2757\ufe0f"},"get":{"count":"\u274c","operator":"","amount":"\u2757\ufe0f"},"getir":{"count":"\u274c","amount":"\u2757\ufe0f","operator":""},"gett":{"count":"\u274c","amount":"\u2757\ufe0f","operator":""},"globus":{"count":"\u274c","amount":"\u2757\ufe0f","operator":""},"glovo":{"count":"\u274c","operator":"","amount":"\u2757\ufe0f"},"google":{"count":"\u2705 1000  \u0639\u062f\u062f","amount":"12.6","operator":"virtual2"},"grabtaxi":{"count":"\u274c","amount":"\u2757\ufe0f","operator":"virtual23"},"green":{"count":"\u274c","operator":"virtual4","amount":"\u2757\ufe0f"},"grindr":{"count":"\u274c","amount":"\u2757\ufe0f","operator":""},"haraj":{"count":"\u2705 2140  \u0639\u062f\u062f","amount":"39.38","operator":"virtual4"},"hezzl":{"count":"\u274c","amount":"\u2757\ufe0f","operator":""},"hopi":{"count":"\u274c","amount":"\u2757\ufe0f","operator":""},"hqtrivia":{"count":"\u2705 19378  \u0639\u062f\u062f","amount":"17.13","operator":""},"icard":{"count":"\u274c","operator":"","amount":"\u2757\ufe0f"},"icq":{"count":"\u274c","amount":"\u2757\ufe0f","operator":""},"imo":{"count":"\u2705 1000  \u0639\u062f\u062f","amount":"7.5","operator":""},"ininal":{"count":"\u274c","amount":"\u2757\ufe0f","operator":"virtual23"},"instagram":{"count":"\u2705 1000  \u0639\u062f\u062f","amount":"22.5","operator":"virtual2"},"iost":{"count":"\u274c","operator":"virtual4","amount":"\u2757\ufe0f"},"jd":{"count":"\u2705 1000  \u0639\u062f\u062f","amount":"13","operator":""},"justdating":{"count":"\u274c","amount":"\u2757\ufe0f","operator":"virtual23"},"kakaotalk":{"count":"\u2705 1000  \u0639\u062f\u062f","amount":"22.5","operator":""},"keybase":{"count":"\u2705 7085  \u0639\u062f\u062f","amount":"15.75","operator":"virtual23"},"komandacard":{"count":"\u274c","operator":"virtual18","amount":"\u2757\ufe0f"},"kotak811":{"count":"\u274c","amount":"\u2757\ufe0f","operator":"virtual4"},"kufarby":{"count":"\u274c","amount":"\u2757\ufe0f","operator":"virtual21"},"kwai":{"count":"\u274c","operator":"virtual4","amount":"\u2757\ufe0f"},"lazada":{"count":"\u274c","operator":"virtual4","amount":"\u2757\ufe0f"},"lbry":{"count":"\u274c","operator":"","amount":"\u2757\ufe0f"},"lenta":{"count":"\u274c","amount":"\u2757\ufe0f","operator":""},"lianxin":{"count":"\u274c","operator":"","amount":"\u2757\ufe0f"},"line":{"count":"\u2705 1000  \u0639\u062f\u062f","amount":"13.45","operator":""},"linkedin":{"count":"\u274c","operator":"virtual23","amount":"\u2757\ufe0f"},"livescore":{"count":"\u274c","amount":"\u2757\ufe0f","operator":"virtual21"},"magnit":{"count":"\u274c","amount":"\u2757\ufe0f","operator":"virtual4"},"magnolia":{"count":"\u274c","amount":"\u2757\ufe0f","operator":"virtual4"},"mailru":{"count":"\u274c","amount":"\u2757\ufe0f","operator":"virtual4"},"mamba":{"count":"\u274c","amount":"\u2757\ufe0f","operator":""},"mcdonalds":{"count":"\u274c","amount":"\u2757\ufe0f","operator":""},"meetme":{"count":"\u274c","operator":"","amount":"\u2757\ufe0f"},"mega":{"count":"\u274c","amount":"\u2757\ufe0f","operator":""},"mercado":{"count":"\u274c","amount":"\u2757\ufe0f","operator":""},"michat":{"count":"\u2705 24616  \u0639\u062f\u062f","amount":"21","operator":""},"microsoft":{"count":"\u2705 1000  \u0639\u062f\u062f","amount":"10.62","operator":"virtual2"},"miratorg":{"count":"\u274c","amount":"\u2757\ufe0f","operator":"virtual4"},"mtscashback":{"count":"\u274c","amount":"19.75","operator":"virtual21"},"nana":{"count":"\u274c","operator":"virtual4","amount":"\u2757\ufe0f"},"naver":{"count":"\u2705 1000  \u0639\u062f\u062f","amount":"14","operator":""},"netflix":{"count":"\u2705 1000  \u0639\u062f\u062f","amount":"12.28","operator":""},"nhseven":{"count":"\u274c","amount":"\u2757\ufe0f","operator":"virtual23"},"nifty":{"count":"\u274c","operator":"virtual4","amount":"\u2757\ufe0f"},"nike":{"count":"\u2705 1000  \u0639\u062f\u062f","operator":"virtual18","amount":"18.75"},"nimses":{"count":"\u274c","operator":"virtual23","amount":"\u2757\ufe0f"},"nttgame":{"count":"\u2705 1000  \u0639\u062f\u062f","amount":"12.34","operator":""},"odnoklassniki":{"count":"\u274c","amount":"\u2757\ufe0f","operator":"virtual18"},"offerup":{"count":"\u2705 2400  \u0639\u062f\u062f","amount":"19.75","operator":"virtual21"},"okcupid":{"count":"\u274c","operator":"virtual4","amount":"\u2757\ufe0f"},"okey":{"count":"\u274c","operator":"virtual4","amount":"\u2757\ufe0f"},"olx":{"count":"\u2705 3210  \u0639\u062f\u062f","amount":"23.63","operator":""},"openpoint":{"count":"\u274c","operator":"virtual4","amount":"\u2757\ufe0f"},"oraclecloud":{"count":"\u274c","operator":"virtual23","amount":"\u2757\ufe0f"},"other":{"count":"\u274c","amount":"\u2757\ufe0f","operator":"virtual4"},"ozon":{"count":"\u274c","amount":"\u2757\ufe0f","operator":"virtual4"},"pairs":{"count":"\u274c","amount":"\u2757\ufe0f","operator":"virtual21"},"papara":{"count":"\u2705 7085  \u0639\u062f\u062f","amount":"28.88","operator":""},"paycell":{"count":"\u2705 14915  \u0639\u062f\u062f","amount":"19.75","operator":""},"paymaya":{"count":"\u274c","operator":"virtual4","amount":"\u2757\ufe0f"},"paypal":{"count":"\u2705 1000  \u0639\u062f\u062f","amount":"31.25","operator":"virtual21"},"paysend":{"count":"\u274c","amount":"\u2757\ufe0f","operator":"virtual4"},"peoplecom":{"count":"\u274c","operator":"virtual18","amount":"\u2757\ufe0f"},"perekrestok":{"count":"\u274c","amount":"\u2757\ufe0f","operator":""},"pof":{"count":"\u2705 1000  \u0639\u062f\u062f","amount":"22.5","operator":""},"pokec":{"count":"\u274c","operator":"virtual23","amount":"\u2757\ufe0f"},"pokermaster":{"count":"\u274c","operator":"","amount":"\u2757\ufe0f"},"potato":{"count":"\u274c","amount":"\u2757\ufe0f","operator":""},"proton":{"count":"\u274c","operator":"","amount":"\u2757\ufe0f"},"protp":{"count":"\u2705 1000  \u0639\u062f\u062f","amount":"12.5","operator":""},"pubg":{"count":"\u274c","operator":"","amount":"\u2757\ufe0f"},"pyaterochka":{"count":"\u274c","amount":"\u2757\ufe0f","operator":""},"qiwiwallet":{"count":"\u274c","amount":"\u2757\ufe0f","operator":""},"quioo":{"count":"\u274c","operator":"","amount":"\u2757\ufe0f"},"quipp":{"count":"\u274c","amount":"\u2757\ufe0f","operator":""},"reuse":{"count":"\u274c","operator":"","amount":"\u2757\ufe0f"},"ripkord":{"count":"\u274c","operator":"","amount":"\u2757\ufe0f"},"samokat":{"count":"\u274c","amount":"\u2757\ufe0f","operator":""},"seosprint":{"count":"\u274c","amount":"\u2757\ufe0f","operator":""},"sheerid":{"count":"\u274c","amount":"\u2757\ufe0f","operator":""},"shopee":{"count":"\u2705 1000  \u0639\u062f\u062f","amount":"17.5","operator":""},"signal":{"count":"\u274c","operator":"virtual21","amount":"\u2757\ufe0f"},"sikayetvar":{"count":"\u274c","amount":"\u2757\ufe0f","operator":"virtual23"},"skout":{"count":"\u2705 10816  \u0639\u062f\u062f","amount":"22.38","operator":""},"snapchat":{"count":"\u274c","amount":"\u2757\ufe0f","operator":"virtual21"},"steam":{"count":"\u274c","amount":"15","operator":"virtual21"},"swvl":{"count":"\u274c","amount":"\u2757\ufe0f","operator":"virtual18"},"taksheel":{"count":"\u2705 2090  \u0639\u062f\u062f","amount":"39.38","operator":"virtual4"},"tango":{"count":"\u274c","amount":"\u2757\ufe0f","operator":"virtual23"},"tantan":{"count":"\u274c","operator":"virtual4","amount":"\u2757\ufe0f"},"taobao":{"count":"\u2705 1000  \u0639\u062f\u062f","amount":"19","operator":""},"telegram":{"count":"\u2705 1000  \u0639\u062f\u062f","amount":"14.22","operator":"virtual18|virtual23|virtual4||"},"tencentqq":{"count":"\u274c","operator":"virtual18","amount":"\u2757\ufe0f"},"tiktok":{"count":"\u2705 1000  \u0639\u062f\u062f","amount":"13","operator":""},"tinder":{"count":"\u2705 1000  \u0639\u062f\u062f","amount":"12","operator":""},"tosla":{"count":"\u274c","amount":"\u2757\ufe0f","operator":"virtual18"},"totalcoin":{"count":"\u274c","operator":"virtual23","amount":"\u2757\ufe0f"},"touchance":{"count":"\u274c","amount":"\u2757\ufe0f","operator":"virtual4"},"trendyol":{"count":"\u274c","amount":"\u2757\ufe0f","operator":"virtual23"},"truecaller":{"count":"\u2705 18408  \u0639\u062f\u062f","amount":"17.13","operator":"virtual23"},"twitter":{"count":"\u274c","amount":"\u2757\ufe0f","operator":"virtual18"},"uber":{"count":"\u2705 1000  \u0639\u062f\u062f","amount":"13.18","operator":"virtual21"},"uploaded":{"count":"\u274c","operator":"virtual23","amount":"\u2757\ufe0f"},"vernyi":{"count":"\u274c","operator":"virtual23","amount":"\u2757\ufe0f"},"viber":{"count":"\u2705 1085  \u0639\u062f\u062f","amount":"13.13","operator":"virtual2"},"vkontakte":{"count":"\u274c","operator":"virtual18","amount":"\u2757\ufe0f"},"voopee":{"count":"\u274c","operator":"virtual18","amount":"\u2757\ufe0f"},"wechat":{"count":"\u2705 2902  \u0639\u062f\u062f","operator":"virtual21","amount":"78.75"},"weibo":{"count":"\u2705 2340  \u0639\u062f\u062f","amount":"15.75","operator":"virtual12"},"weku":{"count":"\u274c","operator":"virtual21","amount":"\u2757\ufe0f"},"whatsapp":{"count":"\u2705 1000  \u0639\u062f\u062f","amount":"11.3","operator":"virtual18|virtual23|virtual4||"},"winston":{"count":"\u274c","operator":"virtual4","amount":"\u2757\ufe0f"},"wish":{"count":"\u274c","amount":"\u2757\ufe0f","operator":"virtual4"},"yahoo":{"count":"\u2705 1000  \u0639\u062f\u062f","amount":"13.86","operator":""},"yalla":{"count":"\u274c","operator":"virtual21","amount":"22.38"},"yandex":{"count":"\u2705 14416  \u0639\u062f\u062f","amount":"13.13","operator":"virtual21"},"yemeksepeti":{"count":"\u274c","amount":"\u2757\ufe0f","operator":"virtual21"},"youdo":{"count":"\u274c","operator":"virtual4","amount":"\u2757\ufe0f"},"youla":{"count":"\u274c","amount":"\u2757\ufe0f","operator":"virtual4"},"zalo":{"count":"\u274c","amount":"\u2757\ufe0f","operator":"virtual4"},"zoho":{"count":"\u2705 17885  \u0639\u062f\u062f","amount":"15.75","operator":""},"digikala":{"count":"\u274c","amount":"\u2757\ufe0f","operator":"virtual4"},"divar":{"count":"\u274c","amount":"\u2757\ufe0f","operator":"virtual23"},"hamrahaval":{"count":"\u274c","amount":"\u2757\ufe0f","operator":"virtual23"},"irancell":{"count":"\u274c","amount":"\u2757\ufe0f","operator":"virtual4"},"zomato":{"count":"\u2705 1000  \u0639\u062f\u062f","amount":"12.5","operator":""}}