{"1688":{"count":"\u2705 1000  \u0639\u062f\u062f","amount":"15.58","operator":""},"1xbet":{"count":"\u2705 1000  \u0639\u062f\u062f","amount":"22.6","operator":""},"23red":{"count":"\u274c","operator":"virtual18","amount":"\u2757\ufe0f"},"ace2three":{"count":"\u274c","operator":"","amount":"\u2757\ufe0f"},"adidas":{"count":"\u2705 42  \u0639\u062f\u062f","amount":"5","operator":""},"airbnb":{"count":"\u2705 42  \u0639\u062f\u062f","amount":"10","operator":""},"airtel":{"count":"\u2705 42  \u0639\u062f\u062f","amount":"8","operator":"virtual4"},"akelni":{"count":"\u274c","operator":"virtual18","amount":"\u2757\ufe0f"},"alibaba":{"count":"\u2705 42  \u0639\u062f\u062f","amount":"14","operator":""},"aliexpress":{"count":"\u2705 42  \u0639\u062f\u062f","operator":"","amount":"1.9"},"alipay":{"count":"\u2705 41  \u0639\u062f\u062f","amount":"22","operator":"virtual23"},"amasia":{"count":"\u2705 42  \u0639\u062f\u062f","amount":"8","operator":"virtual4"},"amazon":{"count":"\u2705 1000  \u0639\u062f\u062f","amount":"13.14","operator":""},"aol":{"count":"\u2705 42  \u0639\u062f\u062f","amount":"12","operator":""},"avito":{"count":"\u2705 42  \u0639\u062f\u062f","amount":"6","operator":"virtual23"},"azino":{"count":"\u274c","operator":"virtual23","amount":"\u2757\ufe0f"},"b4ucabs":{"count":"\u274c","operator":"virtual23","amount":"\u2757\ufe0f"},"bigcash":{"count":"\u274c","operator":"virtual4","amount":"\u2757\ufe0f"},"bigolive":{"count":"\u2705 42  \u0639\u062f\u062f","amount":"7","operator":""},"bitclout":{"count":"\u274c","operator":"","amount":"\u2757\ufe0f"},"bittube":{"count":"\u274c","operator":"","amount":"\u2757\ufe0f"},"blablacar":{"count":"\u2705 42  \u0639\u062f\u062f","amount":"9","operator":""},"blizzard":{"count":"\u2705 42  \u0639\u062f\u062f","amount":"9","operator":""},"blockchain":{"count":"\u274c","operator":"virtual23","amount":"\u2757\ufe0f"},"burgerking":{"count":"\u2705 42  \u0639\u062f\u062f","amount":"7","operator":""},"careem":{"count":"\u2705 41  \u0639\u062f\u062f","amount":"7","operator":""},"cdkeys":{"count":"\u2705 42  \u0639\u062f\u062f","amount":"8","operator":""},"cekkazan":{"count":"\u274c","operator":"","amount":"\u2757\ufe0f"},"citymobil":{"count":"\u2705 42  \u0639\u062f\u062f","amount":"5","operator":""},"clickentregas":{"count":"\u274c","operator":"","amount":"\u2757\ufe0f"},"coinbase":{"count":"\u2705 42  \u0639\u062f\u062f","amount":"22","operator":""},"craigslist":{"count":"\u2705 42  \u0639\u062f\u062f","amount":"18","operator":""},"deliveroo":{"count":"\u2705 42  \u0639\u062f\u062f","amount":"6","operator":"virtual23"},"delivery":{"count":"\u2705 42  \u0639\u062f\u062f","amount":"7","operator":"virtual4"},"dent":{"count":"\u2705 42  \u0639\u062f\u062f","amount":"6","operator":""},"didi":{"count":"\u2705 42  \u0639\u062f\u062f","amount":"9","operator":""},"discord":{"count":"\u2705 1404  \u0639\u062f\u062f","amount":"13.13","operator":""},"dixy":{"count":"\u274c","operator":"virtual4","amount":"\u2757\ufe0f"},"dodopizza":{"count":"\u2705 42  \u0639\u062f\u062f","amount":"9","operator":""},"domdara":{"count":"\u274c","operator":"","amount":"\u2757\ufe0f"},"dostavista":{"count":"\u2705 42  \u0639\u062f\u062f","amount":"6","operator":""},"douyu":{"count":"\u2705 1000  \u0639\u062f\u062f","amount":"28.3","operator":""},"drom":{"count":"\u2705 42  \u0639\u062f\u062f","amount":"8","operator":"virtual23"},"drugvokrug":{"count":"\u2705 42  \u0639\u062f\u062f","amount":"7","operator":""},"dukascopy":{"count":"\u274c","operator":"","amount":"\u2757\ufe0f"},"ebay":{"count":"\u2705 42  \u0639\u062f\u062f","amount":"12","operator":""},"edgeless":{"count":"\u274c","operator":"virtual21","amount":"\u2757\ufe0f"},"electroneum":{"count":"\u274c","operator":"virtual4","amount":"\u2757\ufe0f"},"ezway":{"count":"\u274c","operator":"","amount":"\u2757\ufe0f"},"facebook":{"count":"\u2705 1000  \u0639\u062f\u062f","amount":"7.5","operator":""},"fiverr":{"count":"\u274c","operator":"virtual18","amount":"\u2757\ufe0f"},"flipkart":{"count":"\u274c","operator":"virtual4","amount":"\u2757\ufe0f"},"foodpanda":{"count":"\u2705 38  \u0639\u062f\u062f","amount":"10","operator":""},"foody":{"count":"\u2705 42  \u0639\u062f\u062f","amount":"6","operator":"virtual23"},"forwarding":{"count":"\u274c","operator":"virtual23","amount":"\u2757\ufe0f"},"galaxy":{"count":"\u274c","operator":"","amount":"\u2757\ufe0f"},"gameflip":{"count":"\u274c","operator":"","amount":"\u2757\ufe0f"},"gcash":{"count":"\u274c","operator":"","amount":"\u2757\ufe0f"},"get":{"count":"\u274c","operator":"","amount":"\u2757\ufe0f"},"getir":{"count":"\u2705 42  \u0639\u062f\u062f","amount":"8","operator":""},"gett":{"count":"\u2705 42  \u0639\u062f\u062f","amount":"5","operator":""},"globus":{"count":"\u2705 42  \u0639\u062f\u062f","amount":"6","operator":""},"glovo":{"count":"\u274c","operator":"","amount":"\u2757\ufe0f"},"google":{"count":"\u2705 1000  \u0639\u062f\u062f","amount":"12.76","operator":""},"grabtaxi":{"count":"\u2705 42  \u0639\u062f\u062f","amount":"5","operator":"virtual23"},"green":{"count":"\u274c","operator":"virtual4","amount":"\u2757\ufe0f"},"grindr":{"count":"\u2705 42  \u0639\u062f\u062f","amount":"5","operator":""},"haraj":{"count":"\u2705 42  \u0639\u062f\u062f","amount":"33","operator":""},"hezzl":{"count":"\u2705 42  \u0639\u062f\u062f","amount":"7","operator":""},"hopi":{"count":"\u2705 42  \u0639\u062f\u062f","amount":"7","operator":""},"hqtrivia":{"count":"\u2705 42  \u0639\u062f\u062f","amount":"11","operator":""},"icard":{"count":"\u274c","operator":"","amount":"\u2757\ufe0f"},"icq":{"count":"\u2705 42  \u0639\u062f\u062f","amount":"5","operator":""},"imo":{"count":"\u274c","amount":"\u2757\ufe0f","operator":"virtual4"},"ininal":{"count":"\u2705 42  \u0639\u062f\u062f","amount":"5","operator":""},"instagram":{"count":"\u2705 1000  \u0639\u062f\u062f","amount":"8.75","operator":""},"iost":{"count":"\u274c","operator":"virtual4","amount":"\u2757\ufe0f"},"jd":{"count":"\u2705 42  \u0639\u062f\u062f","amount":"11","operator":""},"justdating":{"count":"\u2705 42  \u0639\u062f\u062f","amount":"7","operator":"virtual23"},"kakaotalk":{"count":"\u2705 1000  \u0639\u062f\u062f","amount":"15","operator":""},"keybase":{"count":"\u2705 42  \u0639\u062f\u062f","amount":"13","operator":""},"komandacard":{"count":"\u274c","operator":"virtual18","amount":"\u2757\ufe0f"},"kotak811":{"count":"\u2705 42  \u0639\u062f\u062f","amount":"7","operator":"virtual23"},"kufarby":{"count":"\u2705 42  \u0639\u062f\u062f","amount":"8","operator":"virtual23"},"kwai":{"count":"\u274c","operator":"virtual4","amount":"\u2757\ufe0f"},"lazada":{"count":"\u274c","operator":"virtual4","amount":"\u2757\ufe0f"},"lbry":{"count":"\u274c","operator":"","amount":"\u2757\ufe0f"},"lenta":{"count":"\u2705 42  \u0639\u062f\u062f","amount":"5","operator":""},"lianxin":{"count":"\u274c","operator":"","amount":"\u2757\ufe0f"},"line":{"count":"\u2705 1000  \u0639\u062f\u062f","amount":"12.84","operator":""},"linkedin":{"count":"\u2705 40  \u0639\u062f\u062f","amount":"11","operator":"virtual23"},"livescore":{"count":"\u2705 42  \u0639\u062f\u062f","amount":"9","operator":"virtual4"},"magnit":{"count":"\u2705 42  \u0639\u062f\u062f","amount":"7","operator":"virtual4"},"magnolia":{"count":"\u2705 42  \u0639\u062f\u062f","amount":"5","operator":""},"mailru":{"count":"\u2705 42  \u0639\u062f\u062f","amount":"5","operator":""},"mamba":{"count":"\u2705 42  \u0639\u062f\u062f","amount":"7","operator":""},"mcdonalds":{"count":"\u2705 42  \u0639\u062f\u062f","amount":"5","operator":""},"meetme":{"count":"\u274c","operator":"","amount":"\u2757\ufe0f"},"mega":{"count":"\u2705 42  \u0639\u062f\u062f","amount":"8","operator":""},"mercado":{"count":"\u2705 42  \u0639\u062f\u062f","amount":"7","operator":""},"michat":{"count":"\u2705 42  \u0639\u062f\u062f","amount":"15","operator":""},"microsoft":{"count":"\u2705 16153  \u0639\u062f\u062f","amount":"10.5","operator":""},"miratorg":{"count":"\u2705 42  \u0639\u062f\u062f","amount":"7","operator":"virtual4"},"mtscashback":{"count":"\u2705 42  \u0639\u062f\u062f","amount":"18","operator":"virtual2"},"nana":{"count":"\u274c","operator":"virtual4","amount":"\u2757\ufe0f"},"naver":{"count":"\u2705 1000  \u0639\u062f\u062f","amount":"11.19","operator":""},"netflix":{"count":"\u2705 42  \u0639\u062f\u062f","amount":"11","operator":""},"nhseven":{"count":"\u2705 42  \u0639\u062f\u062f","amount":"6","operator":"virtual23"},"nifty":{"count":"\u274c","operator":"virtual4","amount":"\u2757\ufe0f"},"nike":{"count":"\u2705 39  \u0639\u062f\u062f","amount":"10","operator":""},"nimses":{"count":"\u274c","operator":"virtual23","amount":"\u2757\ufe0f"},"nttgame":{"count":"\u2705 41  \u0639\u062f\u062f","amount":"9","operator":""},"odnoklassniki":{"count":"\u2705 42  \u0639\u062f\u062f","amount":"8","operator":"virtual4"},"offerup":{"count":"\u2705 42  \u0639\u062f\u062f","amount":"16","operator":""},"okcupid":{"count":"\u274c","operator":"virtual4","amount":"\u2757\ufe0f"},"okey":{"count":"\u274c","operator":"virtual4","amount":"\u2757\ufe0f"},"olx":{"count":"\u2705 42  \u0639\u062f\u062f","amount":"10","operator":""},"openpoint":{"count":"\u274c","operator":"virtual4","amount":"\u2757\ufe0f"},"oraclecloud":{"count":"\u274c","operator":"virtual23","amount":"\u2757\ufe0f"},"other":{"count":"\u2705 42  \u0639\u062f\u062f","amount":"20","operator":""},"ozon":{"count":"\u2705 42  \u0639\u062f\u062f","amount":"8","operator":""},"pairs":{"count":"\u2705 42  \u0639\u062f\u062f","amount":"8","operator":""},"papara":{"count":"\u2705 42  \u0639\u062f\u062f","amount":"24","operator":""},"paycell":{"count":"\u2705 42  \u0639\u062f\u062f","amount":"16","operator":""},"paymaya":{"count":"\u274c","operator":"virtual4","amount":"\u2757\ufe0f"},"paypal":{"count":"\u2705 42  \u0639\u062f\u062f","amount":"25","operator":""},"paysend":{"count":"\u2705 42  \u0639\u062f\u062f","amount":"5","operator":"virtual23"},"peoplecom":{"count":"\u274c","operator":"virtual18","amount":"\u2757\ufe0f"},"perekrestok":{"count":"\u2705 42  \u0639\u062f\u062f","amount":"6","operator":""},"pof":{"count":"\u2705 42  \u0639\u062f\u062f","amount":"8","operator":""},"pokec":{"count":"\u274c","operator":"virtual23","amount":"\u2757\ufe0f"},"pokermaster":{"count":"\u274c","operator":"","amount":"\u2757\ufe0f"},"potato":{"count":"\u2705 42  \u0639\u062f\u062f","amount":"5","operator":""},"proton":{"count":"\u274c","operator":"","amount":"\u2757\ufe0f"},"protp":{"count":"\u2705 42  \u0639\u062f\u062f","amount":"7","operator":""},"pubg":{"count":"\u274c","operator":"","amount":"\u2757\ufe0f"},"pyaterochka":{"count":"\u2705 42  \u0639\u062f\u062f","amount":"7","operator":""},"qiwiwallet":{"count":"\u2705 42  \u0639\u062f\u062f","amount":"7","operator":""},"quioo":{"count":"\u274c","operator":"","amount":"\u2757\ufe0f"},"quipp":{"count":"\u2705 42  \u0639\u062f\u062f","amount":"9","operator":""},"reuse":{"count":"\u274c","operator":"","amount":"\u2757\ufe0f"},"ripkord":{"count":"\u274c","operator":"","amount":"\u2757\ufe0f"},"samokat":{"count":"\u2705 42  \u0639\u062f\u062f","amount":"6","operator":""},"seosprint":{"count":"\u2705 42  \u0639\u062f\u062f","amount":"9","operator":""},"sheerid":{"count":"\u2705 42  \u0639\u062f\u062f","amount":"8","operator":""},"shopee":{"count":"\u2705 42  \u0639\u062f\u062f","amount":"18","operator":""},"signal":{"count":"\u274c","operator":"virtual21","amount":"\u2757\ufe0f"},"sikayetvar":{"count":"\u2705 42  \u0639\u062f\u062f","amount":"7","operator":"virtual4"},"skout":{"count":"\u2705 42  \u0639\u062f\u062f","amount":"7","operator":""},"snapchat":{"count":"\u2705 42  \u0639\u062f\u062f","amount":"17","operator":""},"steam":{"count":"\u2705 1000  \u0639\u062f\u062f","amount":"10.93","operator":""},"swvl":{"count":"\u2705 42  \u0639\u062f\u062f","amount":"8","operator":""},"taksheel":{"count":"\u2705 154  \u0639\u062f\u062f","operator":"virtual4","amount":"39.38"},"tango":{"count":"\u2705 42  \u0639\u062f\u062f","amount":"5","operator":""},"tantan":{"count":"\u274c","operator":"virtual4","amount":"\u2757\ufe0f"},"taobao":{"count":"\u2705 1000  \u0639\u062f\u062f","amount":"15.41","operator":""},"telegram":{"count":"\u2705 1000  \u0639\u062f\u062f","amount":"10.62","operator":"virtual18|virtual23|virtual4|virtual21|"},"tencentqq":{"count":"\u2705 24  \u0639\u062f\u062f","amount":"5","operator":"virtual18"},"tiktok":{"count":"\u2705 1  \u0639\u062f\u062f","amount":"11","operator":""},"tinder":{"count":"\u2705 1000  \u0639\u062f\u062f","amount":"10","operator":""},"tosla":{"count":"\u2705 42  \u0639\u062f\u062f","amount":"5","operator":"virtual23"},"totalcoin":{"count":"\u274c","operator":"virtual23","amount":"\u2757\ufe0f"},"touchance":{"count":"\u2705 42  \u0639\u062f\u062f","amount":"6","operator":"virtual4"},"trendyol":{"count":"\u2705 42  \u0639\u062f\u062f","amount":"6","operator":"virtual4"},"truecaller":{"count":"\u2705 42  \u0639\u062f\u062f","amount":"15","operator":""},"twitter":{"count":"\u2705 36  \u0639\u062f\u062f","amount":"8","operator":""},"uber":{"count":"\u2705 42  \u0639\u062f\u062f","amount":"11","operator":""},"uploaded":{"count":"\u274c","operator":"virtual23","amount":"\u2757\ufe0f"},"vernyi":{"count":"\u274c","operator":"virtual23","amount":"\u2757\ufe0f"},"viber":{"count":"\u2705 1000  \u0639\u062f\u062f","amount":"7.5","operator":""},"vkontakte":{"count":"\u2705 33  \u0639\u062f\u062f","amount":"7","operator":""},"voopee":{"count":"\u274c","operator":"virtual18","amount":"\u2757\ufe0f"},"wechat":{"count":"\u2705 1962  \u0639\u062f\u062f","operator":"virtual23","amount":"91.88"},"weibo":{"count":"\u2705 42  \u0639\u062f\u062f","amount":"13","operator":""},"weku":{"count":"\u274c","operator":"virtual4","amount":"\u2757\ufe0f"},"whatsapp":{"count":"\u2705 1233  \u0639\u062f\u062f","amount":"11.88","operator":"virtual4|virtual23|virtual18|virtual21|"},"winston":{"count":"\u274c","operator":"virtual4","amount":"\u2757\ufe0f"},"wish":{"count":"\u2705 42  \u0639\u062f\u062f","amount":"5","operator":"virtual4"},"yahoo":{"count":"\u2705 39  \u0639\u062f\u062f","amount":"8","operator":""},"yalla":{"count":"\u2705 42  \u0639\u062f\u062f","amount":"15","operator":""},"yandex":{"count":"\u2705 42  \u0639\u062f\u062f","amount":"11","operator":""},"yemeksepeti":{"count":"\u2705 42  \u0639\u062f\u062f","amount":"5","operator":"virtual23"},"youdo":{"count":"\u274c","operator":"virtual4","amount":"\u2757\ufe0f"},"youla":{"count":"\u2705 42  \u0639\u062f\u062f","amount":"8","operator":""},"zalo":{"count":"\u2705 26  \u0639\u062f\u062f","amount":"5","operator":""},"zoho":{"count":"\u2705 42  \u0639\u062f\u062f","amount":"13","operator":""},"digikala":{"count":"\u2705 42  \u0639\u062f\u062f","amount":"8","operator":""},"divar":{"count":"\u2705 42  \u0639\u062f\u062f","amount":"5","operator":""},"hamrahaval":{"count":"\u2705 42  \u0639\u062f\u062f","amount":"8","operator":""},"irancell":{"count":"\u2705 42  \u0639\u062f\u062f","amount":"5","operator":""},"zomato":{"count":"\u2705 1000  \u0639\u062f\u062f","amount":"12.5","operator":""}}