{"1688":{"count":"\u2705 1000  \u0639\u062f\u062f","amount":"15.38","operator":""},"1xbet":{"count":"\u2705 1000  \u0639\u062f\u062f","amount":"22.83","operator":""},"23red":{"count":"\u274c","operator":"virtual18","amount":"\u2757\ufe0f"},"ace2three":{"count":"\u274c","operator":"","amount":"\u2757\ufe0f"},"adidas":{"count":"\u274c","amount":"\u2757\ufe0f","operator":""},"airbnb":{"count":"\u2705 1000  \u0639\u062f\u062f","amount":"55","operator":""},"airtel":{"count":"\u274c","amount":"\u2757\ufe0f","operator":"virtual23"},"akelni":{"count":"\u274c","operator":"virtual23","amount":"\u2757\ufe0f"},"alibaba":{"count":"\u2705 1000  \u0639\u062f\u062f","amount":"15.94","operator":""},"aliexpress":{"count":"\u274c","operator":"virtual18","amount":"\u2757\ufe0f"},"alipay":{"count":"\u2705 15375  \u0639\u062f\u062f","amount":"23.63","operator":"virtual23"},"amasia":{"count":"\u274c","amount":"\u2757\ufe0f","operator":"virtual23"},"amazon":{"count":"\u2705 1000  \u0639\u062f\u062f","amount":"13.65","operator":""},"aol":{"count":"\u2705 16139  \u0639\u062f\u062f","amount":"14.5","operator":"virtual23"},"avito":{"count":"\u274c","amount":"\u2757\ufe0f","operator":"virtual4"},"azino":{"count":"\u274c","operator":"virtual23","amount":"\u2757\ufe0f"},"b4ucabs":{"count":"\u274c","operator":"virtual23","amount":"\u2757\ufe0f"},"bigcash":{"count":"\u274c","operator":"virtual4","amount":"\u2757\ufe0f"},"bigolive":{"count":"\u274c","amount":"\u2757\ufe0f","operator":""},"bitclout":{"count":"\u274c","operator":"","amount":"\u2757\ufe0f"},"bittube":{"count":"\u274c","operator":"","amount":"\u2757\ufe0f"},"blablacar":{"count":"\u274c","amount":"\u2757\ufe0f","operator":""},"blizzard":{"count":"\u2705 1000  \u0639\u062f\u062f","amount":"11.61","operator":""},"blockchain":{"count":"\u274c","operator":"virtual23","amount":"\u2757\ufe0f"},"burgerking":{"count":"\u274c","amount":"\u2757\ufe0f","operator":"virtual4"},"careem":{"count":"\u2705 15349  \u0639\u062f\u062f","amount":"26.25","operator":""},"cdkeys":{"count":"\u274c","amount":"\u2757\ufe0f","operator":"virtual4"},"cekkazan":{"count":"\u274c","operator":"","amount":"\u2757\ufe0f"},"citymobil":{"count":"\u274c","amount":"\u2757\ufe0f","operator":""},"clickentregas":{"count":"\u274c","operator":"","amount":"\u2757\ufe0f"},"coinbase":{"count":"\u2705 288  \u0639\u062f\u062f","amount":"19.75","operator":"virtual4"},"craigslist":{"count":"\u2705 6589  \u0639\u062f\u062f","amount":"19.75","operator":""},"deliveroo":{"count":"\u274c","amount":"\u2757\ufe0f","operator":"virtual18"},"delivery":{"count":"\u274c","amount":"\u2757\ufe0f","operator":"virtual23"},"dent":{"count":"\u2705 518  \u0639\u062f\u062f","amount":"15.75","operator":""},"didi":{"count":"\u274c","amount":"\u2757\ufe0f","operator":"virtual4"},"discord":{"count":"\u274c","amount":"12","operator":"virtual21"},"dixy":{"count":"\u274c","operator":"virtual4","amount":"\u2757\ufe0f"},"dodopizza":{"count":"\u274c","amount":"\u2757\ufe0f","operator":"virtual4"},"domdara":{"count":"\u274c","operator":"","amount":"\u2757\ufe0f"},"dostavista":{"count":"\u274c","amount":"\u2757\ufe0f","operator":""},"douyu":{"count":"\u2705 1000  \u0639\u062f\u062f","amount":"28.3","operator":""},"drom":{"count":"\u274c","amount":"\u2757\ufe0f","operator":"virtual23"},"drugvokrug":{"count":"\u274c","amount":"\u2757\ufe0f","operator":"virtual23"},"dukascopy":{"count":"\u274c","operator":"","amount":"\u2757\ufe0f"},"ebay":{"count":"\u2705 1000  \u0639\u062f\u062f","amount":"14.18","operator":""},"edgeless":{"count":"\u274c","operator":"virtual21","amount":"\u2757\ufe0f"},"electroneum":{"count":"\u274c","operator":"virtual4","amount":"\u2757\ufe0f"},"ezway":{"count":"\u274c","operator":"","amount":"\u2757\ufe0f"},"facebook":{"count":"\u274c","operator":"virtual4","amount":"\u2757\ufe0f"},"fiverr":{"count":"\u274c","operator":"virtual21","amount":"\u2757\ufe0f"},"flipkart":{"count":"\u274c","operator":"virtual4","amount":"\u2757\ufe0f"},"foodpanda":{"count":"\u2705 1000  \u0639\u062f\u062f","amount":"13.69","operator":""},"foody":{"count":"\u274c","amount":"\u2757\ufe0f","operator":"virtual18"},"forwarding":{"count":"\u274c","operator":"virtual23","amount":"\u2757\ufe0f"},"galaxy":{"count":"\u274c","operator":"","amount":"\u2757\ufe0f"},"gameflip":{"count":"\u274c","operator":"","amount":"\u2757\ufe0f"},"gcash":{"count":"\u274c","operator":"","amount":"\u2757\ufe0f"},"get":{"count":"\u274c","operator":"","amount":"\u2757\ufe0f"},"getir":{"count":"\u274c","amount":"\u2757\ufe0f","operator":""},"gett":{"count":"\u274c","amount":"\u2757\ufe0f","operator":""},"globus":{"count":"\u274c","amount":"\u2757\ufe0f","operator":""},"glovo":{"count":"\u274c","operator":"","amount":"\u2757\ufe0f"},"google":{"count":"\u2705 1000  \u0639\u062f\u062f","amount":"18.75","operator":""},"grabtaxi":{"count":"\u274c","amount":"\u2757\ufe0f","operator":"virtual23"},"green":{"count":"\u274c","operator":"virtual4","amount":"\u2757\ufe0f"},"grindr":{"count":"\u274c","amount":"\u2757\ufe0f","operator":""},"haraj":{"count":"\u2705 138  \u0639\u062f\u062f","amount":"39.38","operator":"virtual4"},"hezzl":{"count":"\u274c","amount":"\u2757\ufe0f","operator":""},"hopi":{"count":"\u274c","amount":"\u2757\ufe0f","operator":""},"hqtrivia":{"count":"\u2705 1258  \u0639\u062f\u062f","amount":"13.13","operator":""},"icard":{"count":"\u274c","operator":"","amount":"\u2757\ufe0f"},"icq":{"count":"\u274c","amount":"\u2757\ufe0f","operator":""},"imo":{"count":"\u274c","operator":"virtual21","amount":"16"},"ininal":{"count":"\u274c","amount":"\u2757\ufe0f","operator":"virtual23"},"instagram":{"count":"\u274c","operator":"virtual4","amount":"\u2757\ufe0f"},"iost":{"count":"\u274c","operator":"virtual4","amount":"\u2757\ufe0f"},"jd":{"count":"\u2705 1000  \u0639\u062f\u062f","amount":"12.28","operator":""},"justdating":{"count":"\u274c","amount":"\u2757\ufe0f","operator":"virtual23"},"kakaotalk":{"count":"\u2705 1000  \u0639\u062f\u062f","amount":"22","operator":""},"keybase":{"count":"\u2705 16319  \u0639\u062f\u062f","amount":"19.75","operator":"virtual23"},"komandacard":{"count":"\u274c","operator":"virtual18","amount":"\u2757\ufe0f"},"kotak811":{"count":"\u274c","amount":"\u2757\ufe0f","operator":"virtual4"},"kufarby":{"count":"\u274c","amount":"\u2757\ufe0f","operator":"lycamobile"},"kwai":{"count":"\u274c","operator":"virtual4","amount":"\u2757\ufe0f"},"lazada":{"count":"\u274c","operator":"virtual4","amount":"\u2757\ufe0f"},"lbry":{"count":"\u274c","operator":"","amount":"\u2757\ufe0f"},"lenta":{"count":"\u274c","amount":"\u2757\ufe0f","operator":""},"lianxin":{"count":"\u274c","operator":"","amount":"\u2757\ufe0f"},"line":{"count":"\u2705 1000  \u0639\u062f\u062f","amount":"12.8","operator":""},"linkedin":{"count":"\u274c","operator":"virtual23","amount":"\u2757\ufe0f"},"livescore":{"count":"\u274c","amount":"\u2757\ufe0f","operator":"virtual21"},"magnit":{"count":"\u274c","amount":"\u2757\ufe0f","operator":"virtual4"},"magnolia":{"count":"\u274c","amount":"\u2757\ufe0f","operator":"virtual4"},"mailru":{"count":"\u274c","amount":"\u2757\ufe0f","operator":"virtual4"},"mamba":{"count":"\u274c","amount":"\u2757\ufe0f","operator":""},"mcdonalds":{"count":"\u274c","amount":"\u2757\ufe0f","operator":""},"meetme":{"count":"\u274c","operator":"","amount":"\u2757\ufe0f"},"mega":{"count":"\u274c","amount":"\u2757\ufe0f","operator":""},"mercado":{"count":"\u274c","amount":"\u2757\ufe0f","operator":""},"michat":{"count":"\u2705 16139  \u0639\u062f\u062f","amount":"18.38","operator":""},"microsoft":{"count":"\u2705 1000  \u0639\u062f\u062f","amount":"9.96","operator":""},"miratorg":{"count":"\u274c","amount":"\u2757\ufe0f","operator":"virtual4"},"mtscashback":{"count":"\u274c","amount":"18","operator":"virtual21"},"nana":{"count":"\u274c","operator":"virtual4","amount":"\u2757\ufe0f"},"naver":{"count":"\u2705 1000  \u0639\u062f\u062f","amount":"14","operator":""},"netflix":{"count":"\u274c","operator":"virtual18","amount":"\u2757\ufe0f"},"nhseven":{"count":"\u274c","amount":"\u2757\ufe0f","operator":"virtual23"},"nifty":{"count":"\u274c","operator":"virtual4","amount":"\u2757\ufe0f"},"nike":{"count":"\u2705 1000  \u0639\u062f\u062f","amount":"11.31","operator":""},"nimses":{"count":"\u274c","operator":"virtual23","amount":"\u2757\ufe0f"},"nttgame":{"count":"\u2705 1000  \u0639\u062f\u062f","amount":"10.9","operator":""},"odnoklassniki":{"count":"\u274c","amount":"\u2757\ufe0f","operator":"virtual18"},"offerup":{"count":"\u2705 398  \u0639\u062f\u062f","amount":"19.75","operator":"virtual21"},"okcupid":{"count":"\u274c","operator":"virtual4","amount":"\u2757\ufe0f"},"okey":{"count":"\u274c","operator":"virtual4","amount":"\u2757\ufe0f"},"olx":{"count":"\u2705 338  \u0639\u062f\u062f","amount":"15.75","operator":""},"openpoint":{"count":"\u274c","operator":"virtual4","amount":"\u2757\ufe0f"},"oraclecloud":{"count":"\u274c","operator":"virtual23","amount":"\u2757\ufe0f"},"other":{"count":"\u274c","amount":"\u2757\ufe0f","operator":"virtual4"},"ozon":{"count":"\u274c","amount":"\u2757\ufe0f","operator":"virtual4"},"pairs":{"count":"\u274c","amount":"\u2757\ufe0f","operator":"virtual23"},"papara":{"count":"\u2705 16319  \u0639\u062f\u062f","amount":"19.75","operator":""},"paycell":{"count":"\u2705 8649  \u0639\u062f\u062f","amount":"19.75","operator":""},"paymaya":{"count":"\u274c","operator":"virtual4","amount":"\u2757\ufe0f"},"paypal":{"count":"\u2705 1000  \u0639\u062f\u062f","amount":"60","operator":"virtual21"},"paysend":{"count":"\u274c","amount":"\u2757\ufe0f","operator":"virtual4"},"peoplecom":{"count":"\u274c","operator":"virtual18","amount":"\u2757\ufe0f"},"perekrestok":{"count":"\u274c","amount":"\u2757\ufe0f","operator":""},"pof":{"count":"\u274c","amount":"\u2757\ufe0f","operator":"virtual23"},"pokec":{"count":"\u274c","operator":"virtual23","amount":"\u2757\ufe0f"},"pokermaster":{"count":"\u274c","operator":"","amount":"\u2757\ufe0f"},"potato":{"count":"\u274c","amount":"\u2757\ufe0f","operator":""},"proton":{"count":"\u274c","operator":"","amount":"\u2757\ufe0f"},"protp":{"count":"\u2705 1000  \u0639\u062f\u062f","amount":"12.5","operator":""},"pubg":{"count":"\u274c","operator":"","amount":"\u2757\ufe0f"},"pyaterochka":{"count":"\u274c","amount":"\u2757\ufe0f","operator":""},"qiwiwallet":{"count":"\u274c","amount":"\u2757\ufe0f","operator":""},"quioo":{"count":"\u274c","operator":"","amount":"\u2757\ufe0f"},"quipp":{"count":"\u274c","amount":"\u2757\ufe0f","operator":""},"reuse":{"count":"\u274c","operator":"","amount":"\u2757\ufe0f"},"ripkord":{"count":"\u274c","operator":"","amount":"\u2757\ufe0f"},"samokat":{"count":"\u274c","amount":"\u2757\ufe0f","operator":""},"seosprint":{"count":"\u274c","amount":"\u2757\ufe0f","operator":""},"sheerid":{"count":"\u274c","amount":"\u2757\ufe0f","operator":""},"shopee":{"count":"\u2705 13349  \u0639\u062f\u062f","amount":"19.75","operator":"virtual21"},"signal":{"count":"\u274c","operator":"virtual21","amount":"\u2757\ufe0f"},"sikayetvar":{"count":"\u274c","amount":"\u2757\ufe0f","operator":"virtual23"},"skout":{"count":"\u2705 13279  \u0639\u062f\u062f","amount":"13.13","operator":""},"snapchat":{"count":"\u274c","amount":"21","operator":"virtual21"},"steam":{"count":"\u2705 1000  \u0639\u062f\u062f","amount":"10.96","operator":""},"swvl":{"count":"\u274c","amount":"\u2757\ufe0f","operator":"virtual18"},"taksheel":{"count":"\u2705 88  \u0639\u062f\u062f","operator":"virtual4","amount":"39.38"},"tango":{"count":"\u274c","amount":"\u2757\ufe0f","operator":"virtual18"},"tantan":{"count":"\u274c","operator":"virtual4","amount":"\u2757\ufe0f"},"taobao":{"count":"\u2705 1000  \u0639\u062f\u062f","amount":"15.9","operator":""},"telegram":{"count":"\u2705 1000  \u0639\u062f\u062f","amount":"12.48","operator":"virtual18|virtual23|virtual4||"},"tencentqq":{"count":"\u274c","amount":"\u2757\ufe0f","operator":"virtual18"},"tiktok":{"count":"\u2705 1000  \u0639\u062f\u062f","amount":"13","operator":""},"tinder":{"count":"\u2705 1000  \u0639\u062f\u062f","amount":"9.57","operator":""},"tosla":{"count":"\u274c","amount":"\u2757\ufe0f","operator":"virtual18"},"totalcoin":{"count":"\u274c","operator":"virtual23","amount":"\u2757\ufe0f"},"touchance":{"count":"\u274c","amount":"\u2757\ufe0f","operator":"virtual4"},"trendyol":{"count":"\u274c","amount":"\u2757\ufe0f","operator":"virtual23"},"truecaller":{"count":"\u2705 288  \u0639\u062f\u062f","amount":"17.13","operator":"virtual23"},"twitter":{"count":"\u2705 1000  \u0639\u062f\u062f","amount":"13.93","operator":"virtual4"},"uber":{"count":"\u274c","operator":"virtual18","amount":"\u2757\ufe0f"},"uploaded":{"count":"\u274c","operator":"virtual23","amount":"\u2757\ufe0f"},"vernyi":{"count":"\u274c","operator":"virtual23","amount":"\u2757\ufe0f"},"viber":{"count":"\u274c","operator":"virtual4","amount":"\u2757\ufe0f"},"vkontakte":{"count":"\u2705 1000  \u0639\u062f\u062f","amount":"12","operator":""},"voopee":{"count":"\u274c","operator":"virtual18","amount":"\u2757\ufe0f"},"wechat":{"count":"\u274c","amount":"\u2757\ufe0f","operator":"virtual23"},"weibo":{"count":"\u2705 338  \u0639\u062f\u062f","amount":"15.75","operator":"virtual12"},"weku":{"count":"\u274c","operator":"virtual4","amount":"\u2757\ufe0f"},"whatsapp":{"count":"\u2705 1000  \u0639\u062f\u062f","operator":"virtual23|virtual4|||","amount":"18.75"},"winston":{"count":"\u274c","operator":"virtual23","amount":"\u2757\ufe0f"},"wish":{"count":"\u274c","amount":"\u2757\ufe0f","operator":"virtual4"},"yahoo":{"count":"\u274c","amount":"14.45","operator":"virtual21"},"yalla":{"count":"\u274c","amount":"17","operator":"virtual21"},"yandex":{"count":"\u2705 5549  \u0639\u062f\u062f","amount":"13.13","operator":"virtual23"},"yemeksepeti":{"count":"\u274c","amount":"\u2757\ufe0f","operator":"virtual4"},"youdo":{"count":"\u274c","operator":"virtual4","amount":"\u2757\ufe0f"},"youla":{"count":"\u274c","amount":"\u2757\ufe0f","operator":"virtual4"},"zalo":{"count":"\u274c","amount":"\u2757\ufe0f","operator":"virtual4"},"zoho":{"count":"\u2705 11619  \u0639\u062f\u062f","amount":"15.75","operator":""},"digikala":{"count":"\u274c","amount":"\u2757\ufe0f","operator":"virtual4"},"divar":{"count":"\u274c","amount":"\u2757\ufe0f","operator":"virtual23"},"hamrahaval":{"count":"\u274c","amount":"\u2757\ufe0f","operator":"virtual23"},"irancell":{"count":"\u274c","amount":"\u2757\ufe0f","operator":"virtual4"},"zomato":{"count":"\u2705 1000  \u0639\u062f\u062f","amount":"12.5","operator":""},"":{"operator":"||||"}}