{"1688":{"count":"\u2705 1000  \u0639\u062f\u062f","amount":"14.33","operator":""},"1xbet":{"count":"\u2705 1000  \u0639\u062f\u062f","amount":"21.5","operator":""},"23red":{"count":"\u274c","operator":"virtual18","amount":"\u2757\ufe0f"},"ace2three":{"count":"\u274c","operator":"","amount":"\u2757\ufe0f"},"adidas":{"count":"\u2705 5  \u0639\u062f\u062f","operator":"","amount":"6"},"airbnb":{"count":"\u2705 1000  \u0639\u062f\u062f","amount":"18.75","operator":""},"airtel":{"count":"\u2705 5  \u0639\u062f\u062f","operator":"virtual23","amount":"8"},"akelni":{"count":"\u274c","operator":"virtual18","amount":"\u2757\ufe0f"},"alibaba":{"count":"\u2705 1  \u0639\u062f\u062f","operator":"","amount":"17"},"aliexpress":{"count":"\u2705 5  \u0639\u062f\u062f","operator":"virtual4","amount":"1.9"},"alipay":{"count":"\u2705 3  \u0639\u062f\u062f","operator":"virtual23","amount":"6"},"amasia":{"count":"\u2705 5  \u0639\u062f\u062f","operator":"virtual23","amount":"9"},"amazon":{"count":"\u2705 1  \u0639\u062f\u062f","amount":"11","operator":""},"aol":{"count":"\u2705 1  \u0639\u062f\u062f","amount":"4","operator":""},"avito":{"count":"\u2705 5  \u0639\u062f\u062f","operator":"virtual18","amount":"7"},"azino":{"count":"\u274c","operator":"virtual21","amount":"\u2757\ufe0f"},"b4ucabs":{"count":"\u274c","operator":"virtual23","amount":"\u2757\ufe0f"},"bigcash":{"count":"\u274c","operator":"virtual4","amount":"\u2757\ufe0f"},"bigolive":{"count":"\u2705 5  \u0639\u062f\u062f","operator":"","amount":"10"},"bitclout":{"count":"\u274c","operator":"","amount":"\u2757\ufe0f"},"bittube":{"count":"\u274c","operator":"","amount":"\u2757\ufe0f"},"blablacar":{"count":"\u2705 5  \u0639\u062f\u062f","amount":"9","operator":""},"blizzard":{"count":"\u2705 1000  \u0639\u062f\u062f","amount":"13.87","operator":""},"blockchain":{"count":"\u274c","operator":"virtual23","amount":"\u2757\ufe0f"},"burgerking":{"count":"\u2705 4  \u0639\u062f\u062f","operator":"virtual4","amount":"7"},"careem":{"count":"\u2705 3  \u0639\u062f\u062f","amount":"12","operator":""},"cdkeys":{"count":"\u2705 5  \u0639\u062f\u062f","operator":"virtual4","amount":"5"},"cekkazan":{"count":"\u274c","operator":"","amount":"\u2757\ufe0f"},"citymobil":{"count":"\u2705 5  \u0639\u062f\u062f","operator":"","amount":"6"},"clickentregas":{"count":"\u274c","operator":"","amount":"\u2757\ufe0f"},"coinbase":{"count":"\u2705 2  \u0639\u062f\u062f","amount":"24","operator":""},"craigslist":{"count":"\u2705 3  \u0639\u062f\u062f","amount":"20","operator":""},"deliveroo":{"count":"\u2705 1  \u0639\u062f\u062f","operator":"virtual18","amount":"6"},"delivery":{"count":"\u2705 5  \u0639\u062f\u062f","operator":"virtual23","amount":"9"},"dent":{"count":"\u2705 5  \u0639\u062f\u062f","amount":"7","operator":""},"didi":{"count":"\u2705 5  \u0639\u062f\u062f","operator":"virtual4","amount":"9"},"discord":{"count":"\u2705 3  \u0639\u062f\u062f","amount":"7","operator":""},"dixy":{"count":"\u274c","operator":"virtual4","amount":"\u2757\ufe0f"},"dodopizza":{"count":"\u2705 5  \u0639\u062f\u062f","operator":"virtual4","amount":"7"},"domdara":{"count":"\u274c","operator":"","amount":"\u2757\ufe0f"},"dostavista":{"count":"\u2705 5  \u0639\u062f\u062f","operator":"","amount":"8"},"douyu":{"count":"\u2705 1000  \u0639\u062f\u062f","amount":"28.3","operator":""},"drom":{"count":"\u2705 5  \u0639\u062f\u062f","operator":"virtual23","amount":"6"},"drugvokrug":{"count":"\u2705 5  \u0639\u062f\u062f","operator":"virtual23","amount":"9"},"dukascopy":{"count":"\u274c","operator":"","amount":"\u2757\ufe0f"},"ebay":{"count":"\u2705 1  \u0639\u062f\u062f","amount":"5","operator":""},"edgeless":{"count":"\u274c","operator":"virtual21","amount":"\u2757\ufe0f"},"electroneum":{"count":"\u274c","operator":"virtual4","amount":"\u2757\ufe0f"},"ezway":{"count":"\u274c","operator":"","amount":"\u2757\ufe0f"},"facebook":{"count":"\u2705 3555  \u0639\u062f\u062f","amount":"10.5","operator":""},"fiverr":{"count":"\u274c","operator":"virtual23","amount":"\u2757\ufe0f"},"flipkart":{"count":"\u274c","operator":"virtual4","amount":"\u2757\ufe0f"},"foodpanda":{"count":"\u2705 2  \u0639\u062f\u062f","amount":"10","operator":""},"foody":{"count":"\u2705 5  \u0639\u062f\u062f","operator":"virtual18","amount":"6"},"forwarding":{"count":"\u274c","operator":"virtual23","amount":"\u2757\ufe0f"},"galaxy":{"count":"\u274c","operator":"","amount":"\u2757\ufe0f"},"gameflip":{"count":"\u274c","operator":"","amount":"\u2757\ufe0f"},"gcash":{"count":"\u274c","operator":"","amount":"\u2757\ufe0f"},"get":{"count":"\u274c","operator":"","amount":"\u2757\ufe0f"},"getir":{"count":"\u2705 5  \u0639\u062f\u062f","operator":"","amount":"6"},"gett":{"count":"\u2705 4  \u0639\u062f\u062f","operator":"","amount":"6"},"globus":{"count":"\u2705 5  \u0639\u062f\u062f","operator":"","amount":"7"},"glovo":{"count":"\u274c","operator":"","amount":"\u2757\ufe0f"},"google":{"count":"\u2705 1000  \u0639\u062f\u062f","amount":"7.88","operator":""},"grabtaxi":{"count":"\u2705 4  \u0639\u062f\u062f","operator":"virtual23","amount":"6"},"green":{"count":"\u274c","operator":"virtual4","amount":"\u2757\ufe0f"},"grindr":{"count":"\u2705 2  \u0639\u062f\u062f","operator":"","amount":"8"},"haraj":{"count":"\u2705 5  \u0639\u062f\u062f","amount":"36","operator":"virtual4"},"hezzl":{"count":"\u2705 3  \u0639\u062f\u062f","operator":"","amount":"7"},"hopi":{"count":"\u2705 5  \u0639\u062f\u062f","operator":"","amount":"6"},"hqtrivia":{"count":"\u2705 5  \u0639\u062f\u062f","amount":"12","operator":""},"icard":{"count":"\u274c","operator":"","amount":"\u2757\ufe0f"},"icq":{"count":"\u2705 4  \u0639\u062f\u062f","amount":"5","operator":""},"imo":{"count":"\u2705 2  \u0639\u062f\u062f","amount":"7","operator":""},"ininal":{"count":"\u2705 5  \u0639\u062f\u062f","operator":"virtual23","amount":"7"},"instagram":{"count":"\u2705 1000  \u0639\u062f\u062f","amount":"10","operator":""},"iost":{"count":"\u274c","amount":"\u2757\ufe0f","operator":"virtual18"},"jd":{"count":"\u2705 1000  \u0639\u062f\u062f","amount":"13","operator":""},"justdating":{"count":"\u2705 5  \u0639\u062f\u062f","operator":"virtual23","amount":"10"},"kakaotalk":{"count":"\u2705 1000  \u0639\u062f\u062f","amount":"17.5","operator":""},"keybase":{"count":"\u2705 2  \u0639\u062f\u062f","amount":"14","operator":""},"komandacard":{"count":"\u274c","operator":"virtual4","amount":"\u2757\ufe0f"},"kotak811":{"count":"\u2705 5  \u0639\u062f\u062f","operator":"virtual4","amount":"9"},"kufarby":{"count":"\u2705 5  \u0639\u062f\u062f","operator":"virtual18","amount":"9"},"kwai":{"count":"\u274c","operator":"virtual4","amount":"\u2757\ufe0f"},"lazada":{"count":"\u274c","operator":"virtual4","amount":"\u2757\ufe0f"},"lbry":{"count":"\u274c","operator":"","amount":"\u2757\ufe0f"},"lenta":{"count":"\u2705 5  \u0639\u062f\u062f","operator":"","amount":"7"},"lianxin":{"count":"\u274c","operator":"","amount":"\u2757\ufe0f"},"line":{"count":"\u2705 1000  \u0639\u062f\u062f","amount":"18.75","operator":""},"linkedin":{"count":"\u274c","operator":"virtual18","amount":"\u2757\ufe0f"},"livescore":{"count":"\u2705 5  \u0639\u062f\u062f","amount":"14","operator":"virtual21"},"magnit":{"count":"\u2705 5  \u0639\u062f\u062f","operator":"virtual4","amount":"9"},"magnolia":{"count":"\u2705 5  \u0639\u062f\u062f","operator":"virtual4","amount":"8"},"mailru":{"count":"\u2705 5  \u0639\u062f\u062f","amount":"3","operator":"virtual4"},"mamba":{"count":"\u2705 5  \u0639\u062f\u062f","operator":"","amount":"5"},"mcdonalds":{"count":"\u2705 4  \u0639\u062f\u062f","operator":"","amount":"5"},"meetme":{"count":"\u274c","operator":"","amount":"\u2757\ufe0f"},"mega":{"count":"\u2705 5  \u0639\u062f\u062f","operator":"","amount":"8"},"mercado":{"count":"\u2705 5  \u0639\u062f\u062f","operator":"","amount":"9"},"michat":{"count":"\u2705 1  \u0639\u062f\u062f","amount":"17","operator":""},"microsoft":{"count":"\u2705 72772  \u0639\u062f\u062f","amount":"10.5","operator":""},"miratorg":{"count":"\u2705 5  \u0639\u062f\u062f","operator":"virtual4","amount":"6"},"mtscashback":{"count":"\u2705 5  \u0639\u062f\u062f","operator":"virtual21","amount":"18"},"nana":{"count":"\u274c","operator":"virtual4","amount":"\u2757\ufe0f"},"naver":{"count":"\u2705 1000  \u0639\u062f\u062f","amount":"13.83","operator":""},"netflix":{"count":"\u2705 2  \u0639\u062f\u062f","operator":"virtual18","amount":"13"},"nhseven":{"count":"\u2705 5  \u0639\u062f\u062f","operator":"virtual23","amount":"8"},"nifty":{"count":"\u274c","operator":"virtual4","amount":"\u2757\ufe0f"},"nike":{"count":"\u2705 2  \u0639\u062f\u062f","amount":"9","operator":""},"nimses":{"count":"\u274c","operator":"virtual23","amount":"\u2757\ufe0f"},"nttgame":{"count":"\u2705 1000  \u0639\u062f\u062f","operator":"virtual21","amount":"15"},"odnoklassniki":{"count":"\u2705 5  \u0639\u062f\u062f","operator":"virtual18","amount":"10"},"offerup":{"count":"\u2705 1212  \u0639\u062f\u062f","amount":"19.75","operator":"lycamobile"},"okcupid":{"count":"\u274c","operator":"virtual4","amount":"\u2757\ufe0f"},"okey":{"count":"\u274c","operator":"virtual4","amount":"\u2757\ufe0f"},"olx":{"count":"\u2705 2  \u0639\u062f\u062f","amount":"11","operator":""},"openpoint":{"count":"\u274c","operator":"virtual4","amount":"\u2757\ufe0f"},"oraclecloud":{"count":"\u274c","operator":"virtual23","amount":"\u2757\ufe0f"},"other":{"count":"\u2705 5  \u0639\u062f\u062f","operator":"virtual4","amount":"23"},"ozon":{"count":"\u2705 3  \u0639\u062f\u062f","amount":"7","operator":"virtual4"},"pairs":{"count":"\u2705 5  \u0639\u062f\u062f","operator":"","amount":"10"},"papara":{"count":"\u2705 4  \u0639\u062f\u062f","amount":"26","operator":""},"paycell":{"count":"\u2705 3  \u0639\u062f\u062f","amount":"18","operator":""},"paymaya":{"count":"\u274c","operator":"virtual4","amount":"\u2757\ufe0f"},"paypal":{"count":"\u2705 3  \u0639\u062f\u062f","amount":"28","operator":""},"paysend":{"count":"\u2705 5  \u0639\u062f\u062f","operator":"virtual4","amount":"6"},"peoplecom":{"count":"\u274c","operator":"virtual18","amount":"\u2757\ufe0f"},"perekrestok":{"count":"\u2705 5  \u0639\u062f\u062f","operator":"","amount":"6"},"pof":{"count":"\u2705 3  \u0639\u062f\u062f","amount":"9","operator":""},"pokec":{"count":"\u274c","operator":"virtual23","amount":"\u2757\ufe0f"},"pokermaster":{"count":"\u274c","operator":"","amount":"\u2757\ufe0f"},"potato":{"count":"\u2705 5  \u0639\u062f\u062f","operator":"","amount":"6"},"proton":{"count":"\u274c","operator":"","amount":"\u2757\ufe0f"},"protp":{"count":"\u2705 5  \u0639\u062f\u062f","operator":"","amount":"7"},"pubg":{"count":"\u274c","operator":"","amount":"\u2757\ufe0f"},"pyaterochka":{"count":"\u2705 5  \u0639\u062f\u062f","operator":"","amount":"7"},"qiwiwallet":{"count":"\u2705 5  \u0639\u062f\u062f","operator":"","amount":"7"},"quioo":{"count":"\u274c","operator":"","amount":"\u2757\ufe0f"},"quipp":{"count":"\u2705 5  \u0639\u062f\u062f","operator":"","amount":"8"},"reuse":{"count":"\u274c","operator":"","amount":"\u2757\ufe0f"},"ripkord":{"count":"\u274c","operator":"","amount":"\u2757\ufe0f"},"samokat":{"count":"\u2705 5  \u0639\u062f\u062f","operator":"","amount":"6"},"seosprint":{"count":"\u2705 5  \u0639\u062f\u062f","operator":"","amount":"6"},"sheerid":{"count":"\u2705 5  \u0639\u062f\u062f","operator":"","amount":"6"},"shopee":{"count":"\u2705 19944  \u0639\u062f\u062f","amount":"22.38","operator":"virtual21"},"signal":{"count":"\u274c","operator":"virtual4","amount":"\u2757\ufe0f"},"sikayetvar":{"count":"\u2705 5  \u0639\u062f\u062f","operator":"virtual23","amount":"9"},"skout":{"count":"\u2705 2  \u0639\u062f\u062f","amount":"8","operator":""},"snapchat":{"count":"\u2705 2  \u0639\u062f\u062f","operator":"virtual21","amount":"19"},"steam":{"count":"\u2705 3  \u0639\u062f\u062f","amount":"5","operator":""},"swvl":{"count":"\u2705 5  \u0639\u062f\u062f","operator":"virtual18","amount":"8"},"taksheel":{"count":"\u274c","amount":"39.38","operator":"virtual4"},"tango":{"count":"\u2705 5  \u0639\u062f\u062f","operator":"virtual18","amount":"6"},"tantan":{"count":"\u274c","operator":"virtual4","amount":"\u2757\ufe0f"},"taobao":{"count":"\u2705 1000  \u0639\u062f\u062f","amount":"13.75","operator":""},"telegram":{"count":"\u2705 1000  \u0639\u062f\u062f","amount":"13.86","operator":"virtual23|virtual4|virtual18||"},"tencentqq":{"count":"\u2705 3  \u0639\u062f\u062f","amount":"6","operator":""},"tiktok":{"count":"\u2705 1000  \u0639\u062f\u062f","amount":"13","operator":""},"tinder":{"count":"\u2705 1000  \u0639\u062f\u062f","amount":"12.5","operator":""},"tosla":{"count":"\u2705 5  \u0639\u062f\u062f","operator":"virtual18","amount":"8"},"totalcoin":{"count":"\u274c","operator":"virtual23","amount":"\u2757\ufe0f"},"touchance":{"count":"\u2705 5  \u0639\u062f\u062f","operator":"virtual4","amount":"9"},"trendyol":{"count":"\u2705 5  \u0639\u062f\u062f","operator":"virtual23","amount":"6"},"truecaller":{"count":"\u2705 5  \u0639\u062f\u062f","amount":"16","operator":""},"twitter":{"count":"\u2705 4574  \u0639\u062f\u062f","amount":"13.13","operator":""},"uber":{"count":"\u2705 3  \u0639\u062f\u062f","amount":"6","operator":""},"uploaded":{"count":"\u274c","operator":"virtual23","amount":"\u2757\ufe0f"},"vernyi":{"count":"\u274c","operator":"virtual23","amount":"\u2757\ufe0f"},"viber":{"count":"\u274c","operator":"virtual21","amount":"\u2757\ufe0f"},"vkontakte":{"count":"\u2705 5  \u0639\u062f\u062f","operator":"","amount":"9"},"voopee":{"count":"\u274c","operator":"virtual4","amount":"\u2757\ufe0f"},"wechat":{"count":"\u274c","operator":"virtual23","amount":"\u2757\ufe0f"},"weibo":{"count":"\u2705 5  \u0639\u062f\u062f","amount":"14","operator":""},"weku":{"count":"\u274c","operator":"virtual4","amount":"\u2757\ufe0f"},"whatsapp":{"count":"\u274c","operator":"virtual23","amount":"\u2757\ufe0f"},"winston":{"count":"\u274c","operator":"virtual23","amount":"\u2757\ufe0f"},"wish":{"count":"\u2705 1  \u0639\u062f\u062f","operator":"virtual4","amount":"6"},"yahoo":{"count":"\u2705 1  \u0639\u062f\u062f","amount":"5","operator":""},"yalla":{"count":"\u2705 2  \u0639\u062f\u062f","operator":"virtual21","amount":"17"},"yandex":{"count":"\u2705 1  \u0639\u062f\u062f","amount":"12","operator":""},"yemeksepeti":{"count":"\u2705 5  \u0639\u062f\u062f","operator":"virtual4","amount":"8"},"youdo":{"count":"\u274c","operator":"virtual4","amount":"\u2757\ufe0f"},"youla":{"count":"\u2705 5  \u0639\u062f\u062f","operator":"virtual4","amount":"5"},"zalo":{"count":"\u2705 5  \u0639\u062f\u062f","operator":"virtual4","amount":"7"},"zoho":{"count":"\u2705 3  \u0639\u062f\u062f","amount":"14","operator":""},"digikala":{"count":"\u2705 5  \u0639\u062f\u062f","operator":"virtual4","amount":"6"},"divar":{"count":"\u2705 5  \u0639\u062f\u062f","operator":"virtual4","amount":"9"},"hamrahaval":{"count":"\u2705 5  \u0639\u062f\u062f","operator":"virtual23","amount":"7"},"irancell":{"count":"\u2705 5  \u0639\u062f\u062f","operator":"virtual4","amount":"10"},"zomato":{"count":"\u2705 1000  \u0639\u062f\u062f","amount":"12.5","operator":""},"":{"operator":"||||"}}