{"1688":{"count":"\u2705 1000  \u0639\u062f\u062f","amount":"14.44","operator":""},"1xbet":{"count":"\u2705 1000  \u0639\u062f\u062f","amount":"21.78","operator":""},"23red":{"count":"\u274c","operator":"virtual18","amount":"\u2757\ufe0f"},"ace2three":{"count":"\u274c","operator":"","amount":"\u2757\ufe0f"},"adidas":{"count":"\u2705 11  \u0639\u062f\u062f","operator":"","amount":"6"},"airbnb":{"count":"\u2705 11  \u0639\u062f\u062f","amount":"19","operator":""},"airtel":{"count":"\u2705 11  \u0639\u062f\u062f","operator":"virtual18","amount":"7"},"akelni":{"count":"\u274c","operator":"virtual23","amount":"\u2757\ufe0f"},"alibaba":{"count":"\u2705 10  \u0639\u062f\u062f","amount":"15","operator":""},"aliexpress":{"count":"\u2705 11  \u0639\u062f\u062f","operator":"","amount":"1.9"},"alipay":{"count":"\u2705 11  \u0639\u062f\u062f","amount":"21","operator":"virtual4"},"amasia":{"count":"\u2705 11  \u0639\u062f\u062f","operator":"","amount":"10"},"amazon":{"count":"\u2705 10  \u0639\u062f\u062f","amount":"12","operator":""},"aol":{"count":"\u274c","amount":"\u2757\ufe0f","operator":"virtual4"},"avito":{"count":"\u2705 11  \u0639\u062f\u062f","operator":"virtual23","amount":"7"},"azino":{"count":"\u274c","operator":"virtual23","amount":"\u2757\ufe0f"},"b4ucabs":{"count":"\u274c","operator":"virtual23","amount":"\u2757\ufe0f"},"bigcash":{"count":"\u274c","operator":"virtual4","amount":"\u2757\ufe0f"},"bigolive":{"count":"\u2705 11  \u0639\u062f\u062f","operator":"","amount":"7"},"bitclout":{"count":"\u274c","operator":"","amount":"\u2757\ufe0f"},"bittube":{"count":"\u274c","operator":"","amount":"\u2757\ufe0f"},"blablacar":{"count":"\u2705 9  \u0639\u062f\u062f","operator":"","amount":"7"},"blizzard":{"count":"\u2705 11  \u0639\u062f\u062f","amount":"12","operator":""},"blockchain":{"count":"\u274c","operator":"virtual23","amount":"\u2757\ufe0f"},"burgerking":{"count":"\u2705 11  \u0639\u062f\u062f","operator":"","amount":"9"},"careem":{"count":"\u274c","operator":"virtual4","amount":"30"},"cdkeys":{"count":"\u2705 11  \u0639\u062f\u062f","operator":"","amount":"6"},"cekkazan":{"count":"\u274c","operator":"","amount":"\u2757\ufe0f"},"citymobil":{"count":"\u2705 11  \u0639\u062f\u062f","operator":"","amount":"7"},"clickentregas":{"count":"\u274c","operator":"","amount":"\u2757\ufe0f"},"coinbase":{"count":"\u2705 11  \u0639\u062f\u062f","amount":"20","operator":""},"craigslist":{"count":"\u2705 11  \u0639\u062f\u062f","amount":"21","operator":""},"deliveroo":{"count":"\u2705 10  \u0639\u062f\u062f","operator":"virtual23","amount":"9"},"delivery":{"count":"\u2705 11  \u0639\u062f\u062f","operator":"virtual4","amount":"5"},"dent":{"count":"\u274c","amount":"17","operator":"virtual4"},"didi":{"count":"\u2705 9  \u0639\u062f\u062f","operator":"","amount":"8"},"discord":{"count":"\u2705 10  \u0639\u062f\u062f","amount":"12","operator":"virtual4"},"dixy":{"count":"\u274c","operator":"virtual4","amount":"\u2757\ufe0f"},"dodopizza":{"count":"\u2705 11  \u0639\u062f\u062f","operator":"","amount":"7"},"domdara":{"count":"\u274c","operator":"","amount":"\u2757\ufe0f"},"dostavista":{"count":"\u2705 11  \u0639\u062f\u062f","operator":"","amount":"10"},"douyu":{"count":"\u2705 1000  \u0639\u062f\u062f","amount":"28.3","operator":""},"drom":{"count":"\u2705 11  \u0639\u062f\u062f","operator":"virtual23","amount":"9"},"drugvokrug":{"count":"\u2705 11  \u0639\u062f\u062f","operator":"","amount":"9"},"dukascopy":{"count":"\u274c","operator":"","amount":"\u2757\ufe0f"},"ebay":{"count":"\u2705 7  \u0639\u062f\u062f","amount":"14","operator":""},"edgeless":{"count":"\u274c","operator":"virtual21","amount":"\u2757\ufe0f"},"electroneum":{"count":"\u274c","operator":"virtual4","amount":"\u2757\ufe0f"},"ezway":{"count":"\u274c","operator":"","amount":"\u2757\ufe0f"},"facebook":{"count":"\u2705 1000  \u0639\u062f\u062f","amount":"17.5","operator":"virtual4"},"fiverr":{"count":"\u274c","operator":"virtual23","amount":"\u2757\ufe0f"},"flipkart":{"count":"\u274c","operator":"virtual4","amount":"\u2757\ufe0f"},"foodpanda":{"count":"\u2705 11  \u0639\u062f\u062f","amount":"10","operator":""},"foody":{"count":"\u2705 11  \u0639\u062f\u062f","operator":"virtual23","amount":"8"},"forwarding":{"count":"\u274c","operator":"virtual23","amount":"\u2757\ufe0f"},"galaxy":{"count":"\u274c","operator":"","amount":"\u2757\ufe0f"},"gameflip":{"count":"\u274c","operator":"","amount":"\u2757\ufe0f"},"gcash":{"count":"\u274c","operator":"","amount":"\u2757\ufe0f"},"get":{"count":"\u274c","operator":"","amount":"\u2757\ufe0f"},"getir":{"count":"\u2705 11  \u0639\u062f\u062f","operator":"","amount":"9"},"gett":{"count":"\u2705 11  \u0639\u062f\u062f","operator":"","amount":"5"},"globus":{"count":"\u2705 11  \u0639\u062f\u062f","operator":"","amount":"7"},"glovo":{"count":"\u274c","operator":"","amount":"\u2757\ufe0f"},"google":{"count":"\u2705 1000  \u0639\u062f\u062f","amount":"21.25","operator":""},"grabtaxi":{"count":"\u2705 11  \u0639\u062f\u062f","operator":"virtual23","amount":"7"},"green":{"count":"\u274c","operator":"virtual23","amount":"\u2757\ufe0f"},"grindr":{"count":"\u2705 11  \u0639\u062f\u062f","operator":"","amount":"5"},"haraj":{"count":"\u2705 11  \u0639\u062f\u062f","amount":"36","operator":""},"hezzl":{"count":"\u2705 11  \u0639\u062f\u062f","operator":"","amount":"6"},"hopi":{"count":"\u2705 11  \u0639\u062f\u062f","operator":"","amount":"7"},"hqtrivia":{"count":"\u274c","amount":"17","operator":"virtual4"},"icard":{"count":"\u274c","operator":"","amount":"\u2757\ufe0f"},"icq":{"count":"\u2705 11  \u0639\u062f\u062f","operator":"","amount":"7"},"imo":{"count":"\u2705 6  \u0639\u062f\u062f","operator":"virtual21","amount":"16"},"ininal":{"count":"\u2705 11  \u0639\u062f\u062f","operator":"","amount":"5"},"instagram":{"count":"\u2705 1000  \u0639\u062f\u062f","amount":"17.5","operator":"virtual21"},"iost":{"count":"\u274c","operator":"virtual18","amount":"\u2757\ufe0f"},"jd":{"count":"\u2705 6  \u0639\u062f\u062f","amount":"11","operator":""},"justdating":{"count":"\u2705 11  \u0639\u062f\u062f","operator":"virtual23","amount":"7"},"kakaotalk":{"count":"\u2705 1000  \u0639\u062f\u062f","amount":"25","operator":"virtual4"},"keybase":{"count":"\u2705 11  \u0639\u062f\u062f","operator":"virtual23","amount":"20"},"komandacard":{"count":"\u274c","operator":"virtual4","amount":"\u2757\ufe0f"},"kotak811":{"count":"\u2705 11  \u0639\u062f\u062f","operator":"virtual4","amount":"6"},"kufarby":{"count":"\u2705 11  \u0639\u062f\u062f","operator":"virtual4","amount":"7"},"kwai":{"count":"\u274c","operator":"virtual4","amount":"\u2757\ufe0f"},"lazada":{"count":"\u274c","operator":"virtual4","amount":"\u2757\ufe0f"},"lbry":{"count":"\u274c","operator":"","amount":"\u2757\ufe0f"},"lenta":{"count":"\u2705 11  \u0639\u062f\u062f","operator":"","amount":"7"},"lianxin":{"count":"\u274c","operator":"","amount":"\u2757\ufe0f"},"line":{"count":"\u2705 3  \u0639\u062f\u062f","amount":"12","operator":""},"linkedin":{"count":"\u274c","operator":"virtual18","amount":"\u2757\ufe0f"},"livescore":{"count":"\u2705 11  \u0639\u062f\u062f","operator":"virtual4","amount":"6"},"magnit":{"count":"\u2705 11  \u0639\u062f\u062f","operator":"virtual4","amount":"6"},"magnolia":{"count":"\u2705 11  \u0639\u062f\u062f","operator":"","amount":"7"},"mailru":{"count":"\u2705 11  \u0639\u062f\u062f","operator":"","amount":"5"},"mamba":{"count":"\u2705 11  \u0639\u062f\u062f","operator":"","amount":"10"},"mcdonalds":{"count":"\u2705 11  \u0639\u062f\u062f","operator":"","amount":"10"},"meetme":{"count":"\u274c","operator":"","amount":"\u2757\ufe0f"},"mega":{"count":"\u2705 11  \u0639\u062f\u062f","operator":"","amount":"10"},"mercado":{"count":"\u2705 11  \u0639\u062f\u062f","operator":"","amount":"8"},"michat":{"count":"\u2705 11  \u0639\u062f\u062f","amount":"17","operator":""},"microsoft":{"count":"\u274c","amount":"10","operator":"virtual4"},"miratorg":{"count":"\u2705 11  \u0639\u062f\u062f","operator":"virtual23","amount":"7"},"mtscashback":{"count":"\u2705 11  \u0639\u062f\u062f","operator":"virtual23","amount":"18"},"nana":{"count":"\u274c","operator":"virtual4","amount":"\u2757\ufe0f"},"naver":{"count":"\u2705 1000  \u0639\u062f\u062f","amount":"14","operator":""},"netflix":{"count":"\u2705 11  \u0639\u062f\u062f","amount":"13","operator":""},"nhseven":{"count":"\u2705 11  \u0639\u062f\u062f","operator":"virtual23","amount":"5"},"nifty":{"count":"\u274c","operator":"virtual4","amount":"\u2757\ufe0f"},"nike":{"count":"\u2705 11  \u0639\u062f\u062f","amount":"11","operator":""},"nimses":{"count":"\u274c","operator":"virtual23","amount":"\u2757\ufe0f"},"nttgame":{"count":"\u2705 11  \u0639\u062f\u062f","amount":"10","operator":""},"odnoklassniki":{"count":"\u2705 11  \u0639\u062f\u062f","operator":"virtual4","amount":"8"},"offerup":{"count":"\u274c","amount":"\u2757\ufe0f","operator":"virtual4"},"okcupid":{"count":"\u274c","operator":"virtual4","amount":"\u2757\ufe0f"},"okey":{"count":"\u274c","operator":"virtual4","amount":"\u2757\ufe0f"},"olx":{"count":"\u274c","amount":"\u2757\ufe0f","operator":"virtual4"},"openpoint":{"count":"\u274c","operator":"virtual4","amount":"\u2757\ufe0f"},"oraclecloud":{"count":"\u274c","operator":"virtual23","amount":"\u2757\ufe0f"},"other":{"count":"\u2705 11  \u0639\u062f\u062f","operator":"virtual4","amount":"5"},"ozon":{"count":"\u2705 11  \u0639\u062f\u062f","operator":"","amount":"7"},"pairs":{"count":"\u2705 11  \u0639\u062f\u062f","operator":"","amount":"8"},"papara":{"count":"\u2705 11  \u0639\u062f\u062f","amount":"20","operator":""},"paycell":{"count":"\u274c","amount":"\u2757\ufe0f","operator":"virtual4"},"paymaya":{"count":"\u274c","operator":"virtual21","amount":"\u2757\ufe0f"},"paypal":{"count":"\u2705 8  \u0639\u062f\u062f","amount":"28","operator":""},"paysend":{"count":"\u2705 11  \u0639\u062f\u062f","operator":"virtual23","amount":"8"},"peoplecom":{"count":"\u274c","operator":"virtual18","amount":"\u2757\ufe0f"},"perekrestok":{"count":"\u2705 11  \u0639\u062f\u062f","operator":"","amount":"6"},"pof":{"count":"\u2705 11  \u0639\u062f\u062f","amount":"11","operator":""},"pokec":{"count":"\u274c","operator":"virtual23","amount":"\u2757\ufe0f"},"pokermaster":{"count":"\u274c","operator":"","amount":"\u2757\ufe0f"},"potato":{"count":"\u2705 11  \u0639\u062f\u062f","operator":"","amount":"6"},"proton":{"count":"\u274c","operator":"","amount":"\u2757\ufe0f"},"protp":{"count":"\u2705 11  \u0639\u062f\u062f","operator":"","amount":"9"},"pubg":{"count":"\u274c","operator":"","amount":"\u2757\ufe0f"},"pyaterochka":{"count":"\u2705 11  \u0639\u062f\u062f","operator":"","amount":"7"},"qiwiwallet":{"count":"\u2705 11  \u0639\u062f\u062f","operator":"","amount":"6"},"quioo":{"count":"\u274c","operator":"","amount":"\u2757\ufe0f"},"quipp":{"count":"\u2705 11  \u0639\u062f\u062f","operator":"","amount":"5"},"reuse":{"count":"\u274c","operator":"","amount":"\u2757\ufe0f"},"ripkord":{"count":"\u274c","operator":"","amount":"\u2757\ufe0f"},"samokat":{"count":"\u2705 11  \u0639\u062f\u062f","operator":"","amount":"9"},"seosprint":{"count":"\u2705 11  \u0639\u062f\u062f","operator":"","amount":"7"},"sheerid":{"count":"\u2705 11  \u0639\u062f\u062f","operator":"","amount":"8"},"shopee":{"count":"\u2705 11  \u0639\u062f\u062f","amount":"17","operator":""},"signal":{"count":"\u274c","operator":"virtual4","amount":"\u2757\ufe0f"},"sikayetvar":{"count":"\u2705 11  \u0639\u062f\u062f","operator":"virtual23","amount":"6"},"skout":{"count":"\u2705 11  \u0639\u062f\u062f","amount":"12","operator":"virtual4"},"snapchat":{"count":"\u2705 11  \u0639\u062f\u062f","operator":"","amount":"19"},"steam":{"count":"\u2705 11  \u0639\u062f\u062f","amount":"11","operator":""},"swvl":{"count":"\u2705 11  \u0639\u062f\u062f","operator":"","amount":"6"},"taksheel":{"count":"\u274c","operator":"virtual4","amount":"\u2757\ufe0f"},"tango":{"count":"\u2705 11  \u0639\u062f\u062f","operator":"","amount":"6"},"tantan":{"count":"\u274c","operator":"virtual4","amount":"\u2757\ufe0f"},"taobao":{"count":"\u2705 1000  \u0639\u062f\u062f","amount":"15.49","operator":""},"telegram":{"count":"\u2705 1000  \u0639\u062f\u062f","amount":"17.5","operator":"virtual18|virtual23|||"},"tencentqq":{"count":"\u274c","operator":"virtual18","amount":"\u2757\ufe0f"},"tiktok":{"count":"\u2705 7  \u0639\u062f\u062f","amount":"12","operator":""},"tinder":{"count":"\u2705 1000  \u0639\u062f\u062f","operator":"","amount":"12"},"tosla":{"count":"\u2705 11  \u0639\u062f\u062f","operator":"virtual23","amount":"5"},"totalcoin":{"count":"\u274c","operator":"virtual23","amount":"\u2757\ufe0f"},"touchance":{"count":"\u2705 11  \u0639\u062f\u062f","operator":"virtual4","amount":"8"},"trendyol":{"count":"\u2705 11  \u0639\u062f\u062f","operator":"","amount":"6"},"truecaller":{"count":"\u2705 11  \u0639\u062f\u062f","amount":"16","operator":""},"twitter":{"count":"\u2705 11  \u0639\u062f\u062f","amount":"11","operator":""},"uber":{"count":"\u2705 11  \u0639\u062f\u062f","amount":"12","operator":""},"uploaded":{"count":"\u274c","operator":"virtual23","amount":"\u2757\ufe0f"},"vernyi":{"count":"\u274c","operator":"virtual23","amount":"\u2757\ufe0f"},"viber":{"count":"\u2705 1000  \u0639\u062f\u062f","amount":"11.5","operator":"virtual4"},"vkontakte":{"count":"\u2705 11  \u0639\u062f\u062f","amount":"9","operator":""},"voopee":{"count":"\u274c","operator":"virtual4","amount":"\u2757\ufe0f"},"wechat":{"count":"\u274c","operator":"virtual23","amount":"\u2757\ufe0f"},"weibo":{"count":"\u2705 11  \u0639\u062f\u062f","amount":"14","operator":"virtual4"},"weku":{"count":"\u274c","operator":"virtual4","amount":"\u2757\ufe0f"},"whatsapp":{"count":"\u2705 1000  \u0639\u062f\u062f","amount":"11.79","operator":"virtual18|virtual23|||"},"winston":{"count":"\u274c","operator":"virtual23","amount":"\u2757\ufe0f"},"wish":{"count":"\u2705 11  \u0639\u062f\u062f","operator":"virtual4","amount":"9"},"yahoo":{"count":"\u2705 11  \u0639\u062f\u062f","amount":"12","operator":""},"yalla":{"count":"\u2705 9  \u0639\u062f\u062f","operator":"virtual4","amount":"18"},"yandex":{"count":"\u2705 11  \u0639\u062f\u062f","amount":"12","operator":"virtual4"},"yemeksepeti":{"count":"\u2705 11  \u0639\u062f\u062f","operator":"virtual23","amount":"8"},"youdo":{"count":"\u274c","operator":"virtual4","amount":"\u2757\ufe0f"},"youla":{"count":"\u2705 11  \u0639\u062f\u062f","operator":"","amount":"7"},"zalo":{"count":"\u2705 11  \u0639\u062f\u062f","operator":"","amount":"5"},"zoho":{"count":"\u2705 11  \u0639\u062f\u062f","amount":"14","operator":""},"digikala":{"count":"\u2705 11  \u0639\u062f\u062f","operator":"","amount":"7"},"divar":{"count":"\u2705 11  \u0639\u062f\u062f","operator":"","amount":"9"},"hamrahaval":{"count":"\u2705 11  \u0639\u062f\u062f","operator":"","amount":"8"},"irancell":{"count":"\u2705 11  \u0639\u062f\u062f","operator":"","amount":"7"},"zomato":{"count":"\u2705 1000  \u0639\u062f\u062f","amount":"12.5","operator":""},"":{"operator":"||||"}}