{"1688":{"count":"\u2705 1000  \u0639\u062f\u062f","amount":"14.5","operator":""},"1xbet":{"count":"\u2705 1000  \u0639\u062f\u062f","amount":"23","operator":""},"23red":{"count":"\u274c","operator":"virtual18","amount":"\u2757\ufe0f"},"ace2three":{"count":"\u274c","operator":"","amount":"\u2757\ufe0f"},"adidas":{"count":"\u2705 796  \u0639\u062f\u062f","amount":"25","operator":""},"airbnb":{"count":"\u2705 796  \u0639\u062f\u062f","amount":"5","operator":""},"airtel":{"count":"\u2705 796  \u0639\u062f\u062f","amount":"8","operator":"virtual18"},"akelni":{"count":"\u274c","operator":"virtual23","amount":"\u2757\ufe0f"},"alibaba":{"count":"\u2705 1000  \u0639\u062f\u062f","amount":"16.25","operator":""},"aliexpress":{"count":"\u2705 795  \u0639\u062f\u062f","operator":"","amount":"1.9"},"alipay":{"count":"\u2705 793  \u0639\u062f\u062f","amount":"8","operator":"virtual4"},"amasia":{"count":"\u2705 796  \u0639\u062f\u062f","amount":"5","operator":""},"amazon":{"count":"\u2705 1000  \u0639\u062f\u062f","amount":"13.24","operator":""},"aol":{"count":"\u2705 796  \u0639\u062f\u062f","amount":"5","operator":""},"avito":{"count":"\u2705 796  \u0639\u062f\u062f","amount":"5","operator":"virtual23"},"azino":{"count":"\u274c","operator":"virtual23","amount":"\u2757\ufe0f"},"b4ucabs":{"count":"\u274c","operator":"virtual23","amount":"\u2757\ufe0f"},"bigcash":{"count":"\u274c","operator":"virtual4","amount":"\u2757\ufe0f"},"bigolive":{"count":"\u2705 796  \u0639\u062f\u062f","amount":"7","operator":""},"bitclout":{"count":"\u274c","operator":"","amount":"\u2757\ufe0f"},"bittube":{"count":"\u274c","operator":"","amount":"\u2757\ufe0f"},"blablacar":{"count":"\u2705 796  \u0639\u062f\u062f","amount":"5","operator":""},"blizzard":{"count":"\u2705 777  \u0639\u062f\u062f","amount":"5","operator":""},"blockchain":{"count":"\u274c","operator":"virtual23","amount":"\u2757\ufe0f"},"burgerking":{"count":"\u2705 796  \u0639\u062f\u062f","amount":"5","operator":""},"careem":{"count":"\u2705 3857  \u0639\u062f\u062f","amount":"15.75","operator":"virtual4"},"cdkeys":{"count":"\u2705 796  \u0639\u062f\u062f","amount":"7","operator":""},"cekkazan":{"count":"\u274c","operator":"","amount":"\u2757\ufe0f"},"citymobil":{"count":"\u2705 796  \u0639\u062f\u062f","amount":"9","operator":""},"clickentregas":{"count":"\u274c","operator":"","amount":"\u2757\ufe0f"},"coinbase":{"count":"\u2705 796  \u0639\u062f\u062f","amount":"22","operator":""},"craigslist":{"count":"\u2705 796  \u0639\u062f\u062f","amount":"18","operator":""},"deliveroo":{"count":"\u2705 796  \u0639\u062f\u062f","amount":"7","operator":"virtual23"},"delivery":{"count":"\u2705 796  \u0639\u062f\u062f","amount":"5","operator":"virtual4"},"dent":{"count":"\u2705 796  \u0639\u062f\u062f","amount":"5","operator":""},"didi":{"count":"\u2705 796  \u0639\u062f\u062f","amount":"7","operator":""},"discord":{"count":"\u2705 4059  \u0639\u062f\u062f","amount":"6.63","operator":""},"dixy":{"count":"\u274c","operator":"virtual4","amount":"\u2757\ufe0f"},"dodopizza":{"count":"\u2705 793  \u0639\u062f\u062f","amount":"5","operator":""},"domdara":{"count":"\u274c","operator":"","amount":"\u2757\ufe0f"},"dostavista":{"count":"\u2705 796  \u0639\u062f\u062f","amount":"8","operator":""},"douyu":{"count":"\u2705 1000  \u0639\u062f\u062f","amount":"28.3","operator":""},"drom":{"count":"\u2705 796  \u0639\u062f\u062f","amount":"5","operator":"virtual23"},"drugvokrug":{"count":"\u2705 796  \u0639\u062f\u062f","amount":"5","operator":""},"dukascopy":{"count":"\u274c","operator":"","amount":"\u2757\ufe0f"},"ebay":{"count":"\u2705 1000  \u0639\u062f\u062f","amount":"14.27","operator":""},"edgeless":{"count":"\u274c","operator":"virtual23","amount":"\u2757\ufe0f"},"electroneum":{"count":"\u274c","operator":"virtual4","amount":"\u2757\ufe0f"},"ezway":{"count":"\u274c","operator":"","amount":"\u2757\ufe0f"},"facebook":{"count":"\u2705 1000  \u0639\u062f\u062f","amount":"7.5","operator":""},"fiverr":{"count":"\u274c","operator":"virtual4","amount":"\u2757\ufe0f"},"flipkart":{"count":"\u274c","operator":"virtual4","amount":"\u2757\ufe0f"},"foodpanda":{"count":"\u2705 640  \u0639\u062f\u062f","amount":"10","operator":""},"foody":{"count":"\u2705 796  \u0639\u062f\u062f","amount":"8","operator":"virtual23"},"forwarding":{"count":"\u274c","operator":"virtual23","amount":"\u2757\ufe0f"},"galaxy":{"count":"\u274c","operator":"","amount":"\u2757\ufe0f"},"gameflip":{"count":"\u274c","operator":"","amount":"\u2757\ufe0f"},"gcash":{"count":"\u274c","operator":"","amount":"\u2757\ufe0f"},"get":{"count":"\u274c","operator":"","amount":"\u2757\ufe0f"},"getir":{"count":"\u2705 796  \u0639\u062f\u062f","amount":"7","operator":""},"gett":{"count":"\u2705 796  \u0639\u062f\u062f","amount":"5","operator":""},"globus":{"count":"\u2705 796  \u0639\u062f\u062f","amount":"8","operator":""},"glovo":{"count":"\u274c","operator":"","amount":"\u2757\ufe0f"},"google":{"count":"\u2705 1000  \u0639\u062f\u062f","amount":"15.32","operator":""},"grabtaxi":{"count":"\u2705 792  \u0639\u062f\u062f","amount":"5","operator":"virtual23"},"green":{"count":"\u274c","operator":"virtual4","amount":"\u2757\ufe0f"},"grindr":{"count":"\u2705 486  \u0639\u062f\u062f","amount":"7","operator":""},"haraj":{"count":"\u2705 796  \u0639\u062f\u062f","amount":"33","operator":""},"hezzl":{"count":"\u2705 796  \u0639\u062f\u062f","amount":"7","operator":""},"hopi":{"count":"\u2705 796  \u0639\u062f\u062f","amount":"8","operator":""},"hqtrivia":{"count":"\u2705 796  \u0639\u062f\u062f","amount":"5","operator":""},"icard":{"count":"\u274c","operator":"","amount":"\u2757\ufe0f"},"icq":{"count":"\u2705 793  \u0639\u062f\u062f","amount":"5","operator":""},"imo":{"count":"\u2705 752  \u0639\u062f\u062f","amount":"5","operator":"virtual4"},"ininal":{"count":"\u2705 796  \u0639\u062f\u062f","amount":"6","operator":""},"instagram":{"count":"\u2705 1000  \u0639\u062f\u062f","amount":"8.75","operator":""},"iost":{"count":"\u274c","operator":"virtual18","amount":"\u2757\ufe0f"},"jd":{"count":"\u2705 1  \u0639\u062f\u062f","amount":"8","operator":""},"justdating":{"count":"\u2705 796  \u0639\u062f\u062f","amount":"5","operator":"virtual23"},"kakaotalk":{"count":"\u2705 1000  \u0639\u062f\u062f","amount":"18.75","operator":""},"keybase":{"count":"\u2705 796  \u0639\u062f\u062f","amount":"13","operator":""},"komandacard":{"count":"\u274c","operator":"virtual4","amount":"\u2757\ufe0f"},"kotak811":{"count":"\u2705 796  \u0639\u062f\u062f","amount":"5","operator":"virtual23"},"kufarby":{"count":"\u2705 796  \u0639\u062f\u062f","amount":"5","operator":"virtual4"},"kwai":{"count":"\u274c","operator":"virtual23","amount":"\u2757\ufe0f"},"lazada":{"count":"\u274c","operator":"virtual4","amount":"\u2757\ufe0f"},"lbry":{"count":"\u274c","operator":"","amount":"\u2757\ufe0f"},"lenta":{"count":"\u2705 796  \u0639\u062f\u062f","amount":"7","operator":""},"lianxin":{"count":"\u274c","operator":"","amount":"\u2757\ufe0f"},"line":{"count":"\u2705 1000  \u0639\u062f\u062f","amount":"11.01","operator":""},"linkedin":{"count":"\u274c","operator":"virtual23","amount":"\u2757\ufe0f"},"livescore":{"count":"\u2705 796  \u0639\u062f\u062f","amount":"8","operator":"virtual4"},"magnit":{"count":"\u2705 796  \u0639\u062f\u062f","amount":"5","operator":"virtual4"},"magnolia":{"count":"\u2705 796  \u0639\u062f\u062f","amount":"5","operator":""},"mailru":{"count":"\u2705 793  \u0639\u062f\u062f","amount":"4","operator":""},"mamba":{"count":"\u2705 795  \u0639\u062f\u062f","amount":"5","operator":""},"mcdonalds":{"count":"\u2705 796  \u0639\u062f\u062f","amount":"5","operator":""},"meetme":{"count":"\u274c","operator":"","amount":"\u2757\ufe0f"},"mega":{"count":"\u2705 796  \u0639\u062f\u062f","amount":"7","operator":""},"mercado":{"count":"\u2705 796  \u0639\u062f\u062f","amount":"8","operator":""},"michat":{"count":"\u2705 40  \u0639\u062f\u062f","amount":"13","operator":""},"microsoft":{"count":"\u2705 512  \u0639\u062f\u062f","amount":"6","operator":""},"miratorg":{"count":"\u2705 796  \u0639\u062f\u062f","amount":"9","operator":"virtual4"},"mtscashback":{"count":"\u2705 795  \u0639\u062f\u062f","amount":"18","operator":""},"nana":{"count":"\u274c","operator":"virtual4","amount":"\u2757\ufe0f"},"naver":{"count":"\u2705 1000  \u0639\u062f\u062f","amount":"12.88","operator":""},"netflix":{"count":"\u2705 1000  \u0639\u062f\u062f","amount":"13.32","operator":""},"nhseven":{"count":"\u2705 796  \u0639\u062f\u062f","amount":"9","operator":"virtual4"},"nifty":{"count":"\u274c","operator":"virtual4","amount":"\u2757\ufe0f"},"nike":{"count":"\u2705 17  \u0639\u062f\u062f","amount":"8","operator":""},"nimses":{"count":"\u274c","operator":"virtual23","amount":"\u2757\ufe0f"},"nttgame":{"count":"\u2705 796  \u0639\u062f\u062f","amount":"5","operator":""},"odnoklassniki":{"count":"\u2705 779  \u0639\u062f\u062f","amount":"6","operator":"virtual4"},"offerup":{"count":"\u2705 796  \u0639\u062f\u062f","amount":"16","operator":""},"okcupid":{"count":"\u274c","operator":"virtual4","amount":"\u2757\ufe0f"},"okey":{"count":"\u274c","operator":"virtual4","amount":"\u2757\ufe0f"},"olx":{"count":"\u2705 796  \u0639\u062f\u062f","amount":"5","operator":""},"openpoint":{"count":"\u274c","operator":"virtual4","amount":"\u2757\ufe0f"},"oraclecloud":{"count":"\u274c","operator":"virtual21","amount":"\u2757\ufe0f"},"other":{"count":"\u2705 788  \u0639\u062f\u062f","amount":"20","operator":""},"ozon":{"count":"\u2705 796  \u0639\u062f\u062f","amount":"5","operator":""},"pairs":{"count":"\u2705 796  \u0639\u062f\u062f","amount":"5","operator":""},"papara":{"count":"\u2705 796  \u0639\u062f\u062f","amount":"13","operator":""},"paycell":{"count":"\u2705 796  \u0639\u062f\u062f","amount":"16","operator":""},"paymaya":{"count":"\u274c","operator":"virtual23","amount":"\u2757\ufe0f"},"paypal":{"count":"\u2705 5986  \u0639\u062f\u062f","amount":"32.88","operator":""},"paysend":{"count":"\u2705 796  \u0639\u062f\u062f","amount":"6","operator":"virtual23"},"peoplecom":{"count":"\u274c","operator":"virtual18","amount":"\u2757\ufe0f"},"perekrestok":{"count":"\u2705 796  \u0639\u062f\u062f","amount":"5","operator":""},"pof":{"count":"\u2705 796  \u0639\u062f\u062f","amount":"8","operator":""},"pokec":{"count":"\u274c","operator":"virtual23","amount":"\u2757\ufe0f"},"pokermaster":{"count":"\u274c","operator":"","amount":"\u2757\ufe0f"},"potato":{"count":"\u2705 796  \u0639\u062f\u062f","amount":"5","operator":""},"proton":{"count":"\u274c","operator":"","amount":"\u2757\ufe0f"},"protp":{"count":"\u2705 796  \u0639\u062f\u062f","amount":"7","operator":""},"pubg":{"count":"\u274c","operator":"","amount":"\u2757\ufe0f"},"pyaterochka":{"count":"\u2705 796  \u0639\u062f\u062f","amount":"5","operator":""},"qiwiwallet":{"count":"\u2705 796  \u0639\u062f\u062f","amount":"15","operator":""},"quioo":{"count":"\u274c","operator":"","amount":"\u2757\ufe0f"},"quipp":{"count":"\u2705 796  \u0639\u062f\u062f","amount":"5","operator":""},"reuse":{"count":"\u274c","operator":"","amount":"\u2757\ufe0f"},"ripkord":{"count":"\u274c","operator":"","amount":"\u2757\ufe0f"},"samokat":{"count":"\u2705 796  \u0639\u062f\u062f","amount":"6","operator":""},"seosprint":{"count":"\u2705 796  \u0639\u062f\u062f","amount":"5","operator":""},"sheerid":{"count":"\u2705 796  \u0639\u062f\u062f","amount":"8","operator":""},"shopee":{"count":"\u2705 1000  \u0639\u062f\u062f","amount":"24","operator":""},"signal":{"count":"\u274c","operator":"virtual4","amount":"\u2757\ufe0f"},"sikayetvar":{"count":"\u2705 796  \u0639\u062f\u062f","amount":"7","operator":"virtual23"},"skout":{"count":"\u2705 738  \u0639\u062f\u062f","amount":"5","operator":""},"snapchat":{"count":"\u2705 789  \u0639\u062f\u062f","amount":"17","operator":""},"steam":{"count":"\u2705 792  \u0639\u062f\u062f","amount":"9","operator":""},"swvl":{"count":"\u2705 796  \u0639\u062f\u062f","amount":"9","operator":""},"taksheel":{"count":"\u2705 23716  \u0639\u062f\u062f","operator":"virtual4","amount":"39.38"},"tango":{"count":"\u2705 796  \u0639\u062f\u062f","amount":"6","operator":""},"tantan":{"count":"\u274c","operator":"virtual4","amount":"\u2757\ufe0f"},"taobao":{"count":"\u2705 1000  \u0639\u062f\u062f","amount":"13.75","operator":""},"telegram":{"count":"\u2705 1000  \u0639\u062f\u062f","amount":"7.5","operator":"virtual23|virtual4|virtual18||"},"tencentqq":{"count":"\u274c","operator":"virtual4","amount":"\u2757\ufe0f"},"tiktok":{"count":"\u2705 1000  \u0639\u062f\u062f","amount":"13","operator":""},"tinder":{"count":"\u2705 1000  \u0639\u062f\u062f","amount":"12","operator":""},"tosla":{"count":"\u2705 795  \u0639\u062f\u062f","amount":"6","operator":"virtual23"},"totalcoin":{"count":"\u274c","operator":"virtual23","amount":"\u2757\ufe0f"},"touchance":{"count":"\u2705 796  \u0639\u062f\u062f","amount":"5","operator":"virtual4"},"trendyol":{"count":"\u2705 796  \u0639\u062f\u062f","amount":"8","operator":""},"truecaller":{"count":"\u2705 796  \u0639\u062f\u062f","amount":"5","operator":""},"twitter":{"count":"\u2705 776  \u0639\u062f\u062f","amount":"7","operator":""},"uber":{"count":"\u2705 783  \u0639\u062f\u062f","amount":"5","operator":""},"uploaded":{"count":"\u274c","operator":"virtual18","amount":"\u2757\ufe0f"},"vernyi":{"count":"\u274c","operator":"virtual21","amount":"\u2757\ufe0f"},"viber":{"count":"\u2705 4079  \u0639\u062f\u062f","amount":"10.5","operator":""},"vkontakte":{"count":"\u2705 1000  \u0639\u062f\u062f","amount":"9.26","operator":""},"voopee":{"count":"\u274c","operator":"virtual23","amount":"\u2757\ufe0f"},"wechat":{"count":"\u274c","operator":"virtual23","amount":"\u2757\ufe0f"},"weibo":{"count":"\u2705 793  \u0639\u062f\u062f","amount":"13","operator":""},"weku":{"count":"\u274c","operator":"virtual4","amount":"\u2757\ufe0f"},"whatsapp":{"count":"\u2705 1000  \u0639\u062f\u062f","amount":"11.98","operator":"virtual18|virtual23|virtual4|virtual21|"},"winston":{"count":"\u274c","operator":"virtual23","amount":"\u2757\ufe0f"},"wish":{"count":"\u2705 795  \u0639\u062f\u062f","amount":"16","operator":"virtual4"},"yahoo":{"count":"\u2705 726  \u0639\u062f\u062f","amount":"6","operator":""},"yalla":{"count":"\u2705 6034  \u0639\u062f\u062f","amount":"15.75","operator":""},"yandex":{"count":"\u2705 795  \u0639\u062f\u062f","amount":"4","operator":""},"yemeksepeti":{"count":"\u2705 796  \u0639\u062f\u062f","amount":"6","operator":"virtual4"},"youdo":{"count":"\u274c","operator":"virtual4","amount":"\u2757\ufe0f"},"youla":{"count":"\u2705 796  \u0639\u062f\u062f","amount":"5","operator":""},"zalo":{"count":"\u2705 795  \u0639\u062f\u062f","amount":"12","operator":""},"zoho":{"count":"\u2705 796  \u0639\u062f\u062f","amount":"13","operator":""},"digikala":{"count":"\u2705 796  \u0639\u062f\u062f","amount":"6","operator":""},"divar":{"count":"\u2705 796  \u0639\u062f\u062f","amount":"9","operator":""},"hamrahaval":{"count":"\u2705 796  \u0639\u062f\u062f","amount":"5","operator":""},"irancell":{"count":"\u2705 796  \u0639\u062f\u062f","amount":"9","operator":""},"zomato":{"count":"\u2705 1000  \u0639\u062f\u062f","amount":"12.5","operator":""},"":{"operator":"||||"}}