{"1688":{"count":"\u2705 1000  \u0639\u062f\u062f","amount":"14.5","operator":""},"1xbet":{"count":"\u274c","operator":"virtual23","amount":"\u2757\ufe0f"},"23red":{"count":"\u274c","operator":"virtual18","amount":"\u2757\ufe0f"},"ace2three":{"count":"\u274c","operator":"","amount":"\u2757\ufe0f"},"adidas":{"count":"\u274c","operator":"","amount":"\u2757\ufe0f"},"airbnb":{"count":"\u274c","operator":"virtual21","amount":"\u2757\ufe0f"},"airtel":{"count":"\u274c","operator":"virtual23","amount":"\u2757\ufe0f"},"akelni":{"count":"\u274c","operator":"virtual18","amount":"\u2757\ufe0f"},"alibaba":{"count":"\u2705 1000  \u0639\u062f\u062f","amount":"18.29","operator":""},"aliexpress":{"count":"\u274c","operator":"virtual4","amount":"\u2757\ufe0f"},"alipay":{"count":"\u2705 18900  \u0639\u062f\u062f","amount":"23.63","operator":"virtual23"},"amasia":{"count":"\u274c","operator":"virtual23","amount":"\u2757\ufe0f"},"amazon":{"count":"\u2705 1000  \u0639\u062f\u062f","amount":"13.28","operator":""},"aol":{"count":"\u2705 12606  \u0639\u062f\u062f","amount":"13.13","operator":"virtual4"},"avito":{"count":"\u274c","operator":"virtual18","amount":"\u2757\ufe0f"},"azino":{"count":"\u274c","operator":"virtual23","amount":"\u2757\ufe0f"},"b4ucabs":{"count":"\u274c","operator":"virtual23","amount":"\u2757\ufe0f"},"bigcash":{"count":"\u274c","operator":"virtual4","amount":"\u2757\ufe0f"},"bigolive":{"count":"\u274c","operator":"","amount":"\u2757\ufe0f"},"bitclout":{"count":"\u274c","operator":"","amount":"\u2757\ufe0f"},"bittube":{"count":"\u274c","operator":"","amount":"\u2757\ufe0f"},"blablacar":{"count":"\u274c","operator":"","amount":"\u2757\ufe0f"},"blizzard":{"count":"\u2705 1000  \u0639\u062f\u062f","amount":"10.89","operator":""},"blockchain":{"count":"\u274c","operator":"virtual23","amount":"\u2757\ufe0f"},"burgerking":{"count":"\u274c","operator":"virtual4","amount":"\u2757\ufe0f"},"careem":{"count":"\u2705 11906  \u0639\u062f\u062f","amount":"26.25","operator":"virtual21"},"cdkeys":{"count":"\u274c","operator":"virtual4","amount":"\u2757\ufe0f"},"cekkazan":{"count":"\u274c","operator":"","amount":"\u2757\ufe0f"},"citymobil":{"count":"\u274c","operator":"","amount":"\u2757\ufe0f"},"clickentregas":{"count":"\u274c","operator":"","amount":"\u2757\ufe0f"},"coinbase":{"count":"\u2705 23068  \u0639\u062f\u062f","amount":"26.25","operator":""},"craigslist":{"count":"\u2705 1000  \u0639\u062f\u062f","amount":"21.42","operator":""},"deliveroo":{"count":"\u274c","operator":"virtual23","amount":"\u2757\ufe0f"},"delivery":{"count":"\u274c","operator":"virtual23","amount":"\u2757\ufe0f"},"dent":{"count":"\u2705 12836  \u0639\u062f\u062f","amount":"13.13","operator":""},"didi":{"count":"\u274c","operator":"virtual4","amount":"\u2757\ufe0f"},"discord":{"count":"\u2705 958  \u0639\u062f\u062f","amount":"13.13","operator":""},"dixy":{"count":"\u274c","operator":"virtual4","amount":"\u2757\ufe0f"},"dodopizza":{"count":"\u274c","operator":"virtual4","amount":"\u2757\ufe0f"},"domdara":{"count":"\u274c","operator":"","amount":"\u2757\ufe0f"},"dostavista":{"count":"\u274c","operator":"","amount":"\u2757\ufe0f"},"douyu":{"count":"\u2705 1000  \u0639\u062f\u062f","amount":"28.3","operator":""},"drom":{"count":"\u274c","operator":"virtual23","amount":"\u2757\ufe0f"},"drugvokrug":{"count":"\u274c","operator":"virtual23","amount":"\u2757\ufe0f"},"dukascopy":{"count":"\u274c","operator":"","amount":"\u2757\ufe0f"},"ebay":{"count":"\u2705 1000  \u0639\u062f\u062f","amount":"14.98","operator":""},"edgeless":{"count":"\u274c","operator":"virtual23","amount":"\u2757\ufe0f"},"electroneum":{"count":"\u274c","operator":"virtual4","amount":"\u2757\ufe0f"},"ezway":{"count":"\u274c","operator":"","amount":"\u2757\ufe0f"},"facebook":{"count":"\u2705 1000  \u0639\u062f\u062f","amount":"9.65","operator":""},"fiverr":{"count":"\u274c","operator":"virtual4","amount":"\u2757\ufe0f"},"flipkart":{"count":"\u274c","operator":"virtual23","amount":"\u2757\ufe0f"},"foodpanda":{"count":"\u2705 1000  \u0639\u062f\u062f","amount":"11.79","operator":""},"foody":{"count":"\u274c","operator":"virtual18","amount":"\u2757\ufe0f"},"forwarding":{"count":"\u274c","operator":"virtual23","amount":"\u2757\ufe0f"},"galaxy":{"count":"\u274c","operator":"","amount":"\u2757\ufe0f"},"gameflip":{"count":"\u274c","operator":"","amount":"\u2757\ufe0f"},"gcash":{"count":"\u274c","operator":"","amount":"\u2757\ufe0f"},"get":{"count":"\u274c","operator":"","amount":"\u2757\ufe0f"},"getir":{"count":"\u274c","operator":"","amount":"\u2757\ufe0f"},"gett":{"count":"\u274c","operator":"","amount":"\u2757\ufe0f"},"globus":{"count":"\u274c","operator":"","amount":"\u2757\ufe0f"},"glovo":{"count":"\u274c","operator":"","amount":"\u2757\ufe0f"},"google":{"count":"\u2705 1000  \u0639\u062f\u062f","amount":"15.79","operator":""},"grabtaxi":{"count":"\u274c","operator":"virtual21","amount":"\u2757\ufe0f"},"green":{"count":"\u274c","operator":"virtual23","amount":"\u2757\ufe0f"},"grindr":{"count":"\u274c","operator":"","amount":"\u2757\ufe0f"},"haraj":{"count":"\u2705 578  \u0639\u062f\u062f","amount":"39.38","operator":"virtual4"},"hezzl":{"count":"\u274c","operator":"","amount":"\u2757\ufe0f"},"hopi":{"count":"\u274c","operator":"","amount":"\u2757\ufe0f"},"hqtrivia":{"count":"\u2705 828  \u0639\u062f\u062f","amount":"13.13","operator":""},"icard":{"count":"\u274c","operator":"","amount":"\u2757\ufe0f"},"icq":{"count":"\u274c","operator":"","amount":"\u2757\ufe0f"},"imo":{"count":"\u274c","operator":"virtual21","amount":"\u2757\ufe0f"},"ininal":{"count":"\u274c","operator":"virtual23","amount":"\u2757\ufe0f"},"instagram":{"count":"\u274c","operator":"virtual21","amount":"\u2757\ufe0f"},"iost":{"count":"\u274c","operator":"virtual18","amount":"\u2757\ufe0f"},"jd":{"count":"\u2705 1000  \u0639\u062f\u062f","amount":"12.27","operator":""},"justdating":{"count":"\u274c","operator":"virtual23","amount":"\u2757\ufe0f"},"kakaotalk":{"count":"\u2705 1000  \u0639\u062f\u062f","amount":"31.25","operator":"virtual21"},"keybase":{"count":"\u2705 12136  \u0639\u062f\u062f","operator":"virtual18","amount":"26.25"},"komandacard":{"count":"\u274c","operator":"virtual4","amount":"\u2757\ufe0f"},"kotak811":{"count":"\u274c","operator":"virtual4","amount":"\u2757\ufe0f"},"kufarby":{"count":"\u274c","operator":"virtual21","amount":"\u2757\ufe0f"},"kwai":{"count":"\u274c","operator":"virtual23","amount":"\u2757\ufe0f"},"lazada":{"count":"\u274c","operator":"virtual4","amount":"\u2757\ufe0f"},"lbry":{"count":"\u274c","operator":"","amount":"\u2757\ufe0f"},"lenta":{"count":"\u274c","operator":"","amount":"\u2757\ufe0f"},"lianxin":{"count":"\u274c","operator":"","amount":"\u2757\ufe0f"},"line":{"count":"\u2705 1000  \u0639\u062f\u062f","amount":"13.69","operator":"virtual21"},"linkedin":{"count":"\u2705 12606  \u0639\u062f\u062f","operator":"virtual23","amount":"19.75"},"livescore":{"count":"\u274c","operator":"virtual4","amount":"\u2757\ufe0f"},"magnit":{"count":"\u274c","operator":"virtual4","amount":"\u2757\ufe0f"},"magnolia":{"count":"\u274c","operator":"virtual4","amount":"\u2757\ufe0f"},"mailru":{"count":"\u274c","operator":"virtual4","amount":"\u2757\ufe0f"},"mamba":{"count":"\u274c","operator":"","amount":"\u2757\ufe0f"},"mcdonalds":{"count":"\u274c","operator":"","amount":"\u2757\ufe0f"},"meetme":{"count":"\u274c","operator":"","amount":"\u2757\ufe0f"},"mega":{"count":"\u274c","operator":"","amount":"\u2757\ufe0f"},"mercado":{"count":"\u274c","operator":"","amount":"\u2757\ufe0f"},"michat":{"count":"\u2705 12836  \u0639\u062f\u062f","amount":"15.75","operator":""},"microsoft":{"count":"\u2705 1000  \u0639\u062f\u062f","amount":"10.63","operator":""},"miratorg":{"count":"\u274c","operator":"virtual23","amount":"\u2757\ufe0f"},"mtscashback":{"count":"\u274c","operator":"virtual21","amount":"\u2757\ufe0f"},"nana":{"count":"\u274c","operator":"virtual4","amount":"\u2757\ufe0f"},"naver":{"count":"\u2705 1000  \u0639\u062f\u062f","amount":"12.5","operator":""},"netflix":{"count":"\u2705 1000  \u0639\u062f\u062f","amount":"11.09","operator":""},"nhseven":{"count":"\u274c","operator":"virtual23","amount":"\u2757\ufe0f"},"nifty":{"count":"\u274c","operator":"virtual23","amount":"\u2757\ufe0f"},"nike":{"count":"\u2705 1000  \u0639\u062f\u062f","amount":"12.13","operator":""},"nimses":{"count":"\u274c","operator":"virtual23","amount":"\u2757\ufe0f"},"nttgame":{"count":"\u2705 1000  \u0639\u062f\u062f","amount":"10.78","operator":""},"odnoklassniki":{"count":"\u274c","operator":"virtual18","amount":"\u2757\ufe0f"},"offerup":{"count":"\u2705 838  \u0639\u062f\u062f","operator":"lycamobile","amount":"19.75"},"okcupid":{"count":"\u274c","operator":"virtual4","amount":"\u2757\ufe0f"},"okey":{"count":"\u274c","operator":"virtual4","amount":"\u2757\ufe0f"},"olx":{"count":"\u2705 778  \u0639\u062f\u062f","amount":"15.75","operator":""},"openpoint":{"count":"\u274c","operator":"virtual4","amount":"\u2757\ufe0f"},"oraclecloud":{"count":"\u274c","operator":"virtual4","amount":"\u2757\ufe0f"},"other":{"count":"\u274c","operator":"virtual4","amount":"\u2757\ufe0f"},"ozon":{"count":"\u274c","operator":"virtual4","amount":"\u2757\ufe0f"},"pairs":{"count":"\u274c","operator":"","amount":"\u2757\ufe0f"},"papara":{"count":"\u274c","amount":"\u2757\ufe0f","operator":"virtual21"},"paycell":{"count":"\u2705 13468  \u0639\u062f\u062f","amount":"19.75","operator":""},"paymaya":{"count":"\u274c","operator":"virtual23","amount":"\u2757\ufe0f"},"paypal":{"count":"\u2705 3148  \u0639\u062f\u062f","amount":"32.88","operator":""},"paysend":{"count":"\u274c","operator":"virtual4","amount":"\u2757\ufe0f"},"peoplecom":{"count":"\u274c","operator":"virtual23","amount":"\u2757\ufe0f"},"perekrestok":{"count":"\u274c","operator":"","amount":"\u2757\ufe0f"},"pof":{"count":"\u2705 1000  \u0639\u062f\u062f","amount":"11.69","operator":""},"pokec":{"count":"\u274c","operator":"virtual23","amount":"\u2757\ufe0f"},"pokermaster":{"count":"\u274c","operator":"","amount":"\u2757\ufe0f"},"potato":{"count":"\u274c","operator":"","amount":"\u2757\ufe0f"},"proton":{"count":"\u274c","operator":"","amount":"\u2757\ufe0f"},"protp":{"count":"\u2705 1000  \u0639\u062f\u062f","operator":"","amount":"12.5"},"pubg":{"count":"\u274c","operator":"","amount":"\u2757\ufe0f"},"pyaterochka":{"count":"\u274c","operator":"","amount":"\u2757\ufe0f"},"qiwiwallet":{"count":"\u274c","operator":"","amount":"\u2757\ufe0f"},"quioo":{"count":"\u274c","operator":"","amount":"\u2757\ufe0f"},"quipp":{"count":"\u274c","operator":"","amount":"\u2757\ufe0f"},"reuse":{"count":"\u274c","operator":"","amount":"\u2757\ufe0f"},"ripkord":{"count":"\u274c","operator":"","amount":"\u2757\ufe0f"},"samokat":{"count":"\u274c","operator":"","amount":"\u2757\ufe0f"},"seosprint":{"count":"\u274c","operator":"","amount":"\u2757\ufe0f"},"sheerid":{"count":"\u274c","operator":"","amount":"\u2757\ufe0f"},"shopee":{"count":"\u2705 1000  \u0639\u062f\u062f","amount":"18.75","operator":""},"signal":{"count":"\u274c","operator":"virtual4","amount":"\u2757\ufe0f"},"sikayetvar":{"count":"\u274c","operator":"lycamobile","amount":"\u2757\ufe0f"},"skout":{"count":"\u2705 8936  \u0639\u062f\u062f","amount":"13.13","operator":""},"snapchat":{"count":"\u274c","operator":"virtual21","amount":"\u2757\ufe0f"},"steam":{"count":"\u2705 1000  \u0639\u062f\u062f","amount":"12.24","operator":"virtual21"},"swvl":{"count":"\u274c","operator":"virtual18","amount":"\u2757\ufe0f"},"taksheel":{"count":"\u2705 528  \u0639\u062f\u062f","operator":"virtual4","amount":"39.38"},"tango":{"count":"\u274c","operator":"virtual18","amount":"\u2757\ufe0f"},"tantan":{"count":"\u274c","operator":"virtual4","amount":"\u2757\ufe0f"},"taobao":{"count":"\u274c","operator":"virtual18","amount":"\u2757\ufe0f"},"telegram":{"count":"\u2705 728  \u0639\u062f\u062f","amount":"19.75","operator":"virtual18|virtual23|virtual4||"},"tencentqq":{"count":"\u2705 778  \u0639\u062f\u062f","operator":"virtual21","amount":"12.5"},"tiktok":{"count":"\u2705 1000  \u0639\u062f\u062f","amount":"13","operator":""},"tinder":{"count":"\u2705 1000  \u0639\u062f\u062f","amount":"12","operator":""},"tosla":{"count":"\u274c","operator":"virtual18","amount":"\u2757\ufe0f"},"totalcoin":{"count":"\u274c","operator":"virtual23","amount":"\u2757\ufe0f"},"touchance":{"count":"\u274c","operator":"virtual4","amount":"\u2757\ufe0f"},"trendyol":{"count":"\u274c","operator":"virtual23","amount":"\u2757\ufe0f"},"truecaller":{"count":"\u2705 728  \u0639\u062f\u062f","amount":"17.13","operator":"virtual23"},"twitter":{"count":"\u2705 1000  \u0639\u062f\u062f","amount":"15","operator":""},"uber":{"count":"\u2705 1000  \u0639\u062f\u062f","amount":"13.06","operator":""},"uploaded":{"count":"\u274c","operator":"virtual18","amount":"\u2757\ufe0f"},"vernyi":{"count":"\u274c","operator":"virtual21","amount":"\u2757\ufe0f"},"viber":{"count":"\u2705 1000  \u0639\u062f\u062f","amount":"15","operator":""},"vkontakte":{"count":"\u2705 1000  \u0639\u062f\u062f","amount":"8.55","operator":""},"voopee":{"count":"\u274c","operator":"virtual23","amount":"\u2757\ufe0f"},"wechat":{"count":"\u274c","operator":"virtual23","amount":"\u2757\ufe0f"},"weibo":{"count":"\u2705 778  \u0639\u062f\u062f","amount":"15.75","operator":"virtual12"},"weku":{"count":"\u274c","operator":"virtual4","amount":"\u2757\ufe0f"},"whatsapp":{"count":"\u2705 1000  \u0639\u062f\u062f","amount":"14.36","operator":""},"winston":{"count":"\u274c","operator":"virtual23","amount":"\u2757\ufe0f"},"wish":{"count":"\u274c","operator":"virtual4","amount":"\u2757\ufe0f"},"yahoo":{"count":"\u2705 1000  \u0639\u062f\u062f","amount":"12.5","operator":""},"yalla":{"count":"\u274c","operator":"virtual21","amount":"\u2757\ufe0f"},"yandex":{"count":"\u2705 22406  \u0639\u062f\u062f","amount":"13.13","operator":"virtual23"},"yemeksepeti":{"count":"\u274c","operator":"virtual4","amount":"\u2757\ufe0f"},"youdo":{"count":"\u274c","operator":"virtual4","amount":"\u2757\ufe0f"},"youla":{"count":"\u274c","operator":"virtual4","amount":"\u2757\ufe0f"},"zalo":{"count":"\u274c","operator":"virtual4","amount":"\u2757\ufe0f"},"zoho":{"count":"\u2705 13468  \u0639\u062f\u062f","amount":"15.75","operator":""},"digikala":{"count":"\u274c","operator":"virtual4","amount":"\u2757\ufe0f"},"divar":{"count":"\u274c","operator":"virtual4","amount":"\u2757\ufe0f"},"hamrahaval":{"count":"\u274c","operator":"virtual23","amount":"\u2757\ufe0f"},"irancell":{"count":"\u274c","operator":"virtual4","amount":"\u2757\ufe0f"},"zomato":{"count":"\u2705 1000  \u0639\u062f\u062f","amount":"12.5","operator":""},"":{"operator":"||||"}}