{"glovo":{"count":"\u274c","operator":"","amount":"\u2757\ufe0f"},"google":{"count":"\u2705 1848  \u0639\u062f\u062f","amount":"6","operator":"beeline|mts|rostelecom|tele2|virtual15"},"grabtaxi":{"count":"\u2705 2164  \u0639\u062f\u062f","amount":"2","operator":""},"green":{"count":"\u2705 2191  \u0639\u062f\u062f","amount":"1.5","operator":"virtual21"},"grindr":{"count":"\u2705 2182  \u0639\u062f\u062f","amount":"1.5","operator":""},"haraj":{"count":"\u274c","operator":"virtual4","amount":"\u2757\ufe0f"},"hezzl":{"count":"\u274c","operator":"","amount":"\u2757\ufe0f"},"hopi":{"count":"\u274c","operator":"","amount":"\u2757\ufe0f"},"hqtrivia":{"count":"\u2705 2190  \u0639\u062f\u062f","amount":"2","operator":""},"icard":{"count":"\u274c","operator":"","amount":"\u2757\ufe0f"},"icq":{"count":"\u274c","operator":"","amount":"\u2757\ufe0f"},"imo":{"count":"\u2705 2171  \u0639\u062f\u062f","amount":"1","operator":""},"ininal":{"count":"\u274c","operator":"virtual23","amount":"\u2757\ufe0f"},"instagram":{"count":"\u2705 1691  \u0639\u062f\u062f","amount":"5","operator":"beeline|mts|tele2|virtual15|"},"iost":{"count":"\u2705 2191  \u0639\u062f\u062f","amount":"2","operator":"virtual18"},"jd":{"count":"\u2705 1777  \u0639\u062f\u062f","amount":"2","operator":""},"justdating":{"count":"\u274c","operator":"virtual23","amount":"\u2757\ufe0f"},"kakaotalk":{"count":"\u2705 36  \u0639\u062f\u062f","amount":"5.5","operator":"virtual23"},"keybase":{"count":"\u274c","operator":"virtual18","amount":"\u2757\ufe0f"},"komandacard":{"count":"\u2705 2191  \u0639\u062f\u062f","amount":"3","operator":"virtual18"},"kotak811":{"count":"\u274c","operator":"virtual4","amount":"\u2757\ufe0f"},"kufarby":{"count":"\u274c","operator":"virtual18","amount":"\u2757\ufe0f"},"kwai":{"count":"\u274c","operator":"virtual23","amount":"\u2757\ufe0f"},"lazada":{"count":"\u274c","operator":"virtual4","amount":"\u2757\ufe0f"},"lbry":{"count":"\u2705 2191  \u0639\u062f\u062f","amount":"2","operator":""},"lenta":{"count":"\u2705 2191  \u0639\u062f\u062f","amount":"2","operator":""},"lianxin":{"count":"\u2705 2191  \u0639\u062f\u062f","amount":"2","operator":""},"line":{"count":"\u2705 2190  \u0639\u062f\u062f","amount":"1","operator":""},"linkedin":{"count":"\u2705 2175  \u0639\u062f\u062f","amount":"1","operator":""},"livescore":{"count":"\u274c","operator":"virtual4","amount":"\u2757\ufe0f"},"magnit":{"count":"\u2705 1307  \u0639\u062f\u062f","amount":"2","operator":""},"magnolia":{"count":"\u2705 2191  \u0639\u062f\u062f","amount":"2","operator":""},"mailru":{"count":"\u2705 2175  \u0639\u062f\u062f","amount":"13.5","operator":""},"mamba":{"count":"\u2705 375  \u0639\u062f\u062f","amount":"2","operator":""},"mcdonalds":{"count":"\u2705 2190  \u0639\u062f\u062f","amount":"3","operator":""},"meetme":{"count":"\u2705 2191  \u0639\u062f\u062f","amount":"2","operator":""},"mega":{"count":"\u2705 2191  \u0639\u062f\u062f","amount":"2","operator":""},"mercado":{"count":"\u274c","operator":"","amount":"\u2757\ufe0f"},"michat":{"count":"\u2705 2191  \u0639\u062f\u062f","amount":"2","operator":""},"microsoft":{"count":"\u2705 64  \u0639\u062f\u062f","amount":"2","operator":"virtual18"},"miratorg":{"count":"\u2705 2191  \u0639\u062f\u062f","amount":"2","operator":""},"mtscashback":{"count":"\u2705 2190  \u0639\u062f\u062f","amount":"3","operator":"virtual21"},"nana":{"count":"\u274c","operator":"virtual4","amount":"\u2757\ufe0f"},"naver":{"count":"\u2705 2191  \u0639\u062f\u062f","amount":"2","operator":""},"netflix":{"count":"\u2705 1922  \u0639\u062f\u062f","amount":"2","operator":""},"nhseven":{"count":"\u274c","operator":"virtual23","amount":"\u2757\ufe0f"},"nifty":{"count":"\u2705 2191  \u0639\u062f\u062f","amount":"10","operator":"virtual23"},"nike":{"count":"\u2705 2158  \u0639\u062f\u062f","amount":"9","operator":"virtual18"},"nimses":{"count":"\u2705 2191  \u0639\u062f\u062f","amount":"2","operator":"virtual21"},"nttgame":{"count":"\u2705 2191  \u0639\u062f\u062f","amount":"2","operator":""},"odnoklassniki":{"count":"\u2705 2175  \u0639\u062f\u062f","amount":"13.5","operator":""},"offerup":{"count":"\u2705 2191  \u0639\u062f\u062f","amount":"2.5","operator":""},"okcupid":{"count":"\u2705 2184  \u0639\u062f\u062f","amount":"2","operator":"virtual4"},"okey":{"count":"\u2705 2191  \u0639\u062f\u062f","amount":"2","operator":"beeline|mts|rostelecom|tele2|"},"olx":{"count":"\u2705 1518  \u0639\u062f\u062f","amount":"1","operator":""},"openpoint":{"count":"\u2705 2191  \u0639\u062f\u062f","amount":"2","operator":"virtual4"},"oraclecloud":{"count":"\u2705 2191  \u0639\u062f\u062f","amount":"2","operator":"virtual4"},"other":{"count":"\u2705 316  \u0639\u062f\u062f","operator":"beeline|mts|rostelecom|tele2|","amount":"4"},"ozon":{"count":"\u2705 2126  \u0639\u062f\u062f","amount":"2","operator":""},"pairs":{"count":"\u274c","operator":"","amount":"\u2757\ufe0f"},"papara":{"count":"\u274c","operator":"virtual4","amount":"\u2757\ufe0f"},"paycell":{"count":"\u274c","operator":"virtual4","amount":"\u2757\ufe0f"},"paymaya":{"count":"\u274c","operator":"","amount":"\u2757\ufe0f"},"paypal":{"count":"\u2705 54  \u0639\u062f\u062f","amount":"4","operator":"virtual23"},"paysend":{"count":"\u274c","operator":"virtual4","amount":"\u2757\ufe0f"},"peoplecom":{"count":"\u274c","operator":"virtual18","amount":"\u2757\ufe0f"},"perekrestok":{"count":"\u2705 2183  \u0639\u062f\u062f","amount":"2","operator":""},"pof":{"count":"\u274c","operator":"virtual18","amount":"\u2757\ufe0f"},"pokec":{"count":"\u274c","operator":"virtual23","amount":"\u2757\ufe0f"},"pokermaster":{"count":"\u2705 2191  \u0639\u062f\u062f","amount":"2","operator":""},"potato":{"count":"\u2705 2190  \u0639\u062f\u062f","amount":"2","operator":""},"proton":{"count":"\u2705 2190  \u0639\u062f\u062f","amount":"1","operator":""},"protp":{"count":"\u2705 2191  \u0639\u062f\u062f","amount":"3","operator":"virtual23"},"pubg":{"count":"\u2705 2191  \u0639\u062f\u062f","amount":"2","operator":"beeline|mts|rostelecom|tele2|yota"},"pyaterochka":{"count":"\u2705 142  \u0639\u062f\u062f","amount":"1","operator":""},"qiwiwallet":{"count":"\u2705 2167  \u0639\u062f\u062f","amount":"9","operator":"beeline|tele2|virtual15||"},"quioo":{"count":"\u274c","operator":"","amount":"\u2757\ufe0f"},"quipp":{"count":"\u274c","operator":"","amount":"\u2757\ufe0f"},"reuse":{"count":"\u274c","operator":"","amount":"\u2757\ufe0f"},"ripkord":{"count":"\u274c","operator":"","amount":"\u2757\ufe0f"},"samokat":{"count":"\u2705 2169  \u0639\u062f\u062f","amount":"2","operator":""},"seosprint":{"count":"\u2705 2191  \u0639\u062f\u062f","amount":"2","operator":""},"sheerid":{"count":"\u2705 2191  \u0639\u062f\u062f","amount":"2","operator":""},"shopee":{"count":"\u274c","operator":"virtual23","amount":"\u2757\ufe0f"},"signal":{"count":"\u274c","operator":"virtual4","amount":"\u2757\ufe0f"},"sikayetvar":{"count":"\u274c","operator":"virtual18","amount":"\u2757\ufe0f"},"skout":{"count":"\u2705 2191  \u0639\u062f\u062f","amount":"2","operator":""},"snapchat":{"count":"\u2705 2094  \u0639\u062f\u062f","amount":"2","operator":""},"steam":{"count":"\u2705 2137  \u0639\u062f\u062f","amount":"2","operator":""},"swvl":{"count":"\u2705 2191  \u0639\u062f\u062f","amount":"2.5","operator":""},"taksheel":{"count":"\u274c","operator":"virtual4","amount":"\u2757\ufe0f"},"tango":{"count":"\u2705 2151  \u0639\u062f\u062f","amount":"2","operator":""},"tantan":{"count":"\u2705 2172  \u0639\u062f\u062f","amount":"2","operator":"virtual4"},"taobao":{"count":"\u274c","operator":"virtual23","amount":"\u2757\ufe0f"},"telegram":{"count":"\u274c","operator":"virtual4","amount":"\u2757\ufe0f"},"tencentqq":{"count":"\u2705 2188  \u0639\u062f\u062f","amount":"2","operator":""},"tiktok":{"count":"\u2705 1458  \u0639\u062f\u062f","amount":"2.5","operator":"beeline|mts|tele2||"},"tinder":{"count":"\u2705 2065  \u0639\u062f\u062f","amount":"1","operator":"beeline|mts|tele2|virtual15|"},"tosla":{"count":"\u274c","operator":"virtual18","amount":"\u2757\ufe0f"},"totalcoin":{"count":"\u2705 2191  \u0639\u062f\u062f","amount":"2","operator":"virtual23"},"touchance":{"count":"\u274c","operator":"virtual18","amount":"\u2757\ufe0f"},"trendyol":{"count":"\u274c","operator":"virtual23","amount":"\u2757\ufe0f"},"truecaller":{"count":"\u2705 2190  \u0639\u062f\u062f","amount":"2","operator":""},"twitter":{"count":"\u2705 1654  \u0639\u062f\u062f","amount":"1.5","operator":""},"uber":{"count":"\u2705 2179  \u0639\u062f\u062f","amount":"4","operator":""},"uploaded":{"count":"\u2705 2191  \u0639\u062f\u062f","amount":"2","operator":"virtual18"},"vernyi":{"count":"\u2705 2191  \u0639\u062f\u062f","amount":"2","operator":"virtual21"},"viber":{"count":"\u2705 1826  \u0639\u062f\u062f","amount":"4.5","operator":"virtual18"},"vkontakte":{"count":"\u274c","operator":"virtual18","amount":"\u2757\ufe0f"},"voopee":{"count":"\u274c","operator":"virtual21","amount":"\u2757\ufe0f"},"wechat":{"count":"\u274c","amount":"\u2757\ufe0f","operator":"virtual23"},"weibo":{"count":"\u2705 2183  \u0639\u062f\u062f","amount":"2","operator":"beeline|mts|tele2|virtual15|"},"weku":{"count":"\u2705 2191  \u0639\u062f\u062f","amount":"2","operator":"virtual4"},"whatsapp":{"count":"\u2705 257  \u0639\u062f\u062f","amount":"6","operator":"beeline|mts|rostelecom|tele2|"},"winston":{"count":"\u2705 2191  \u0639\u062f\u062f","amount":"2","operator":"virtual23"},"wish":{"count":"\u274c","operator":"virtual4","amount":"\u2757\ufe0f"},"yahoo":{"count":"\u2705 1320  \u0639\u062f\u062f","amount":"1","operator":""},"yalla":{"count":"\u2705 2191  \u0639\u062f\u062f","amount":"2","operator":""},"yandex":{"count":"\u2705 1868  \u0639\u062f\u062f","amount":"2","operator":""},"yemeksepeti":{"count":"\u274c","operator":"virtual4","amount":"\u2757\ufe0f"},"youdo":{"count":"\u2705 2189  \u0639\u062f\u062f","amount":"2","operator":"virtual4"},"youla":{"count":"\u2705 2189  \u0639\u062f\u062f","amount":"16","operator":""},"zalo":{"count":"\u274c","operator":"virtual4","amount":"\u2757\ufe0f"},"zoho":{"count":"\u2705 2191  \u0639\u062f\u062f","amount":"2.5","operator":""},"digikala":{"count":"\u274c","operator":"virtual4","amount":"\u2757\ufe0f"},"divar":{"count":"\u274c","operator":"virtual4","amount":"\u2757\ufe0f"},"hamrahaval":{"count":"\u274c","operator":"virtual23","amount":"\u2757\ufe0f"},"irancell":{"count":"\u274c","operator":"virtual4","amount":"\u2757\ufe0f"},"zomato":{"count":"\u274c","operator":"virtual23","amount":"\u2757\ufe0f"},"1688":{"count":"\u2705 2188  \u0639\u062f\u062f","amount":"4","operator":"virtual23"},"1xbet":{"count":"\u274c","operator":"virtual23","amount":"\u2757\ufe0f"},"23red":{"count":"\u274c","operator":"virtual18","amount":"\u2757\ufe0f"},"ace2three":{"count":"\u274c","operator":"","amount":"\u2757\ufe0f"},"adidas":{"count":"\u2705 2191  \u0639\u062f\u062f","amount":"10","operator":""},"airbnb":{"count":"\u2705 2191  \u0639\u062f\u062f","amount":"3","operator":""},"airtel":{"count":"\u274c","operator":"virtual21","amount":"\u2757\ufe0f"},"akelni":{"count":"\u274c","operator":"virtual18","amount":"\u2757\ufe0f"},"alibaba":{"count":"\u2705 1428  \u0639\u062f\u062f","amount":"3","operator":"virtual18"},"aliexpress":{"count":"\u2705 1357  \u0639\u062f\u062f","amount":"2.5","operator":"virtual4"},"alipay":{"count":"\u274c","operator":"virtual23","amount":"\u2757\ufe0f"},"amasia":{"count":"\u274c","operator":"virtual23","amount":"\u2757\ufe0f"},"amazon":{"count":"\u2705 40  \u0639\u062f\u062f","amount":"3.5","operator":"virtual23"},"aol":{"count":"\u2705 2151  \u0639\u062f\u062f","amount":"1","operator":""},"avito":{"count":"\u2705 2173  \u0639\u062f\u062f","amount":"5","operator":"virtual18"},"azino":{"count":"\u274c","operator":"virtual23","amount":"\u2757\ufe0f"},"b4ucabs":{"count":"\u274c","operator":"virtual23","amount":"\u2757\ufe0f"},"bigcash":{"count":"\u274c","operator":"virtual4","amount":"\u2757\ufe0f"},"bigolive":{"count":"\u2705 2107  \u0639\u062f\u062f","amount":"2","operator":"virtual23"},"bitclout":{"count":"\u2705 2191  \u0639\u062f\u062f","amount":"2.5","operator":""},"bittube":{"count":"\u2705 2191  \u0639\u062f\u062f","amount":"2","operator":""},"blablacar":{"count":"\u2705 1827  \u0639\u062f\u062f","amount":"2","operator":""},"blizzard":{"count":"\u2705 212  \u0639\u062f\u062f","operator":"","amount":"2"},"blockchain":{"count":"\u2705 2191  \u0639\u062f\u062f","amount":"2","operator":"virtual23"},"burgerking":{"count":"\u2705 2190  \u0639\u062f\u062f","amount":"2","operator":""},"careem":{"count":"\u2705 2135  \u0639\u062f\u062f","amount":"2","operator":""},"cdkeys":{"count":"\u274c","operator":"virtual4","amount":"\u2757\ufe0f"},"cekkazan":{"count":"\u274c","operator":"","amount":"\u2757\ufe0f"},"citymobil":{"count":"\u2705 2180  \u0639\u062f\u062f","amount":"16","operator":""},"clickentregas":{"count":"\u274c","operator":"","amount":"\u2757\ufe0f"},"coinbase":{"count":"\u274c","operator":"virtual4","amount":"\u2757\ufe0f"},"craigslist":{"count":"\u2705 2191  \u0639\u062f\u062f","amount":"2.5","operator":""},"deliveroo":{"count":"\u274c","operator":"virtual18","amount":"\u2757\ufe0f"},"delivery":{"count":"\u2705 2170  \u0639\u062f\u062f","amount":"13.5","operator":""},"dent":{"count":"\u2705 2191  \u0639\u062f\u062f","amount":"2","operator":""},"didi":{"count":"\u2705 2166  \u0639\u062f\u062f","amount":"2.5","operator":"virtual4"},"discord":{"count":"\u2705 460  \u0639\u062f\u062f","amount":"1.3","operator":""},"dixy":{"count":"\u2705 2191  \u0639\u062f\u062f","amount":"2","operator":"virtual4"},"dodopizza":{"count":"\u2705 2191  \u0639\u062f\u062f","amount":"2","operator":""},"domdara":{"count":"\u274c","operator":"","amount":"\u2757\ufe0f"},"dostavista":{"count":"\u2705 2191  \u0639\u062f\u062f","amount":"1","operator":""},"douyu":{"count":"\u2705 2191  \u0639\u062f\u062f","amount":"2.5","operator":"virtual23"},"drom":{"count":"\u2705 2186  \u0639\u062f\u062f","amount":"2","operator":""},"drugvokrug":{"count":"\u2705 2190  \u0639\u062f\u062f","amount":"2","operator":""},"dukascopy":{"count":"\u2705 2191  \u0639\u062f\u062f","amount":"2","operator":""},"ebay":{"count":"\u2705 2148  \u0639\u062f\u062f","amount":"2","operator":""},"edgeless":{"count":"\u274c","operator":"virtual23","amount":"\u2757\ufe0f"},"electroneum":{"count":"\u2705 2191  \u0639\u062f\u062f","amount":"2","operator":"virtual4"},"ezway":{"count":"\u274c","operator":"","amount":"\u2757\ufe0f"},"facebook":{"count":"\u2705 50  \u0639\u062f\u062f","operator":"virtual23","amount":"5"},"fiverr":{"count":"\u2705 2191  \u0639\u062f\u062f","amount":"2","operator":"virtual23"},"flipkart":{"count":"\u274c","operator":"","amount":"\u2757\ufe0f"},"foodpanda":{"count":"\u2705 2133  \u0639\u062f\u062f","amount":"2","operator":""},"foody":{"count":"\u274c","operator":"virtual18","amount":"\u2757\ufe0f"},"forwarding":{"count":"\u274c","operator":"virtual23","amount":"\u2757\ufe0f"},"galaxy":{"count":"\u2705 2190  \u0639\u062f\u062f","amount":"2.5","operator":"beeline|mts|rostelecom|tele2|"},"gameflip":{"count":"\u2705 2191  \u0639\u062f\u062f","amount":"2","operator":""},"gcash":{"count":"\u274c","operator":"","amount":"\u2757\ufe0f"},"get":{"count":"\u2705 2191  \u0639\u062f\u062f","amount":"2","operator":""},"getir":{"count":"\u274c","operator":"","amount":"\u2757\ufe0f"},"gett":{"count":"\u2705 2175  \u0639\u062f\u062f","amount":"1","operator":""},"globus":{"count":"\u2705 2191  \u0639\u062f\u062f","amount":"1.5","operator":""},"":{"operator":"||||"},"tg":{"operator":"||||"},"wa":{"operator":"||||"}}