{"1688":{"count":"\u274c","operator":"mts","amount":"\u2757\ufe0f"},"1xbet":{"count":"\u2705 1000  \u0639\u062f\u062f","amount":"22","operator":"virtual4"},"23red":{"count":"\u274c","operator":"virtual18","amount":"\u2757\ufe0f"},"ace2three":{"count":"\u274c","operator":"","amount":"\u2757\ufe0f"},"adidas":{"count":"\u274c","operator":"mts","amount":"\u2757\ufe0f"},"airbnb":{"count":"\u274c","operator":"mts","amount":"\u2757\ufe0f"},"airtel":{"count":"\u274c","operator":"virtual21","amount":"\u2757\ufe0f"},"akelni":{"count":"\u274c","operator":"virtual18","amount":"\u2757\ufe0f"},"alibaba":{"count":"\u274c","operator":"mts","amount":"\u2757\ufe0f"},"aliexpress":{"count":"\u274c","operator":"mts","amount":"\u2757\ufe0f"},"alipay":{"count":"\u274c","operator":"virtual23","amount":"\u2757\ufe0f"},"amasia":{"count":"\u274c","operator":"virtual23","amount":"\u2757\ufe0f"},"amazon":{"count":"\u2705 1000  \u0639\u062f\u062f","operator":"tele2","amount":"13.39"},"aol":{"count":"\u274c","operator":"mts","amount":"\u2757\ufe0f"},"avito":{"count":"\u274c","operator":"mts","amount":"\u2757\ufe0f"},"azino":{"count":"\u274c","operator":"virtual23","amount":"\u2757\ufe0f"},"b4ucabs":{"count":"\u274c","operator":"virtual23","amount":"\u2757\ufe0f"},"bigcash":{"count":"\u274c","operator":"virtual4","amount":"\u2757\ufe0f"},"bigolive":{"count":"\u274c","operator":"mts","amount":"\u2757\ufe0f"},"bitclout":{"count":"\u274c","operator":"mts","amount":"\u2757\ufe0f"},"bittube":{"count":"\u274c","operator":"mts","amount":"\u2757\ufe0f"},"blablacar":{"count":"\u274c","operator":"mts","amount":"\u2757\ufe0f"},"blizzard":{"count":"\u274c","operator":"tele2","amount":"\u2757\ufe0f"},"blockchain":{"count":"\u274c","operator":"mts","amount":"\u2757\ufe0f"},"burgerking":{"count":"\u274c","operator":"mts","amount":"\u2757\ufe0f"},"careem":{"count":"\u274c","operator":"mts","amount":"\u2757\ufe0f"},"cdkeys":{"count":"\u274c","operator":"virtual4","amount":"\u2757\ufe0f"},"cekkazan":{"count":"\u274c","operator":"","amount":"\u2757\ufe0f"},"citymobil":{"count":"\u274c","operator":"mts","amount":"\u2757\ufe0f"},"clickentregas":{"count":"\u274c","operator":"","amount":"\u2757\ufe0f"},"coinbase":{"count":"\u2705 662  \u0639\u062f\u062f","amount":"19.75","operator":"virtual4"},"craigslist":{"count":"\u274c","operator":"mts","amount":"\u2757\ufe0f"},"deliveroo":{"count":"\u274c","operator":"virtual18","amount":"\u2757\ufe0f"},"delivery":{"count":"\u274c","operator":"mts","amount":"\u2757\ufe0f"},"dent":{"count":"\u274c","operator":"mts","amount":"\u2757\ufe0f"},"didi":{"count":"\u274c","operator":"mts","amount":"\u2757\ufe0f"},"discord":{"count":"\u274c","operator":"mts","amount":"\u2757\ufe0f"},"dixy":{"count":"\u274c","operator":"mts","amount":"\u2757\ufe0f"},"dodopizza":{"count":"\u274c","operator":"mts","amount":"\u2757\ufe0f"},"domdara":{"count":"\u274c","operator":"","amount":"\u2757\ufe0f"},"dostavista":{"count":"\u274c","operator":"mts","amount":"\u2757\ufe0f"},"douyu":{"count":"\u274c","operator":"mts","amount":"\u2757\ufe0f"},"drom":{"count":"\u274c","operator":"mts","amount":"\u2757\ufe0f"},"drugvokrug":{"count":"\u274c","operator":"mts","amount":"\u2757\ufe0f"},"dukascopy":{"count":"\u274c","operator":"mts","amount":"\u2757\ufe0f"},"ebay":{"count":"\u274c","operator":"mts","amount":"\u2757\ufe0f"},"edgeless":{"count":"\u274c","operator":"virtual23","amount":"\u2757\ufe0f"},"electroneum":{"count":"\u274c","operator":"mts","amount":"\u2757\ufe0f"},"ezway":{"count":"\u274c","operator":"","amount":"\u2757\ufe0f"},"facebook":{"count":"\u2705 1000  \u0639\u062f\u062f","operator":"tele2","amount":"10.33"},"fiverr":{"count":"\u274c","operator":"mts","amount":"\u2757\ufe0f"},"flipkart":{"count":"\u274c","operator":"","amount":"\u2757\ufe0f"},"foodpanda":{"count":"\u274c","operator":"mts","amount":"\u2757\ufe0f"},"foody":{"count":"\u274c","operator":"virtual18","amount":"\u2757\ufe0f"},"forwarding":{"count":"\u274c","operator":"virtual23","amount":"\u2757\ufe0f"},"galaxy":{"count":"\u274c","operator":"mts","amount":"\u2757\ufe0f"},"gameflip":{"count":"\u274c","operator":"mts","amount":"\u2757\ufe0f"},"gcash":{"count":"\u274c","operator":"","amount":"\u2757\ufe0f"},"get":{"count":"\u274c","operator":"mts","amount":"\u2757\ufe0f"},"getir":{"count":"\u274c","operator":"","amount":"\u2757\ufe0f"},"gett":{"count":"\u274c","operator":"mts","amount":"\u2757\ufe0f"},"globus":{"count":"\u274c","operator":"mts","amount":"\u2757\ufe0f"},"glovo":{"count":"\u274c","operator":"","amount":"\u2757\ufe0f"},"google":{"count":"\u274c","operator":"mts","amount":"\u2757\ufe0f"},"grabtaxi":{"count":"\u274c","operator":"mts","amount":"\u2757\ufe0f"},"green":{"count":"\u274c","operator":"mts","amount":"\u2757\ufe0f"},"grindr":{"count":"\u274c","operator":"mts","amount":"\u2757\ufe0f"},"haraj":{"count":"\u2705 462  \u0639\u062f\u062f","operator":"virtual4","amount":"39.38"},"hezzl":{"count":"\u274c","operator":"","amount":"\u2757\ufe0f"},"hopi":{"count":"\u274c","operator":"","amount":"\u2757\ufe0f"},"hqtrivia":{"count":"\u274c","operator":"mts","amount":"\u2757\ufe0f"},"icard":{"count":"\u274c","operator":"","amount":"\u2757\ufe0f"},"icq":{"count":"\u274c","operator":"","amount":"\u2757\ufe0f"},"imo":{"count":"\u274c","operator":"mts","amount":"\u2757\ufe0f"},"ininal":{"count":"\u274c","operator":"virtual23","amount":"\u2757\ufe0f"},"instagram":{"count":"\u274c","operator":"mts","amount":"\u2757\ufe0f"},"iost":{"count":"\u274c","operator":"mts","amount":"\u2757\ufe0f"},"jd":{"count":"\u274c","operator":"mts","amount":"\u2757\ufe0f"},"justdating":{"count":"\u274c","operator":"virtual23","amount":"\u2757\ufe0f"},"kakaotalk":{"count":"\u274c","operator":"tele2","amount":"\u2757\ufe0f"},"keybase":{"count":"\u274c","operator":"virtual18","amount":"\u2757\ufe0f"},"komandacard":{"count":"\u274c","operator":"mts","amount":"\u2757\ufe0f"},"kotak811":{"count":"\u274c","operator":"virtual4","amount":"\u2757\ufe0f"},"kufarby":{"count":"\u274c","operator":"virtual18","amount":"\u2757\ufe0f"},"kwai":{"count":"\u274c","operator":"virtual23","amount":"\u2757\ufe0f"},"lazada":{"count":"\u274c","operator":"virtual4","amount":"\u2757\ufe0f"},"lbry":{"count":"\u274c","operator":"mts","amount":"\u2757\ufe0f"},"lenta":{"count":"\u274c","operator":"mts","amount":"\u2757\ufe0f"},"lianxin":{"count":"\u274c","operator":"mts","amount":"\u2757\ufe0f"},"line":{"count":"\u274c","operator":"mts","amount":"\u2757\ufe0f"},"linkedin":{"count":"\u274c","operator":"mts","amount":"\u2757\ufe0f"},"livescore":{"count":"\u274c","operator":"virtual4","amount":"\u2757\ufe0f"},"magnit":{"count":"\u274c","operator":"mts","amount":"\u2757\ufe0f"},"magnolia":{"count":"\u274c","operator":"mts","amount":"\u2757\ufe0f"},"mailru":{"count":"\u274c","operator":"mts","amount":"\u2757\ufe0f"},"mamba":{"count":"\u274c","operator":"tele2","amount":"\u2757\ufe0f"},"mcdonalds":{"count":"\u274c","operator":"mts","amount":"\u2757\ufe0f"},"meetme":{"count":"\u274c","operator":"mts","amount":"\u2757\ufe0f"},"mega":{"count":"\u274c","operator":"mts","amount":"\u2757\ufe0f"},"mercado":{"count":"\u274c","operator":"","amount":"\u2757\ufe0f"},"michat":{"count":"\u274c","operator":"mts","amount":"\u2757\ufe0f"},"microsoft":{"count":"\u2705 1000  \u0639\u062f\u062f","operator":"tele2","amount":"10.33"},"miratorg":{"count":"\u274c","operator":"mts","amount":"\u2757\ufe0f"},"mtscashback":{"count":"\u274c","operator":"rostelecom","amount":"\u2757\ufe0f"},"nana":{"count":"\u274c","operator":"virtual4","amount":"\u2757\ufe0f"},"naver":{"count":"\u274c","operator":"mts","amount":"\u2757\ufe0f"},"netflix":{"count":"\u274c","operator":"mts","amount":"\u2757\ufe0f"},"nhseven":{"count":"\u274c","operator":"virtual23","amount":"\u2757\ufe0f"},"nifty":{"count":"\u274c","operator":"mts","amount":"\u2757\ufe0f"},"nike":{"count":"\u274c","operator":"mts","amount":"\u2757\ufe0f"},"nimses":{"count":"\u274c","operator":"mts","amount":"\u2757\ufe0f"},"nttgame":{"count":"\u274c","operator":"mts","amount":"\u2757\ufe0f"},"odnoklassniki":{"count":"\u274c","operator":"mts","amount":"\u2757\ufe0f"},"offerup":{"count":"\u274c","operator":"mts","amount":"\u2757\ufe0f"},"okcupid":{"count":"\u274c","operator":"mts","amount":"\u2757\ufe0f"},"okey":{"count":"\u274c","operator":"mts","amount":"\u2757\ufe0f"},"olx":{"count":"\u274c","operator":"mts","amount":"\u2757\ufe0f"},"openpoint":{"count":"\u274c","operator":"mts","amount":"\u2757\ufe0f"},"oraclecloud":{"count":"\u274c","operator":"mts","amount":"\u2757\ufe0f"},"other":{"count":"\u274c","operator":"mts","amount":"\u2757\ufe0f"},"ozon":{"count":"\u274c","operator":"mts","amount":"\u2757\ufe0f"},"pairs":{"count":"\u274c","operator":"","amount":"\u2757\ufe0f"},"papara":{"count":"\u2705 21740  \u0639\u062f\u062f","amount":"19.75","operator":""},"paycell":{"count":"\u2705 15661  \u0639\u062f\u062f","amount":"19.75","operator":""},"paymaya":{"count":"\u274c","operator":"","amount":"\u2757\ufe0f"},"paypal":{"count":"\u2705 1000  \u0639\u062f\u062f","operator":"tele2","amount":"31.25"},"paysend":{"count":"\u274c","operator":"virtual4","amount":"\u2757\ufe0f"},"peoplecom":{"count":"\u274c","operator":"virtual18","amount":"\u2757\ufe0f"},"perekrestok":{"count":"\u274c","operator":"mts","amount":"\u2757\ufe0f"},"pof":{"count":"\u274c","operator":"virtual18","amount":"\u2757\ufe0f"},"pokec":{"count":"\u274c","operator":"virtual4","amount":"\u2757\ufe0f"},"pokermaster":{"count":"\u274c","operator":"mts","amount":"\u2757\ufe0f"},"potato":{"count":"\u274c","operator":"mts","amount":"\u2757\ufe0f"},"proton":{"count":"\u274c","operator":"mts","amount":"\u2757\ufe0f"},"protp":{"count":"\u274c","operator":"mts","amount":"\u2757\ufe0f"},"pubg":{"count":"\u274c","operator":"mts","amount":"\u2757\ufe0f"},"pyaterochka":{"count":"\u274c","operator":"mts","amount":"\u2757\ufe0f"},"qiwiwallet":{"count":"\u274c","operator":"rostelecom","amount":"\u2757\ufe0f"},"quioo":{"count":"\u274c","operator":"","amount":"\u2757\ufe0f"},"quipp":{"count":"\u274c","operator":"","amount":"\u2757\ufe0f"},"reuse":{"count":"\u274c","operator":"","amount":"\u2757\ufe0f"},"ripkord":{"count":"\u274c","operator":"","amount":"\u2757\ufe0f"},"samokat":{"count":"\u274c","operator":"mts","amount":"\u2757\ufe0f"},"seosprint":{"count":"\u274c","operator":"mts","amount":"\u2757\ufe0f"},"sheerid":{"count":"\u274c","operator":"mts","amount":"\u2757\ufe0f"},"shopee":{"count":"\u2705 1000  \u0639\u062f\u062f","amount":"18.75","operator":""},"signal":{"count":"\u274c","operator":"virtual4","amount":"\u2757\ufe0f"},"sikayetvar":{"count":"\u274c","operator":"virtual18","amount":"\u2757\ufe0f"},"skout":{"count":"\u274c","operator":"mts","amount":"\u2757\ufe0f"},"snapchat":{"count":"\u274c","operator":"mts","amount":"\u2757\ufe0f"},"steam":{"count":"\u274c","operator":"mts","amount":"\u2757\ufe0f"},"swvl":{"count":"\u274c","operator":"mts","amount":"\u2757\ufe0f"},"taksheel":{"count":"\u2705 462  \u0639\u062f\u062f","operator":"virtual4","amount":"39.38"},"tango":{"count":"\u274c","operator":"mts","amount":"\u2757\ufe0f"},"tantan":{"count":"\u274c","operator":"mts","amount":"\u2757\ufe0f"},"taobao":{"count":"\u2705 1000  \u0639\u062f\u062f","amount":"17","operator":""},"telegram":{"count":"\u2705 1000  \u0639\u062f\u062f","operator":"virtual21","amount":"12.77"},"tencentqq":{"count":"\u274c","operator":"mts","amount":"\u2757\ufe0f"},"tiktok":{"count":"\u274c","operator":"mts","amount":"\u2757\ufe0f"},"tinder":{"count":"\u274c","operator":"mts","amount":"\u2757\ufe0f"},"tosla":{"count":"\u274c","operator":"virtual18","amount":"\u2757\ufe0f"},"totalcoin":{"count":"\u274c","operator":"mts","amount":"\u2757\ufe0f"},"touchance":{"count":"\u274c","operator":"virtual23","amount":"\u2757\ufe0f"},"trendyol":{"count":"\u274c","operator":"virtual23","amount":"\u2757\ufe0f"},"truecaller":{"count":"\u274c","operator":"mts","amount":"\u2757\ufe0f"},"twitter":{"count":"\u274c","operator":"mts","amount":"\u2757\ufe0f"},"uber":{"count":"\u274c","operator":"mts","amount":"\u2757\ufe0f"},"uploaded":{"count":"\u274c","operator":"mts","amount":"\u2757\ufe0f"},"vernyi":{"count":"\u274c","operator":"mts","amount":"\u2757\ufe0f"},"viber":{"count":"\u274c","operator":"mts","amount":"\u2757\ufe0f"},"vkontakte":{"count":"\u2705 1000  \u0639\u062f\u062f","amount":"9.49","operator":""},"voopee":{"count":"\u274c","operator":"virtual21","amount":"\u2757\ufe0f"},"wechat":{"count":"\u274c","operator":"virtual23","amount":"\u2757\ufe0f"},"weibo":{"count":"\u274c","operator":"mts","amount":"\u2757\ufe0f"},"weku":{"count":"\u274c","operator":"mts","amount":"\u2757\ufe0f"},"whatsapp":{"count":"\u274c","operator":"rostelecom","amount":"\u2757\ufe0f"},"winston":{"count":"\u274c","operator":"mts","amount":"\u2757\ufe0f"},"wish":{"count":"\u274c","operator":"virtual4","amount":"\u2757\ufe0f"},"yahoo":{"count":"\u274c","operator":"mts","amount":"\u2757\ufe0f"},"yalla":{"count":"\u274c","operator":"mts","amount":"\u2757\ufe0f"},"yandex":{"count":"\u274c","operator":"mts","amount":"\u2757\ufe0f"},"yemeksepeti":{"count":"\u274c","operator":"virtual4","amount":"\u2757\ufe0f"},"youdo":{"count":"\u274c","operator":"mts","amount":"\u2757\ufe0f"},"youla":{"count":"\u274c","operator":"mts","amount":"\u2757\ufe0f"},"zalo":{"count":"\u274c","operator":"virtual4","amount":"\u2757\ufe0f"},"zoho":{"count":"\u274c","operator":"mts","amount":"\u2757\ufe0f"},"digikala":{"count":"\u274c","operator":"virtual4","amount":"\u2757\ufe0f"},"divar":{"count":"\u274c","operator":"virtual4","amount":"\u2757\ufe0f"},"hamrahaval":{"count":"\u274c","operator":"virtual23","amount":"\u2757\ufe0f"},"irancell":{"count":"\u274c","operator":"virtual4","amount":"\u2757\ufe0f"},"zomato":{"count":"\u2705 1000  \u0639\u062f\u062f","amount":"12.5","operator":""}}