{"1688":{"count":"\u2705 1000  \u0639\u062f\u062f","amount":"17.13","operator":""},"1xbet":{"count":"\u2705 1000  \u0639\u062f\u062f","amount":"23","operator":""},"23red":{"count":"\u274c","operator":"virtual18","amount":"\u2757\ufe0f"},"ace2three":{"count":"\u274c","operator":"","amount":"\u2757\ufe0f"},"adidas":{"count":"\u2705 4  \u0639\u062f\u062f","amount":"7","operator":""},"airbnb":{"count":"\u2705 1000  \u0639\u062f\u062f","amount":"21.25","operator":"yota"},"airtel":{"count":"\u2705 4  \u0639\u062f\u062f","amount":"7","operator":"virtual18"},"akelni":{"count":"\u274c","operator":"virtual18","amount":"\u2757\ufe0f"},"alibaba":{"count":"\u2705 1000  \u0639\u062f\u062f","amount":"19.18","operator":""},"aliexpress":{"count":"\u2705 4  \u0639\u062f\u062f","operator":"","amount":"1.9"},"alipay":{"count":"\u2705 4  \u0639\u062f\u062f","amount":"21","operator":""},"amasia":{"count":"\u2705 4  \u0639\u062f\u062f","amount":"6","operator":""},"amazon":{"count":"\u2705 3  \u0639\u062f\u062f","amount":"11","operator":"yota"},"aol":{"count":"\u2705 17619  \u0639\u062f\u062f","amount":"18.38","operator":"virtual18"},"avito":{"count":"\u2705 4  \u0639\u062f\u062f","amount":"8","operator":"virtual23"},"azino":{"count":"\u274c","operator":"virtual23","amount":"\u2757\ufe0f"},"b4ucabs":{"count":"\u274c","operator":"virtual23","amount":"\u2757\ufe0f"},"bigcash":{"count":"\u274c","operator":"virtual4","amount":"\u2757\ufe0f"},"bigolive":{"count":"\u2705 4  \u0639\u062f\u062f","amount":"8","operator":""},"bitclout":{"count":"\u274c","operator":"","amount":"\u2757\ufe0f"},"bittube":{"count":"\u274c","operator":"","amount":"\u2757\ufe0f"},"blablacar":{"count":"\u2705 4  \u0639\u062f\u062f","amount":"7","operator":""},"blizzard":{"count":"\u2705 4  \u0639\u062f\u062f","amount":"11","operator":"yota"},"blockchain":{"count":"\u274c","operator":"virtual23","amount":"\u2757\ufe0f"},"burgerking":{"count":"\u2705 4  \u0639\u062f\u062f","amount":"7","operator":""},"careem":{"count":"\u2705 9230  \u0639\u062f\u062f","amount":"26.25","operator":"yota"},"cdkeys":{"count":"\u2705 4  \u0639\u062f\u062f","amount":"7","operator":""},"cekkazan":{"count":"\u274c","operator":"","amount":"\u2757\ufe0f"},"citymobil":{"count":"\u2705 4  \u0639\u062f\u062f","amount":"8","operator":""},"clickentregas":{"count":"\u274c","operator":"","amount":"\u2757\ufe0f"},"coinbase":{"count":"\u2705 4  \u0639\u062f\u062f","amount":"20","operator":""},"craigslist":{"count":"\u2705 1000  \u0639\u062f\u062f","amount":"25","operator":"yota"},"deliveroo":{"count":"\u2705 4  \u0639\u062f\u062f","amount":"8","operator":"virtual23"},"delivery":{"count":"\u2705 4  \u0639\u062f\u062f","amount":"7","operator":"virtual4"},"dent":{"count":"\u2705 22688  \u0639\u062f\u062f","amount":"18.38","operator":"yota"},"didi":{"count":"\u2705 4  \u0639\u062f\u062f","amount":"5","operator":""},"discord":{"count":"\u2705 5254  \u0639\u062f\u062f","amount":"13.13","operator":"yota"},"dixy":{"count":"\u274c","operator":"virtual4","amount":"\u2757\ufe0f"},"dodopizza":{"count":"\u2705 4  \u0639\u062f\u062f","amount":"9","operator":""},"domdara":{"count":"\u274c","operator":"","amount":"\u2757\ufe0f"},"dostavista":{"count":"\u2705 4  \u0639\u062f\u062f","amount":"10","operator":""},"douyu":{"count":"\u2705 1000  \u0639\u062f\u062f","amount":"28.3","operator":""},"drom":{"count":"\u2705 4  \u0639\u062f\u062f","amount":"8","operator":"virtual23"},"drugvokrug":{"count":"\u2705 4  \u0639\u062f\u062f","amount":"8","operator":""},"dukascopy":{"count":"\u274c","operator":"","amount":"\u2757\ufe0f"},"ebay":{"count":"\u2705 1000  \u0639\u062f\u062f","amount":"31.25","operator":"yota"},"edgeless":{"count":"\u274c","operator":"virtual23","amount":"\u2757\ufe0f"},"electroneum":{"count":"\u274c","operator":"virtual4","amount":"\u2757\ufe0f"},"ezway":{"count":"\u274c","operator":"","amount":"\u2757\ufe0f"},"facebook":{"count":"\u2705 1000  \u0639\u062f\u062f","amount":"9.69","operator":""},"fiverr":{"count":"\u274c","operator":"virtual4","amount":"\u2757\ufe0f"},"flipkart":{"count":"\u274c","operator":"","amount":"\u2757\ufe0f"},"foodpanda":{"count":"\u2705 4  \u0639\u062f\u062f","amount":"10","operator":"yota"},"foody":{"count":"\u2705 4  \u0639\u062f\u062f","amount":"10","operator":"virtual23"},"forwarding":{"count":"\u274c","operator":"virtual23","amount":"\u2757\ufe0f"},"galaxy":{"count":"\u274c","operator":"","amount":"\u2757\ufe0f"},"gameflip":{"count":"\u274c","operator":"","amount":"\u2757\ufe0f"},"gcash":{"count":"\u274c","operator":"","amount":"\u2757\ufe0f"},"get":{"count":"\u274c","operator":"","amount":"\u2757\ufe0f"},"getir":{"count":"\u2705 4  \u0639\u062f\u062f","amount":"8","operator":""},"gett":{"count":"\u2705 4  \u0639\u062f\u062f","amount":"7","operator":""},"globus":{"count":"\u2705 4  \u0639\u062f\u062f","amount":"10","operator":""},"glovo":{"count":"\u274c","operator":"","amount":"\u2757\ufe0f"},"google":{"count":"\u2705 1000  \u0639\u062f\u062f","amount":"13.5","operator":"yota"},"grabtaxi":{"count":"\u2705 4  \u0639\u062f\u062f","amount":"10","operator":"virtual23"},"green":{"count":"\u274c","operator":"virtual23","amount":"\u2757\ufe0f"},"grindr":{"count":"\u2705 4  \u0639\u062f\u062f","amount":"8","operator":""},"haraj":{"count":"\u2705 4  \u0639\u062f\u062f","amount":"36","operator":""},"hezzl":{"count":"\u2705 4  \u0639\u062f\u062f","amount":"9","operator":""},"hopi":{"count":"\u2705 4  \u0639\u062f\u062f","amount":"9","operator":""},"hqtrivia":{"count":"\u2705 6563  \u0639\u062f\u062f","amount":"18.38","operator":"yota"},"icard":{"count":"\u274c","operator":"","amount":"\u2757\ufe0f"},"icq":{"count":"\u2705 4  \u0639\u062f\u062f","amount":"6","operator":""},"imo":{"count":"\u2705 4  \u0639\u062f\u062f","amount":"16","operator":"yota"},"ininal":{"count":"\u2705 4  \u0639\u062f\u062f","amount":"7","operator":""},"instagram":{"count":"\u2705 1000  \u0639\u062f\u062f","amount":"17.5","operator":"yota"},"iost":{"count":"\u274c","operator":"virtual23","amount":"\u2757\ufe0f"},"jd":{"count":"\u2705 1000  \u0639\u062f\u062f","amount":"13","operator":"yota"},"justdating":{"count":"\u2705 4  \u0639\u062f\u062f","amount":"10","operator":"virtual23"},"kakaotalk":{"count":"\u274c","amount":"\u2757\ufe0f","operator":"virtual21"},"keybase":{"count":"\u274c","operator":"virtual18","amount":"\u2757\ufe0f"},"komandacard":{"count":"\u274c","operator":"virtual4","amount":"\u2757\ufe0f"},"kotak811":{"count":"\u2705 4  \u0639\u062f\u062f","amount":"8","operator":"virtual23"},"kufarby":{"count":"\u2705 4  \u0639\u062f\u062f","amount":"5","operator":"virtual4"},"kwai":{"count":"\u274c","operator":"virtual23","amount":"\u2757\ufe0f"},"lazada":{"count":"\u274c","operator":"virtual4","amount":"\u2757\ufe0f"},"lbry":{"count":"\u274c","operator":"","amount":"\u2757\ufe0f"},"lenta":{"count":"\u2705 4  \u0639\u062f\u062f","amount":"9","operator":""},"lianxin":{"count":"\u274c","operator":"","amount":"\u2757\ufe0f"},"line":{"count":"\u2705 1000  \u0639\u062f\u062f","amount":"17.5","operator":"yota"},"linkedin":{"count":"\u2705 5759  \u0639\u062f\u062f","operator":"virtual23","amount":"22.38"},"livescore":{"count":"\u2705 4  \u0639\u062f\u062f","amount":"6","operator":"virtual4"},"magnit":{"count":"\u2705 4  \u0639\u062f\u062f","amount":"5","operator":"virtual4"},"magnolia":{"count":"\u2705 4  \u0639\u062f\u062f","amount":"5","operator":""},"mailru":{"count":"\u2705 4  \u0639\u062f\u062f","amount":"7","operator":""},"mamba":{"count":"\u2705 4  \u0639\u062f\u062f","amount":"5","operator":""},"mcdonalds":{"count":"\u2705 4  \u0639\u062f\u062f","amount":"7","operator":""},"meetme":{"count":"\u274c","operator":"","amount":"\u2757\ufe0f"},"mega":{"count":"\u2705 4  \u0639\u062f\u062f","amount":"9","operator":""},"mercado":{"count":"\u2705 4  \u0639\u062f\u062f","amount":"7","operator":""},"michat":{"count":"\u2705 4  \u0639\u062f\u062f","amount":"17","operator":"yota"},"microsoft":{"count":"\u2705 1000  \u0639\u062f\u062f","amount":"10.87","operator":""},"miratorg":{"count":"\u2705 4  \u0639\u062f\u062f","amount":"8","operator":"virtual23"},"mtscashback":{"count":"\u2705 4  \u0639\u062f\u062f","amount":"18","operator":""},"nana":{"count":"\u274c","operator":"virtual4","amount":"\u2757\ufe0f"},"naver":{"count":"\u2705 3  \u0639\u062f\u062f","amount":"7","operator":"yota"},"netflix":{"count":"\u274c","operator":"virtual18","amount":"\u2757\ufe0f"},"nhseven":{"count":"\u2705 4  \u0639\u062f\u062f","amount":"8","operator":"virtual4"},"nifty":{"count":"\u274c","operator":"virtual23","amount":"\u2757\ufe0f"},"nike":{"count":"\u2705 4  \u0639\u062f\u062f","amount":"9","operator":""},"nimses":{"count":"\u274c","operator":"virtual4","amount":"\u2757\ufe0f"},"nttgame":{"count":"\u2705 1000  \u0639\u062f\u062f","amount":"15","operator":"yota"},"odnoklassniki":{"count":"\u2705 4  \u0639\u062f\u062f","amount":"7","operator":"virtual4"},"offerup":{"count":"\u2705 5107  \u0639\u062f\u062f","amount":"19.75","operator":"virtual23"},"okcupid":{"count":"\u274c","operator":"virtual4","amount":"\u2757\ufe0f"},"okey":{"count":"\u274c","operator":"virtual4","amount":"\u2757\ufe0f"},"olx":{"count":"\u2705 5060  \u0639\u062f\u062f","amount":"18.38","operator":"virtual15"},"openpoint":{"count":"\u274c","operator":"virtual4","amount":"\u2757\ufe0f"},"oraclecloud":{"count":"\u274c","operator":"virtual4","amount":"\u2757\ufe0f"},"other":{"count":"\u2705 4  \u0639\u062f\u062f","amount":"20","operator":""},"ozon":{"count":"\u2705 4  \u0639\u062f\u062f","amount":"8","operator":""},"pairs":{"count":"\u2705 4  \u0639\u062f\u062f","amount":"8","operator":""},"papara":{"count":"\u2705 4  \u0639\u062f\u062f","amount":"20","operator":""},"paycell":{"count":"\u2705 23266  \u0639\u062f\u062f","amount":"22.38","operator":""},"paymaya":{"count":"\u274c","operator":"","amount":"\u2757\ufe0f"},"paypal":{"count":"\u2705 3  \u0639\u062f\u062f","amount":"19","operator":""},"paysend":{"count":"\u2705 4  \u0639\u062f\u062f","amount":"8","operator":"virtual18"},"peoplecom":{"count":"\u274c","operator":"virtual18","amount":"\u2757\ufe0f"},"perekrestok":{"count":"\u2705 4  \u0639\u062f\u062f","amount":"9","operator":""},"pof":{"count":"\u2705 4  \u0639\u062f\u062f","amount":"12","operator":""},"pokec":{"count":"\u274c","operator":"virtual4","amount":"\u2757\ufe0f"},"pokermaster":{"count":"\u274c","operator":"","amount":"\u2757\ufe0f"},"potato":{"count":"\u2705 4  \u0639\u062f\u062f","amount":"5","operator":""},"proton":{"count":"\u274c","operator":"","amount":"\u2757\ufe0f"},"protp":{"count":"\u2705 4  \u0639\u062f\u062f","amount":"7","operator":""},"pubg":{"count":"\u274c","operator":"","amount":"\u2757\ufe0f"},"pyaterochka":{"count":"\u2705 4  \u0639\u062f\u062f","amount":"5","operator":""},"qiwiwallet":{"count":"\u2705 4  \u0639\u062f\u062f","amount":"9","operator":""},"quioo":{"count":"\u274c","operator":"","amount":"\u2757\ufe0f"},"quipp":{"count":"\u2705 4  \u0639\u062f\u062f","amount":"6","operator":""},"reuse":{"count":"\u274c","operator":"","amount":"\u2757\ufe0f"},"ripkord":{"count":"\u274c","operator":"","amount":"\u2757\ufe0f"},"samokat":{"count":"\u2705 4  \u0639\u062f\u062f","amount":"9","operator":""},"seosprint":{"count":"\u2705 4  \u0639\u062f\u062f","amount":"9","operator":""},"sheerid":{"count":"\u2705 4  \u0639\u062f\u062f","amount":"7","operator":""},"shopee":{"count":"\u2705 4  \u0639\u062f\u062f","amount":"17","operator":""},"signal":{"count":"\u274c","operator":"virtual4","amount":"\u2757\ufe0f"},"sikayetvar":{"count":"\u2705 4  \u0639\u062f\u062f","amount":"5","operator":""},"skout":{"count":"\u2705 3  \u0639\u062f\u062f","amount":"12","operator":"yota"},"snapchat":{"count":"\u2705 4  \u0639\u062f\u062f","amount":"19","operator":"yota"},"steam":{"count":"\u2705 1000  \u0639\u062f\u062f","amount":"12.77","operator":"yota"},"swvl":{"count":"\u2705 4  \u0639\u062f\u062f","amount":"9","operator":""},"taksheel":{"count":"\u2705 4334  \u0639\u062f\u062f","amount":"39.38","operator":"virtual4"},"tango":{"count":"\u2705 4  \u0639\u062f\u062f","amount":"8","operator":""},"tantan":{"count":"\u274c","operator":"virtual4","amount":"\u2757\ufe0f"},"taobao":{"count":"\u2705 1000  \u0639\u062f\u062f","amount":"13.75","operator":""},"telegram":{"count":"\u2705 1000  \u0639\u062f\u062f","amount":"17.5","operator":"virtual21"},"tencentqq":{"count":"\u2705 4  \u0639\u062f\u062f","amount":"7","operator":"virtual23"},"tiktok":{"count":"\u2705 4  \u0639\u062f\u062f","amount":"12","operator":""},"tinder":{"count":"\u2705 1000  \u0639\u062f\u062f","amount":"12.44","operator":"yota"},"tosla":{"count":"\u2705 4  \u0639\u062f\u062f","amount":"7","operator":"virtual23"},"totalcoin":{"count":"\u274c","operator":"virtual23","amount":"\u2757\ufe0f"},"touchance":{"count":"\u2705 4  \u0639\u062f\u062f","amount":"5","operator":"virtual4"},"trendyol":{"count":"\u2705 4  \u0639\u062f\u062f","amount":"8","operator":""},"truecaller":{"count":"\u2705 4  \u0639\u062f\u062f","amount":"16","operator":"yota"},"twitter":{"count":"\u2705 1000  \u0639\u062f\u062f","amount":"13.72","operator":"yota"},"uber":{"count":"\u2705 1000  \u0639\u062f\u062f","amount":"14.1","operator":"yota"},"uploaded":{"count":"\u274c","operator":"virtual18","amount":"\u2757\ufe0f"},"vernyi":{"count":"\u274c","operator":"virtual21","amount":"\u2757\ufe0f"},"viber":{"count":"\u2705 1000  \u0639\u062f\u062f","amount":"11.5","operator":""},"vkontakte":{"count":"\u2705 4  \u0639\u062f\u062f","amount":"9","operator":""},"voopee":{"count":"\u274c","operator":"virtual23","amount":"\u2757\ufe0f"},"wechat":{"count":"\u274c","operator":"beeline","amount":"\u2757\ufe0f"},"weibo":{"count":"\u2705 4  \u0639\u062f\u062f","amount":"14","operator":"yota"},"weku":{"count":"\u274c","operator":"virtual23","amount":"\u2757\ufe0f"},"whatsapp":{"count":"\u2705 1000  \u0639\u062f\u062f","amount":"12.52","operator":""},"winston":{"count":"\u274c","operator":"virtual23","amount":"\u2757\ufe0f"},"wish":{"count":"\u2705 3  \u0639\u062f\u062f","amount":"9","operator":"virtual4"},"yahoo":{"count":"\u2705 1000  \u0639\u062f\u062f","amount":"15","operator":"yota"},"yalla":{"count":"\u2705 4  \u0639\u062f\u062f","amount":"17","operator":"yota"},"yandex":{"count":"\u2705 4  \u0639\u062f\u062f","amount":"12","operator":""},"yemeksepeti":{"count":"\u2705 4  \u0639\u062f\u062f","amount":"6","operator":"virtual4"},"youdo":{"count":"\u274c","operator":"virtual4","amount":"\u2757\ufe0f"},"youla":{"count":"\u2705 4  \u0639\u062f\u062f","amount":"7","operator":""},"zalo":{"count":"\u2705 4  \u0639\u062f\u062f","amount":"9","operator":""},"zoho":{"count":"\u2705 4  \u0639\u062f\u062f","amount":"14","operator":"yota"},"digikala":{"count":"\u2705 4  \u0639\u062f\u062f","amount":"9","operator":""},"divar":{"count":"\u2705 4  \u0639\u062f\u062f","amount":"8","operator":""},"hamrahaval":{"count":"\u2705 4  \u0639\u062f\u062f","amount":"5","operator":""},"irancell":{"count":"\u2705 4  \u0639\u062f\u062f","amount":"7","operator":""},"zomato":{"count":"\u2705 1000  \u0639\u062f\u062f","amount":"12.5","operator":""}}