{"1688":{"count":"\u2705 1000  \u0639\u062f\u062f","amount":"20","operator":""},"1xbet":{"count":"\u2705 1000  \u0639\u062f\u062f","amount":"24","operator":""},"23red":{"count":"\u274c","operator":"virtual23","amount":"\u2757\ufe0f"},"ace2three":{"count":"\u274c","operator":"","amount":"\u2757\ufe0f"},"adidas":{"count":"\u2705 8  \u0639\u062f\u062f","amount":"6","operator":""},"airbnb":{"count":"\u2705 6  \u0639\u062f\u062f","amount":"12","operator":""},"airtel":{"count":"\u2705 8  \u0639\u062f\u062f","amount":"6","operator":"virtual18"},"akelni":{"count":"\u274c","operator":"virtual18","amount":"\u2757\ufe0f"},"alibaba":{"count":"\u2705 1000  \u0639\u062f\u062f","amount":"25","operator":""},"aliexpress":{"count":"\u2705 5  \u0639\u062f\u062f","operator":"","amount":"1.9"},"alipay":{"count":"\u2705 3  \u0639\u062f\u062f","amount":"10","operator":"virtual23"},"amasia":{"count":"\u2705 8  \u0639\u062f\u062f","amount":"7","operator":""},"amazon":{"count":"\u2705 6  \u0639\u062f\u062f","amount":"14","operator":""},"aol":{"count":"\u2705 8  \u0639\u062f\u062f","amount":"13","operator":""},"avito":{"count":"\u2705 8  \u0639\u062f\u062f","amount":"8","operator":"virtual23"},"azino":{"count":"\u274c","operator":"virtual23","amount":"\u2757\ufe0f"},"b4ucabs":{"count":"\u274c","operator":"virtual23","amount":"\u2757\ufe0f"},"bigcash":{"count":"\u274c","operator":"virtual21","amount":"\u2757\ufe0f"},"bigolive":{"count":"\u2705 6  \u0639\u062f\u062f","amount":"10","operator":""},"bitclout":{"count":"\u274c","operator":"","amount":"\u2757\ufe0f"},"bittube":{"count":"\u274c","operator":"","amount":"\u2757\ufe0f"},"blablacar":{"count":"\u2705 6  \u0639\u062f\u062f","amount":"5","operator":""},"blizzard":{"count":"\u2705 1000  \u0639\u062f\u062f","amount":"12.72","operator":""},"blockchain":{"count":"\u274c","operator":"virtual23","amount":"\u2757\ufe0f"},"burgerking":{"count":"\u2705 8  \u0639\u062f\u062f","amount":"7","operator":""},"careem":{"count":"\u2705 8547  \u0639\u062f\u062f","amount":"21","operator":""},"cdkeys":{"count":"\u2705 8  \u0639\u062f\u062f","amount":"7","operator":""},"cekkazan":{"count":"\u274c","operator":"","amount":"\u2757\ufe0f"},"citymobil":{"count":"\u2705 8  \u0639\u062f\u062f","amount":"7","operator":""},"clickentregas":{"count":"\u274c","operator":"","amount":"\u2757\ufe0f"},"coinbase":{"count":"\u2705 8  \u0639\u062f\u062f","amount":"24","operator":""},"craigslist":{"count":"\u2705 1000  \u0639\u062f\u062f","amount":"22.33","operator":""},"deliveroo":{"count":"\u2705 8  \u0639\u062f\u062f","amount":"10","operator":"virtual23"},"delivery":{"count":"\u2705 8  \u0639\u062f\u062f","amount":"6","operator":"virtual4"},"dent":{"count":"\u2705 8  \u0639\u062f\u062f","amount":"7","operator":""},"didi":{"count":"\u2705 7  \u0639\u062f\u062f","amount":"9","operator":""},"discord":{"count":"\u2705 3  \u0639\u062f\u062f","amount":"7","operator":""},"dixy":{"count":"\u274c","operator":"virtual4","amount":"\u2757\ufe0f"},"dodopizza":{"count":"\u2705 8  \u0639\u062f\u062f","amount":"10","operator":""},"domdara":{"count":"\u274c","operator":"","amount":"\u2757\ufe0f"},"dostavista":{"count":"\u2705 8  \u0639\u062f\u062f","amount":"7","operator":""},"douyu":{"count":"\u2705 1000  \u0639\u062f\u062f","amount":"28.3","operator":""},"drom":{"count":"\u2705 8  \u0639\u062f\u062f","amount":"6","operator":"virtual23"},"drugvokrug":{"count":"\u2705 8  \u0639\u062f\u062f","amount":"8","operator":""},"dukascopy":{"count":"\u274c","operator":"","amount":"\u2757\ufe0f"},"ebay":{"count":"\u2705 1000  \u0639\u062f\u062f","amount":"15.43","operator":""},"edgeless":{"count":"\u274c","operator":"virtual23","amount":"\u2757\ufe0f"},"electroneum":{"count":"\u274c","operator":"virtual4","amount":"\u2757\ufe0f"},"ezway":{"count":"\u274c","operator":"","amount":"\u2757\ufe0f"},"facebook":{"count":"\u2705 1  \u0639\u062f\u062f","amount":"10","operator":""},"fiverr":{"count":"\u274c","operator":"virtual23","amount":"\u2757\ufe0f"},"flipkart":{"count":"\u274c","operator":"","amount":"\u2757\ufe0f"},"foodpanda":{"count":"\u2705 1000  \u0639\u062f\u062f","amount":"12.11","operator":""},"foody":{"count":"\u2705 8  \u0639\u062f\u062f","amount":"10","operator":"virtual23"},"forwarding":{"count":"\u274c","operator":"virtual4","amount":"\u2757\ufe0f"},"galaxy":{"count":"\u274c","operator":"","amount":"\u2757\ufe0f"},"gameflip":{"count":"\u274c","operator":"","amount":"\u2757\ufe0f"},"gcash":{"count":"\u274c","operator":"","amount":"\u2757\ufe0f"},"get":{"count":"\u274c","operator":"","amount":"\u2757\ufe0f"},"getir":{"count":"\u2705 8  \u0639\u062f\u062f","amount":"5","operator":""},"gett":{"count":"\u2705 8  \u0639\u062f\u062f","amount":"6","operator":""},"globus":{"count":"\u2705 8  \u0639\u062f\u062f","amount":"9","operator":""},"glovo":{"count":"\u274c","operator":"","amount":"\u2757\ufe0f"},"google":{"count":"\u2705 1000  \u0639\u062f\u062f","amount":"12.56","operator":""},"grabtaxi":{"count":"\u2705 8  \u0639\u062f\u062f","amount":"6","operator":"virtual23"},"green":{"count":"\u274c","operator":"virtual23","amount":"\u2757\ufe0f"},"grindr":{"count":"\u2705 8  \u0639\u062f\u062f","amount":"8","operator":""},"haraj":{"count":"\u2705 512  \u0639\u062f\u062f","amount":"39.38","operator":"virtual4"},"hezzl":{"count":"\u2705 8  \u0639\u062f\u062f","amount":"7","operator":""},"hopi":{"count":"\u2705 8  \u0639\u062f\u062f","amount":"8","operator":""},"hqtrivia":{"count":"\u2705 8  \u0639\u062f\u062f","amount":"12","operator":""},"icard":{"count":"\u274c","operator":"","amount":"\u2757\ufe0f"},"icq":{"count":"\u2705 7  \u0639\u062f\u062f","amount":"10","operator":""},"imo":{"count":"\u2705 1000  \u0639\u062f\u062f","amount":"17.4","operator":""},"ininal":{"count":"\u2705 8  \u0639\u062f\u062f","amount":"9","operator":""},"instagram":{"count":"\u2705 1000  \u0639\u062f\u062f","amount":"11.47","operator":""},"iost":{"count":"\u274c","operator":"virtual18","amount":"\u2757\ufe0f"},"jd":{"count":"\u2705 2  \u0639\u062f\u062f","amount":"8","operator":""},"justdating":{"count":"\u2705 8  \u0639\u062f\u062f","amount":"9","operator":"virtual23"},"kakaotalk":{"count":"\u2705 1000  \u0639\u062f\u062f","amount":"18.75","operator":"virtual21"},"keybase":{"count":"\u2705 8  \u0639\u062f\u062f","operator":"lycamobile","amount":"18"},"komandacard":{"count":"\u274c","operator":"virtual4","amount":"\u2757\ufe0f"},"kotak811":{"count":"\u2705 8  \u0639\u062f\u062f","amount":"10","operator":"virtual8"},"kufarby":{"count":"\u2705 8  \u0639\u062f\u062f","amount":"8","operator":"virtual23"},"kwai":{"count":"\u274c","operator":"virtual23","amount":"\u2757\ufe0f"},"lazada":{"count":"\u274c","operator":"virtual4","amount":"\u2757\ufe0f"},"lbry":{"count":"\u274c","operator":"","amount":"\u2757\ufe0f"},"lenta":{"count":"\u2705 8  \u0639\u062f\u062f","amount":"10","operator":""},"lianxin":{"count":"\u274c","operator":"","amount":"\u2757\ufe0f"},"line":{"count":"\u2705 1000  \u0639\u062f\u062f","amount":"11.75","operator":""},"linkedin":{"count":"\u2705 7  \u0639\u062f\u062f","operator":"virtual23","amount":"18"},"livescore":{"count":"\u2705 8  \u0639\u062f\u062f","amount":"7","operator":"virtual4"},"magnit":{"count":"\u2705 8  \u0639\u062f\u062f","amount":"9","operator":"virtual23"},"magnolia":{"count":"\u2705 8  \u0639\u062f\u062f","amount":"5","operator":""},"mailru":{"count":"\u2705 8  \u0639\u062f\u062f","amount":"9","operator":""},"mamba":{"count":"\u2705 8  \u0639\u062f\u062f","amount":"7","operator":""},"mcdonalds":{"count":"\u2705 8  \u0639\u062f\u062f","amount":"8","operator":""},"meetme":{"count":"\u274c","operator":"","amount":"\u2757\ufe0f"},"mega":{"count":"\u2705 8  \u0639\u062f\u062f","amount":"9","operator":""},"mercado":{"count":"\u2705 8  \u0639\u062f\u062f","amount":"5","operator":""},"michat":{"count":"\u2705 8  \u0639\u062f\u062f","amount":"17","operator":""},"microsoft":{"count":"\u2705 1000  \u0639\u062f\u062f","amount":"9.95","operator":""},"miratorg":{"count":"\u2705 8  \u0639\u062f\u062f","amount":"8","operator":"virtual23"},"mtscashback":{"count":"\u2705 8  \u0639\u062f\u062f","amount":"18","operator":""},"nana":{"count":"\u2705 662  \u0639\u062f\u062f","amount":"15","operator":""},"naver":{"count":"\u2705 1000  \u0639\u062f\u062f","amount":"13.66","operator":""},"netflix":{"count":"\u2705 1000  \u0639\u062f\u062f","amount":"11.94","operator":""},"nhseven":{"count":"\u2705 8  \u0639\u062f\u062f","amount":"6","operator":"virtual4"},"nifty":{"count":"\u274c","operator":"virtual23","amount":"\u2757\ufe0f"},"nike":{"count":"\u2705 1000  \u0639\u062f\u062f","amount":"11.87","operator":""},"nimses":{"count":"\u274c","operator":"virtual21","amount":"\u2757\ufe0f"},"nttgame":{"count":"\u2705 1000  \u0639\u062f\u062f","amount":"14","operator":""},"odnoklassniki":{"count":"\u2705 1  \u0639\u062f\u062f","amount":"3","operator":"virtual4"},"offerup":{"count":"\u2705 859  \u0639\u062f\u062f","amount":"19.75","operator":"virtual23"},"okcupid":{"count":"\u274c","operator":"virtual4","amount":"\u2757\ufe0f"},"okey":{"count":"\u274c","operator":"virtual4","amount":"\u2757\ufe0f"},"olx":{"count":"\u2705 8  \u0639\u062f\u062f","amount":"11","operator":""},"openpoint":{"count":"\u274c","operator":"virtual4","amount":"\u2757\ufe0f"},"oraclecloud":{"count":"\u274c","operator":"virtual4","amount":"\u2757\ufe0f"},"other":{"count":"\u2705 8  \u0639\u062f\u062f","amount":"20","operator":"virtual23"},"ozon":{"count":"\u2705 8  \u0639\u062f\u062f","amount":"9","operator":""},"pairs":{"count":"\u2705 8  \u0639\u062f\u062f","amount":"8","operator":""},"papara":{"count":"\u2705 8  \u0639\u062f\u062f","amount":"26","operator":""},"paycell":{"count":"\u2705 8  \u0639\u062f\u062f","amount":"18","operator":""},"paymaya":{"count":"\u274c","operator":"","amount":"\u2757\ufe0f"},"paypal":{"count":"\u2705 1000  \u0639\u062f\u062f","amount":"31.25","operator":""},"paysend":{"count":"\u2705 8  \u0639\u062f\u062f","amount":"7","operator":"virtual18"},"peoplecom":{"count":"\u274c","operator":"virtual18","amount":"\u2757\ufe0f"},"perekrestok":{"count":"\u2705 8  \u0639\u062f\u062f","amount":"6","operator":""},"pof":{"count":"\u2705 1000  \u0639\u062f\u062f","amount":"11.96","operator":""},"pokec":{"count":"\u274c","operator":"virtual4","amount":"\u2757\ufe0f"},"pokermaster":{"count":"\u274c","operator":"","amount":"\u2757\ufe0f"},"potato":{"count":"\u2705 8  \u0639\u062f\u062f","amount":"10","operator":""},"proton":{"count":"\u274c","operator":"","amount":"\u2757\ufe0f"},"protp":{"count":"\u2705 8  \u0639\u062f\u062f","amount":"7","operator":""},"pubg":{"count":"\u274c","operator":"","amount":"\u2757\ufe0f"},"pyaterochka":{"count":"\u2705 8  \u0639\u062f\u062f","amount":"8","operator":""},"qiwiwallet":{"count":"\u2705 8  \u0639\u062f\u062f","amount":"6","operator":""},"quioo":{"count":"\u274c","operator":"","amount":"\u2757\ufe0f"},"quipp":{"count":"\u2705 8  \u0639\u062f\u062f","amount":"8","operator":""},"reuse":{"count":"\u274c","operator":"","amount":"\u2757\ufe0f"},"ripkord":{"count":"\u274c","operator":"","amount":"\u2757\ufe0f"},"samokat":{"count":"\u2705 8  \u0639\u062f\u062f","amount":"6","operator":""},"seosprint":{"count":"\u2705 8  \u0639\u062f\u062f","amount":"6","operator":""},"sheerid":{"count":"\u2705 8  \u0639\u062f\u062f","amount":"25","operator":""},"shopee":{"count":"\u2705 6386  \u0639\u062f\u062f","amount":"22.38","operator":""},"signal":{"count":"\u274c","operator":"virtual4","amount":"\u2757\ufe0f"},"sikayetvar":{"count":"\u2705 8  \u0639\u062f\u062f","amount":"6","operator":""},"skout":{"count":"\u2705 7  \u0639\u062f\u062f","amount":"8","operator":""},"snapchat":{"count":"\u2705 18579  \u0639\u062f\u062f","amount":"21","operator":"virtual21"},"steam":{"count":"\u2705 1000  \u0639\u062f\u062f","amount":"14.34","operator":""},"swvl":{"count":"\u2705 8  \u0639\u062f\u062f","amount":"8","operator":""},"taksheel":{"count":"\u2705 462  \u0639\u062f\u062f","amount":"39.38","operator":"virtual4"},"tango":{"count":"\u2705 8  \u0639\u062f\u062f","amount":"7","operator":""},"tantan":{"count":"\u274c","operator":"virtual4","amount":"\u2757\ufe0f"},"taobao":{"count":"\u2705 1000  \u0639\u062f\u062f","amount":"16.46","operator":""},"telegram":{"count":"\u2705 1000  \u0639\u062f\u062f","amount":"11.61","operator":"virtual18|virtual23|virtual4||"},"tencentqq":{"count":"\u2705 7  \u0639\u062f\u062f","amount":"8","operator":"virtual23"},"tiktok":{"count":"\u2705 1000  \u0639\u062f\u062f","amount":"13","operator":"virtual18|virtual23|||"},"tinder":{"count":"\u274c","operator":"virtual18","amount":"\u2757\ufe0f"},"tosla":{"count":"\u2705 8  \u0639\u062f\u062f","amount":"8","operator":"virtual23"},"totalcoin":{"count":"\u274c","operator":"virtual23","amount":"\u2757\ufe0f"},"touchance":{"count":"\u2705 8  \u0639\u062f\u062f","amount":"8","operator":"virtual4"},"trendyol":{"count":"\u2705 8  \u0639\u062f\u062f","amount":"8","operator":""},"truecaller":{"count":"\u2705 7  \u0639\u062f\u062f","amount":"16","operator":""},"twitter":{"count":"\u2705 1000  \u0639\u062f\u062f","amount":"11.83","operator":""},"uber":{"count":"\u2705 5  \u0639\u062f\u062f","amount":"12","operator":""},"uploaded":{"count":"\u274c","operator":"virtual18","amount":"\u2757\ufe0f"},"vernyi":{"count":"\u274c","operator":"virtual21","amount":"\u2757\ufe0f"},"viber":{"count":"\u2705 1000  \u0639\u062f\u062f","amount":"11.5","operator":""},"vkontakte":{"count":"\u2705 1000  \u0639\u062f\u062f","amount":"9.52","operator":""},"voopee":{"count":"\u274c","operator":"virtual21","amount":"\u2757\ufe0f"},"wechat":{"count":"\u274c","amount":"\u2757\ufe0f","operator":"tele2"},"weibo":{"count":"\u2705 8  \u0639\u062f\u062f","amount":"14","operator":""},"weku":{"count":"\u274c","operator":"virtual23","amount":"\u2757\ufe0f"},"whatsapp":{"count":"\u2705 1000  \u0639\u062f\u062f","operator":"virtual18|virtual23|||","amount":"11.99"},"winston":{"count":"\u274c","operator":"virtual23","amount":"\u2757\ufe0f"},"wish":{"count":"\u2705 8  \u0639\u062f\u062f","amount":"6","operator":"virtual4"},"yahoo":{"count":"\u2705 1000  \u0639\u062f\u062f","amount":"15.24","operator":"virtual21"},"yalla":{"count":"\u2705 3  \u0639\u062f\u062f","amount":"17","operator":"virtual21"},"yandex":{"count":"\u2705 6  \u0639\u062f\u062f","amount":"12","operator":""},"yemeksepeti":{"count":"\u2705 8  \u0639\u062f\u062f","amount":"6","operator":"virtual4"},"youdo":{"count":"\u274c","operator":"virtual4","amount":"\u2757\ufe0f"},"youla":{"count":"\u2705 8  \u0639\u062f\u062f","amount":"8","operator":""},"zalo":{"count":"\u2705 8  \u0639\u062f\u062f","amount":"8","operator":""},"zoho":{"count":"\u2705 8  \u0639\u062f\u062f","amount":"14","operator":""},"digikala":{"count":"\u2705 8  \u0639\u062f\u062f","amount":"7","operator":""},"divar":{"count":"\u2705 8  \u0639\u062f\u062f","amount":"7","operator":""},"hamrahaval":{"count":"\u2705 8  \u0639\u062f\u062f","amount":"10","operator":""},"irancell":{"count":"\u2705 8  \u0639\u062f\u062f","amount":"7","operator":""},"zomato":{"count":"\u2705 1000  \u0639\u062f\u062f","amount":"12.5","operator":""},"":{"operator":"||||"}}