{"1688":{"count":"\u2705 1000  \u0639\u062f\u062f","amount":"19","operator":""},"1xbet":{"count":"\u2705 1000  \u0639\u062f\u062f","amount":"23","operator":""},"23red":{"count":"\u274c","operator":"virtual23","amount":"\u2757\ufe0f"},"ace2three":{"count":"\u274c","operator":"","amount":"\u2757\ufe0f"},"adidas":{"count":"\u274c","amount":"\u2757\ufe0f","operator":""},"airbnb":{"count":"\u2705 1000  \u0639\u062f\u062f","amount":"12.5","operator":""},"airtel":{"count":"\u274c","amount":"\u2757\ufe0f","operator":"virtual4"},"akelni":{"count":"\u274c","operator":"virtual18","amount":"\u2757\ufe0f"},"alibaba":{"count":"\u2705 1000  \u0639\u062f\u062f","amount":"15.89","operator":""},"aliexpress":{"count":"\u2705 1000  \u0639\u062f\u062f","operator":"virtual4","amount":"25"},"alipay":{"count":"\u274c","amount":"\u2757\ufe0f","operator":"virtual23"},"amasia":{"count":"\u274c","amount":"\u2757\ufe0f","operator":"virtual23"},"amazon":{"count":"\u2705 1000  \u0639\u062f\u062f","amount":"12.26","operator":""},"aol":{"count":"\u2705 12498  \u0639\u062f\u062f","amount":"14.5","operator":"virtual21"},"avito":{"count":"\u274c","amount":"8","operator":"virtual21"},"azino":{"count":"\u274c","operator":"virtual23","amount":"\u2757\ufe0f"},"b4ucabs":{"count":"\u274c","operator":"virtual23","amount":"\u2757\ufe0f"},"bigcash":{"count":"\u274c","operator":"virtual21","amount":"\u2757\ufe0f"},"bigolive":{"count":"\u274c","amount":"\u2757\ufe0f","operator":""},"bitclout":{"count":"\u274c","operator":"","amount":"\u2757\ufe0f"},"bittube":{"count":"\u274c","operator":"","amount":"\u2757\ufe0f"},"blablacar":{"count":"\u274c","amount":"\u2757\ufe0f","operator":""},"blizzard":{"count":"\u2705 1000  \u0639\u062f\u062f","amount":"13.49","operator":"virtual21"},"blockchain":{"count":"\u274c","operator":"virtual23","amount":"\u2757\ufe0f"},"burgerking":{"count":"\u274c","amount":"\u2757\ufe0f","operator":"virtual4"},"careem":{"count":"\u2705 17194  \u0639\u062f\u062f","amount":"15.75","operator":""},"cdkeys":{"count":"\u274c","amount":"\u2757\ufe0f","operator":"virtual4"},"cekkazan":{"count":"\u274c","operator":"","amount":"\u2757\ufe0f"},"citymobil":{"count":"\u274c","amount":"\u2757\ufe0f","operator":""},"clickentregas":{"count":"\u274c","operator":"","amount":"\u2757\ufe0f"},"coinbase":{"count":"\u2705 14997  \u0639\u062f\u062f","amount":"26.25","operator":""},"craigslist":{"count":"\u2705 1000  \u0639\u062f\u062f","amount":"21.09","operator":""},"deliveroo":{"count":"\u274c","amount":"\u2757\ufe0f","operator":"virtual18"},"delivery":{"count":"\u274c","amount":"\u2757\ufe0f","operator":"virtual23"},"dent":{"count":"\u2705 5594  \u0639\u062f\u062f","amount":"7.88","operator":""},"didi":{"count":"\u274c","amount":"\u2757\ufe0f","operator":"virtual4"},"discord":{"count":"\u2705 6260  \u0639\u062f\u062f","amount":"7.88","operator":""},"dixy":{"count":"\u274c","operator":"virtual4","amount":"\u2757\ufe0f"},"dodopizza":{"count":"\u274c","amount":"\u2757\ufe0f","operator":"virtual4"},"domdara":{"count":"\u274c","operator":"","amount":"\u2757\ufe0f"},"dostavista":{"count":"\u274c","amount":"\u2757\ufe0f","operator":""},"douyu":{"count":"\u2705 1000  \u0639\u062f\u062f","amount":"28.3","operator":""},"drom":{"count":"\u274c","amount":"\u2757\ufe0f","operator":"virtual23"},"drugvokrug":{"count":"\u274c","amount":"\u2757\ufe0f","operator":""},"dukascopy":{"count":"\u274c","operator":"","amount":"\u2757\ufe0f"},"ebay":{"count":"\u2705 1000  \u0639\u062f\u062f","amount":"14.06","operator":""},"edgeless":{"count":"\u274c","operator":"virtual23","amount":"\u2757\ufe0f"},"electroneum":{"count":"\u274c","operator":"virtual4","amount":"\u2757\ufe0f"},"ezway":{"count":"\u274c","operator":"","amount":"\u2757\ufe0f"},"facebook":{"count":"\u2705 1000  \u0639\u062f\u062f","amount":"10.05","operator":""},"fiverr":{"count":"\u274c","operator":"virtual23","amount":"\u2757\ufe0f"},"flipkart":{"count":"\u274c","operator":"","amount":"\u2757\ufe0f"},"foodpanda":{"count":"\u2705 1000  \u0639\u062f\u062f","amount":"11.51","operator":""},"foody":{"count":"\u274c","amount":"\u2757\ufe0f","operator":"virtual18"},"forwarding":{"count":"\u274c","operator":"virtual4","amount":"\u2757\ufe0f"},"galaxy":{"count":"\u274c","operator":"","amount":"\u2757\ufe0f"},"gameflip":{"count":"\u274c","operator":"","amount":"\u2757\ufe0f"},"gcash":{"count":"\u274c","operator":"","amount":"\u2757\ufe0f"},"get":{"count":"\u274c","operator":"","amount":"\u2757\ufe0f"},"getir":{"count":"\u274c","amount":"\u2757\ufe0f","operator":""},"gett":{"count":"\u274c","amount":"\u2757\ufe0f","operator":""},"globus":{"count":"\u274c","amount":"\u2757\ufe0f","operator":""},"glovo":{"count":"\u274c","operator":"","amount":"\u2757\ufe0f"},"google":{"count":"\u2705 1000  \u0639\u062f\u062f","amount":"12.05","operator":""},"grabtaxi":{"count":"\u274c","amount":"\u2757\ufe0f","operator":"virtual4"},"green":{"count":"\u274c","operator":"virtual23","amount":"\u2757\ufe0f"},"grindr":{"count":"\u274c","amount":"\u2757\ufe0f","operator":""},"haraj":{"count":"\u2705 5132  \u0639\u062f\u062f","amount":"39.38","operator":""},"hezzl":{"count":"\u274c","amount":"\u2757\ufe0f","operator":""},"hopi":{"count":"\u274c","amount":"\u2757\ufe0f","operator":""},"hqtrivia":{"count":"\u2705 6127  \u0639\u062f\u062f","amount":"13.13","operator":""},"icard":{"count":"\u274c","operator":"","amount":"\u2757\ufe0f"},"icq":{"count":"\u274c","amount":"\u2757\ufe0f","operator":""},"imo":{"count":"\u2705 1000  \u0639\u062f\u062f","amount":"17.4","operator":""},"ininal":{"count":"\u274c","amount":"\u2757\ufe0f","operator":"virtual23"},"instagram":{"count":"\u2705 1000  \u0639\u062f\u062f","amount":"10.92","operator":""},"iost":{"count":"\u274c","operator":"virtual18","amount":"\u2757\ufe0f"},"jd":{"count":"\u2705 1000  \u0639\u062f\u062f","amount":"13.32","operator":""},"justdating":{"count":"\u274c","amount":"\u2757\ufe0f","operator":"virtual23"},"kakaotalk":{"count":"\u2705 1000  \u0639\u062f\u062f","amount":"16.25","operator":"virtual21"},"keybase":{"count":"\u2705 9778  \u0639\u062f\u062f","amount":"15.75","operator":"virtual18"},"komandacard":{"count":"\u274c","operator":"virtual4","amount":"\u2757\ufe0f"},"kotak811":{"count":"\u274c","amount":"\u2757\ufe0f","operator":"virtual4"},"kufarby":{"count":"\u274c","amount":"\u2757\ufe0f","operator":"virtual18"},"kwai":{"count":"\u274c","operator":"virtual23","amount":"\u2757\ufe0f"},"lazada":{"count":"\u274c","operator":"virtual4","amount":"\u2757\ufe0f"},"lbry":{"count":"\u274c","operator":"","amount":"\u2757\ufe0f"},"lenta":{"count":"\u274c","amount":"\u2757\ufe0f","operator":""},"lianxin":{"count":"\u274c","operator":"","amount":"\u2757\ufe0f"},"line":{"count":"\u2705 1000  \u0639\u062f\u062f","amount":"11.69","operator":""},"linkedin":{"count":"\u274c","operator":"virtual21","amount":"18"},"livescore":{"count":"\u274c","amount":"\u2757\ufe0f","operator":"virtual4"},"magnit":{"count":"\u274c","amount":"\u2757\ufe0f","operator":"virtual4"},"magnolia":{"count":"\u274c","amount":"\u2757\ufe0f","operator":"virtual4"},"mailru":{"count":"\u274c","amount":"\u2757\ufe0f","operator":"virtual4"},"mamba":{"count":"\u274c","amount":"\u2757\ufe0f","operator":""},"mcdonalds":{"count":"\u274c","amount":"\u2757\ufe0f","operator":""},"meetme":{"count":"\u274c","operator":"","amount":"\u2757\ufe0f"},"mega":{"count":"\u274c","amount":"\u2757\ufe0f","operator":""},"mercado":{"count":"\u274c","amount":"\u2757\ufe0f","operator":""},"michat":{"count":"\u2705 15281  \u0639\u062f\u062f","amount":"18.38","operator":""},"microsoft":{"count":"\u2705 1000  \u0639\u062f\u062f","amount":"11.04","operator":""},"miratorg":{"count":"\u274c","amount":"5","operator":"virtual21"},"mtscashback":{"count":"\u274c","amount":"18","operator":"virtual21"},"nana":{"count":"\u274c","operator":"virtual4","amount":"\u2757\ufe0f"},"naver":{"count":"\u2705 1000  \u0639\u062f\u062f","amount":"11.22","operator":""},"netflix":{"count":"\u274c","amount":"12","operator":"virtual21"},"nhseven":{"count":"\u274c","amount":"\u2757\ufe0f","operator":"virtual23"},"nifty":{"count":"\u274c","operator":"virtual23","amount":"\u2757\ufe0f"},"nike":{"count":"\u2705 1000  \u0639\u062f\u062f","amount":"10","operator":""},"nimses":{"count":"\u274c","operator":"virtual7","amount":"\u2757\ufe0f"},"nttgame":{"count":"\u2705 1000  \u0639\u062f\u062f","amount":"10.74","operator":""},"odnoklassniki":{"count":"\u274c","amount":"\u2757\ufe0f","operator":"virtual18"},"offerup":{"count":"\u2705 5475  \u0639\u062f\u062f","amount":"19.75","operator":"virtual23"},"okcupid":{"count":"\u274c","operator":"virtual4","amount":"\u2757\ufe0f"},"okey":{"count":"\u274c","operator":"virtual4","amount":"\u2757\ufe0f"},"olx":{"count":"\u2705 5415  \u0639\u062f\u062f","amount":"11.88","operator":""},"openpoint":{"count":"\u274c","operator":"virtual4","amount":"\u2757\ufe0f"},"oraclecloud":{"count":"\u274c","operator":"virtual4","amount":"\u2757\ufe0f"},"other":{"count":"\u274c","amount":"\u2757\ufe0f","operator":"virtual23"},"ozon":{"count":"\u274c","amount":"\u2757\ufe0f","operator":"virtual4"},"pairs":{"count":"\u274c","amount":"\u2757\ufe0f","operator":""},"papara":{"count":"\u2705 703  \u0639\u062f\u062f","amount":"28.88","operator":""},"paycell":{"count":"\u2705 7948  \u0639\u062f\u062f","amount":"19.75","operator":""},"paymaya":{"count":"\u274c","operator":"","amount":"\u2757\ufe0f"},"paypal":{"count":"\u2705 1000  \u0639\u062f\u062f","amount":"31.25","operator":""},"paysend":{"count":"\u274c","amount":"\u2757\ufe0f","operator":"virtual4"},"peoplecom":{"count":"\u274c","operator":"virtual18","amount":"\u2757\ufe0f"},"perekrestok":{"count":"\u274c","amount":"\u2757\ufe0f","operator":""},"pof":{"count":"\u2705 1000  \u0639\u062f\u062f","amount":"10","operator":""},"pokec":{"count":"\u274c","operator":"virtual4","amount":"\u2757\ufe0f"},"pokermaster":{"count":"\u274c","operator":"","amount":"\u2757\ufe0f"},"potato":{"count":"\u274c","amount":"\u2757\ufe0f","operator":""},"proton":{"count":"\u274c","operator":"","amount":"\u2757\ufe0f"},"protp":{"count":"\u2705 1000  \u0639\u062f\u062f","amount":"12.5","operator":""},"pubg":{"count":"\u274c","operator":"","amount":"\u2757\ufe0f"},"pyaterochka":{"count":"\u274c","amount":"\u2757\ufe0f","operator":""},"qiwiwallet":{"count":"\u274c","amount":"\u2757\ufe0f","operator":""},"quioo":{"count":"\u274c","operator":"","amount":"\u2757\ufe0f"},"quipp":{"count":"\u274c","amount":"\u2757\ufe0f","operator":""},"reuse":{"count":"\u274c","operator":"","amount":"\u2757\ufe0f"},"ripkord":{"count":"\u274c","operator":"","amount":"\u2757\ufe0f"},"samokat":{"count":"\u274c","amount":"\u2757\ufe0f","operator":""},"seosprint":{"count":"\u274c","amount":"\u2757\ufe0f","operator":""},"sheerid":{"count":"\u274c","amount":"\u2757\ufe0f","operator":"virtual4"},"shopee":{"count":"\u2705 12751  \u0639\u062f\u062f","amount":"22.38","operator":"virtual21"},"signal":{"count":"\u274c","operator":"virtual4","amount":"\u2757\ufe0f"},"sikayetvar":{"count":"\u274c","amount":"\u2757\ufe0f","operator":"virtual18"},"skout":{"count":"\u2705 22486  \u0639\u062f\u062f","amount":"9.25","operator":""},"snapchat":{"count":"\u2705 7642  \u0639\u062f\u062f","amount":"21","operator":"virtual21"},"steam":{"count":"\u2705 1000  \u0639\u062f\u062f","amount":"11.22","operator":""},"swvl":{"count":"\u274c","amount":"\u2757\ufe0f","operator":"virtual23"},"taksheel":{"count":"\u2705 5082  \u0639\u062f\u062f","amount":"39.38","operator":"virtual4"},"tango":{"count":"\u274c","amount":"\u2757\ufe0f","operator":"virtual18"},"tantan":{"count":"\u274c","operator":"virtual4","amount":"\u2757\ufe0f"},"taobao":{"count":"\u2705 1000  \u0639\u062f\u062f","amount":"13.75","operator":""},"telegram":{"count":"\u2705 1000  \u0639\u062f\u062f","amount":"12.85","operator":"virtual21"},"tencentqq":{"count":"\u2705 5332  \u0639\u062f\u062f","amount":"6.63","operator":"virtual23"},"tiktok":{"count":"\u2705 1000  \u0639\u062f\u062f","amount":"13","operator":""},"tinder":{"count":"\u2705 1000  \u0639\u062f\u062f","amount":"10.46","operator":""},"tosla":{"count":"\u274c","amount":"\u2757\ufe0f","operator":"virtual18"},"totalcoin":{"count":"\u274c","operator":"virtual23","amount":"\u2757\ufe0f"},"touchance":{"count":"\u274c","amount":"\u2757\ufe0f","operator":"virtual23"},"trendyol":{"count":"\u274c","amount":"\u2757\ufe0f","operator":"virtual4"},"truecaller":{"count":"\u2705 6028  \u0639\u062f\u062f","amount":"17.13","operator":""},"twitter":{"count":"\u274c","amount":"12","operator":"virtual21"},"uber":{"count":"\u2705 1000  \u0639\u062f\u062f","amount":"12.68","operator":""},"uploaded":{"count":"\u274c","operator":"virtual18","amount":"\u2757\ufe0f"},"vernyi":{"count":"\u274c","operator":"virtual21","amount":"\u2757\ufe0f"},"viber":{"count":"\u2705 1000  \u0639\u062f\u062f","amount":"11.5","operator":""},"vkontakte":{"count":"\u2705 1000  \u0639\u062f\u062f","amount":"9.88","operator":""},"voopee":{"count":"\u274c","operator":"virtual23","amount":"\u2757\ufe0f"},"wechat":{"count":"\u274c","operator":"virtual15","amount":"\u2757\ufe0f"},"weibo":{"count":"\u2705 5415  \u0639\u062f\u062f","amount":"15.75","operator":"virtual23"},"weku":{"count":"\u274c","operator":"virtual23","amount":"\u2757\ufe0f"},"whatsapp":{"count":"\u2705 1000  \u0639\u062f\u062f","amount":"11.35","operator":"virtual18|virtual23|virtual21|virtual4|"},"winston":{"count":"\u274c","operator":"virtual23","amount":"\u2757\ufe0f"},"wish":{"count":"\u274c","amount":"\u2757\ufe0f","operator":"virtual4"},"yahoo":{"count":"\u2705 1000  \u0639\u062f\u062f","amount":"16.91","operator":"virtual21"},"yalla":{"count":"\u274c","amount":"17","operator":"virtual21"},"yandex":{"count":"\u2705 19886  \u0639\u062f\u062f","amount":"13.13","operator":""},"yemeksepeti":{"count":"\u274c","amount":"\u2757\ufe0f","operator":"virtual23"},"youdo":{"count":"\u274c","operator":"virtual4","amount":"\u2757\ufe0f"},"youla":{"count":"\u274c","amount":"\u2757\ufe0f","operator":"virtual4"},"zalo":{"count":"\u274c","amount":"\u2757\ufe0f","operator":"virtual4"},"zoho":{"count":"\u2705 5196  \u0639\u062f\u062f","amount":"15.75","operator":""},"digikala":{"count":"\u274c","amount":"\u2757\ufe0f","operator":"virtual4"},"divar":{"count":"\u274c","amount":"\u2757\ufe0f","operator":"virtual4"},"hamrahaval":{"count":"\u274c","amount":"\u2757\ufe0f","operator":"virtual23"},"irancell":{"count":"\u274c","amount":"\u2757\ufe0f","operator":"virtual4"},"zomato":{"count":"\u2705 1000  \u0639\u062f\u062f","amount":"12.5","operator":""},"":{"operator":"||||"}}