{"1688":{"count":"\u2705 1000  \u0639\u062f\u062f","amount":"14.75","operator":""},"1xbet":{"count":"\u2705 1000  \u0639\u062f\u062f","amount":"22","operator":""},"23red":{"count":"\u274c","operator":"virtual23","amount":"\u2757\ufe0f"},"ace2three":{"count":"\u274c","operator":"","amount":"\u2757\ufe0f"},"adidas":{"count":"\u2705 2  \u0639\u062f\u062f","operator":"","amount":"8"},"airbnb":{"count":"\u2705 1000  \u0639\u062f\u062f","amount":"22.5","operator":""},"airtel":{"count":"\u2705 2  \u0639\u062f\u062f","operator":"virtual4","amount":"9"},"akelni":{"count":"\u274c","operator":"virtual18","amount":"\u2757\ufe0f"},"alibaba":{"count":"\u2705 1000  \u0639\u062f\u062f","amount":"25","operator":""},"aliexpress":{"count":"\u2705 2  \u0639\u062f\u062f","operator":"virtual4","amount":"1.9"},"alipay":{"count":"\u2705 1  \u0639\u062f\u062f","operator":"virtual23","amount":"6"},"amasia":{"count":"\u2705 2  \u0639\u062f\u062f","operator":"virtual23","amount":"7"},"amazon":{"count":"\u2705 1000  \u0639\u062f\u062f","amount":"13.95","operator":""},"aol":{"count":"\u2705 2  \u0639\u062f\u062f","amount":"2","operator":""},"avito":{"count":"\u2705 2  \u0639\u062f\u062f","operator":"virtual18","amount":"7"},"azino":{"count":"\u274c","operator":"virtual23","amount":"\u2757\ufe0f"},"b4ucabs":{"count":"\u274c","operator":"virtual23","amount":"\u2757\ufe0f"},"bigcash":{"count":"\u274c","operator":"virtual4","amount":"\u2757\ufe0f"},"bigolive":{"count":"\u2705 2  \u0639\u062f\u062f","operator":"","amount":"5"},"bitclout":{"count":"\u274c","operator":"","amount":"\u2757\ufe0f"},"bittube":{"count":"\u274c","operator":"","amount":"\u2757\ufe0f"},"blablacar":{"count":"\u2705 2  \u0639\u062f\u062f","amount":"11","operator":""},"blizzard":{"count":"\u2705 2  \u0639\u062f\u062f","amount":"10","operator":""},"blockchain":{"count":"\u274c","operator":"virtual23","amount":"\u2757\ufe0f"},"burgerking":{"count":"\u2705 2  \u0639\u062f\u062f","operator":"virtual4","amount":"6"},"careem":{"count":"\u2705 2  \u0639\u062f\u062f","amount":"24","operator":""},"cdkeys":{"count":"\u2705 2  \u0639\u062f\u062f","operator":"virtual4","amount":"8"},"cekkazan":{"count":"\u274c","operator":"","amount":"\u2757\ufe0f"},"citymobil":{"count":"\u2705 2  \u0639\u062f\u062f","operator":"","amount":"7"},"clickentregas":{"count":"\u274c","operator":"","amount":"\u2757\ufe0f"},"coinbase":{"count":"\u2705 2  \u0639\u062f\u062f","amount":"24","operator":""},"craigslist":{"count":"\u2705 2  \u0639\u062f\u062f","amount":"19","operator":""},"deliveroo":{"count":"\u2705 2  \u0639\u062f\u062f","operator":"virtual18","amount":"8"},"delivery":{"count":"\u2705 2  \u0639\u062f\u062f","operator":"virtual23","amount":"7"},"dent":{"count":"\u2705 596  \u0639\u062f\u062f","amount":"15.75","operator":""},"didi":{"count":"\u2705 2  \u0639\u062f\u062f","operator":"virtual4","amount":"5"},"discord":{"count":"\u2705 891  \u0639\u062f\u062f","amount":"13.13","operator":""},"dixy":{"count":"\u274c","operator":"virtual4","amount":"\u2757\ufe0f"},"dodopizza":{"count":"\u2705 2  \u0639\u062f\u062f","operator":"virtual4","amount":"8"},"domdara":{"count":"\u274c","operator":"","amount":"\u2757\ufe0f"},"dostavista":{"count":"\u2705 2  \u0639\u062f\u062f","operator":"","amount":"8"},"douyu":{"count":"\u2705 1000  \u0639\u062f\u062f","amount":"28.3","operator":""},"drom":{"count":"\u2705 2  \u0639\u062f\u062f","operator":"virtual23","amount":"5"},"drugvokrug":{"count":"\u2705 2  \u0639\u062f\u062f","amount":"14","operator":""},"dukascopy":{"count":"\u274c","operator":"","amount":"\u2757\ufe0f"},"ebay":{"count":"\u2705 1000  \u0639\u062f\u062f","amount":"15.13","operator":""},"edgeless":{"count":"\u274c","operator":"virtual23","amount":"\u2757\ufe0f"},"electroneum":{"count":"\u274c","amount":"\u2757\ufe0f","operator":"virtual4"},"ezway":{"count":"\u274c","operator":"","amount":"\u2757\ufe0f"},"facebook":{"count":"\u2705 1000  \u0639\u062f\u062f","amount":"11.77","operator":""},"fiverr":{"count":"\u274c","operator":"virtual23","amount":"\u2757\ufe0f"},"flipkart":{"count":"\u274c","operator":"","amount":"\u2757\ufe0f"},"foodpanda":{"count":"\u2705 1000  \u0639\u062f\u062f","amount":"14.1","operator":""},"foody":{"count":"\u2705 2  \u0639\u062f\u062f","operator":"virtual18","amount":"9"},"forwarding":{"count":"\u274c","operator":"virtual4","amount":"\u2757\ufe0f"},"galaxy":{"count":"\u274c","operator":"","amount":"\u2757\ufe0f"},"gameflip":{"count":"\u274c","operator":"","amount":"\u2757\ufe0f"},"gcash":{"count":"\u274c","operator":"","amount":"\u2757\ufe0f"},"get":{"count":"\u274c","operator":"","amount":"\u2757\ufe0f"},"getir":{"count":"\u2705 2  \u0639\u062f\u062f","operator":"","amount":"7"},"gett":{"count":"\u2705 2  \u0639\u062f\u062f","amount":"14","operator":""},"globus":{"count":"\u2705 2  \u0639\u062f\u062f","operator":"","amount":"6"},"glovo":{"count":"\u274c","operator":"","amount":"\u2757\ufe0f"},"google":{"count":"\u2705 1000  \u0639\u062f\u062f","amount":"15.85","operator":""},"grabtaxi":{"count":"\u2705 2  \u0639\u062f\u062f","operator":"virtual21","amount":"6"},"green":{"count":"\u274c","operator":"virtual23","amount":"\u2757\ufe0f"},"grindr":{"count":"\u2705 2  \u0639\u062f\u062f","operator":"","amount":"6"},"haraj":{"count":"\u2705 2  \u0639\u062f\u062f","amount":"36","operator":""},"hezzl":{"count":"\u2705 2  \u0639\u062f\u062f","operator":"","amount":"8"},"hopi":{"count":"\u2705 2  \u0639\u062f\u062f","operator":"","amount":"7"},"hqtrivia":{"count":"\u2705 2  \u0639\u062f\u062f","amount":"12","operator":""},"icard":{"count":"\u274c","operator":"","amount":"\u2757\ufe0f"},"icq":{"count":"\u2705 2  \u0639\u062f\u062f","amount":"7","operator":""},"imo":{"count":"\u2705 2  \u0639\u062f\u062f","amount":"16","operator":""},"ininal":{"count":"\u2705 2  \u0639\u062f\u062f","operator":"virtual23","amount":"6"},"instagram":{"count":"\u2705 1000  \u0639\u062f\u062f","amount":"22.5","operator":"virtual21"},"iost":{"count":"\u274c","amount":"\u2757\ufe0f","operator":"virtual18"},"jd":{"count":"\u2705 1000  \u0639\u062f\u062f","amount":"12.82","operator":""},"justdating":{"count":"\u2705 2  \u0639\u062f\u062f","operator":"virtual23","amount":"6"},"kakaotalk":{"count":"\u2705 598  \u0639\u062f\u062f","amount":"26.25","operator":"virtual21"},"keybase":{"count":"\u2705 15618  \u0639\u062f\u062f","amount":"26.25","operator":"virtual18"},"komandacard":{"count":"\u274c","operator":"virtual4","amount":"\u2757\ufe0f"},"kotak811":{"count":"\u2705 2  \u0639\u062f\u062f","operator":"virtual4","amount":"7"},"kufarby":{"count":"\u2705 2  \u0639\u062f\u062f","operator":"virtual21","amount":"7"},"kwai":{"count":"\u274c","operator":"virtual23","amount":"\u2757\ufe0f"},"lazada":{"count":"\u274c","operator":"virtual4","amount":"\u2757\ufe0f"},"lbry":{"count":"\u274c","operator":"","amount":"\u2757\ufe0f"},"lenta":{"count":"\u2705 2  \u0639\u062f\u062f","operator":"","amount":"9"},"lianxin":{"count":"\u274c","operator":"","amount":"\u2757\ufe0f"},"line":{"count":"\u2705 1000  \u0639\u062f\u062f","amount":"11.67","operator":""},"linkedin":{"count":"\u274c","operator":"virtual23","amount":"\u2757\ufe0f"},"livescore":{"count":"\u2705 2  \u0639\u062f\u062f","amount":"14","operator":"virtual4"},"magnit":{"count":"\u2705 2  \u0639\u062f\u062f","operator":"virtual4","amount":"8"},"magnolia":{"count":"\u2705 2  \u0639\u062f\u062f","operator":"virtual4","amount":"5"},"mailru":{"count":"\u2705 2  \u0639\u062f\u062f","amount":"11","operator":"virtual4"},"mamba":{"count":"\u2705 1  \u0639\u062f\u062f","operator":"","amount":"8"},"mcdonalds":{"count":"\u2705 2  \u0639\u062f\u062f","operator":"","amount":"10"},"meetme":{"count":"\u274c","operator":"","amount":"\u2757\ufe0f"},"mega":{"count":"\u2705 2  \u0639\u062f\u062f","operator":"","amount":"10"},"mercado":{"count":"\u2705 2  \u0639\u062f\u062f","operator":"","amount":"9"},"michat":{"count":"\u2705 2  \u0639\u062f\u062f","amount":"17","operator":""},"microsoft":{"count":"\u2705 1000  \u0639\u062f\u062f","amount":"11.07","operator":""},"miratorg":{"count":"\u2705 2  \u0639\u062f\u062f","operator":"virtual4","amount":"7"},"mtscashback":{"count":"\u2705 2  \u0639\u062f\u062f","operator":"virtual21","amount":"18"},"nana":{"count":"\u274c","operator":"virtual4","amount":"\u2757\ufe0f"},"naver":{"count":"\u2705 1000  \u0639\u062f\u062f","amount":"13.33","operator":""},"netflix":{"count":"\u2705 2  \u0639\u062f\u062f","operator":"virtual21","amount":"13"},"nhseven":{"count":"\u2705 2  \u0639\u062f\u062f","operator":"virtual23","amount":"8"},"nifty":{"count":"\u274c","operator":"virtual23","amount":"\u2757\ufe0f"},"nike":{"count":"\u2705 2  \u0639\u062f\u062f","amount":"11","operator":""},"nimses":{"count":"\u274c","operator":"virtual4","amount":"\u2757\ufe0f"},"nttgame":{"count":"\u2705 2  \u0639\u062f\u062f","amount":"10","operator":""},"odnoklassniki":{"count":"\u274c","amount":"\u2757\ufe0f","operator":"virtual18"},"offerup":{"count":"\u2705 596  \u0639\u062f\u062f","operator":"virtual23","amount":"19.75"},"okcupid":{"count":"\u274c","operator":"virtual4","amount":"\u2757\ufe0f"},"okey":{"count":"\u274c","operator":"virtual4","amount":"\u2757\ufe0f"},"olx":{"count":"\u2705 599  \u0639\u062f\u062f","amount":"15.75","operator":""},"openpoint":{"count":"\u274c","operator":"virtual4","amount":"\u2757\ufe0f"},"oraclecloud":{"count":"\u274c","operator":"virtual4","amount":"\u2757\ufe0f"},"other":{"count":"\u2705 2  \u0639\u062f\u062f","operator":"virtual21","amount":"5"},"ozon":{"count":"\u2705 1  \u0639\u062f\u062f","amount":"11","operator":"virtual4"},"pairs":{"count":"\u2705 2  \u0639\u062f\u062f","operator":"virtual21","amount":"8"},"papara":{"count":"\u2705 2  \u0639\u062f\u062f","amount":"12","operator":""},"paycell":{"count":"\u2705 2  \u0639\u062f\u062f","amount":"18","operator":""},"paymaya":{"count":"\u274c","operator":"","amount":"\u2757\ufe0f"},"paypal":{"count":"\u2705 1000  \u0639\u062f\u062f","amount":"18.75","operator":""},"paysend":{"count":"\u2705 2  \u0639\u062f\u062f","operator":"virtual4","amount":"8"},"peoplecom":{"count":"\u274c","operator":"virtual18","amount":"\u2757\ufe0f"},"perekrestok":{"count":"\u2705 2  \u0639\u062f\u062f","operator":"","amount":"8"},"pof":{"count":"\u2705 2  \u0639\u062f\u062f","amount":"10","operator":""},"pokec":{"count":"\u274c","operator":"virtual4","amount":"\u2757\ufe0f"},"pokermaster":{"count":"\u274c","operator":"","amount":"\u2757\ufe0f"},"potato":{"count":"\u2705 2  \u0639\u062f\u062f","operator":"","amount":"10"},"proton":{"count":"\u274c","operator":"","amount":"\u2757\ufe0f"},"protp":{"count":"\u2705 2  \u0639\u062f\u062f","operator":"","amount":"10"},"pubg":{"count":"\u274c","operator":"","amount":"\u2757\ufe0f"},"pyaterochka":{"count":"\u2705 2  \u0639\u062f\u062f","operator":"","amount":"6"},"qiwiwallet":{"count":"\u2705 2  \u0639\u062f\u062f","operator":"","amount":"7"},"quioo":{"count":"\u274c","operator":"","amount":"\u2757\ufe0f"},"quipp":{"count":"\u2705 2  \u0639\u062f\u062f","operator":"","amount":"8"},"reuse":{"count":"\u274c","operator":"","amount":"\u2757\ufe0f"},"ripkord":{"count":"\u274c","operator":"","amount":"\u2757\ufe0f"},"samokat":{"count":"\u2705 2  \u0639\u062f\u062f","operator":"","amount":"8"},"seosprint":{"count":"\u2705 2  \u0639\u062f\u062f","amount":"11","operator":""},"sheerid":{"count":"\u2705 2  \u0639\u062f\u062f","operator":"virtual4","amount":"6"},"shopee":{"count":"\u2705 2  \u0639\u062f\u062f","amount":"17","operator":""},"signal":{"count":"\u274c","operator":"virtual4","amount":"\u2757\ufe0f"},"sikayetvar":{"count":"\u2705 2  \u0639\u062f\u062f","operator":"virtual18","amount":"6"},"skout":{"count":"\u2705 13874  \u0639\u062f\u062f","amount":"13.13","operator":""},"snapchat":{"count":"\u2705 2  \u0639\u062f\u062f","operator":"","amount":"19"},"steam":{"count":"\u2705 1000  \u0639\u062f\u062f","amount":"14.33","operator":""},"swvl":{"count":"\u2705 2  \u0639\u062f\u062f","operator":"virtual23","amount":"10"},"taksheel":{"count":"\u2705 396  \u0639\u062f\u062f","amount":"39.38","operator":"virtual4"},"tango":{"count":"\u2705 2  \u0639\u062f\u062f","operator":"virtual18","amount":"10"},"tantan":{"count":"\u274c","operator":"virtual4","amount":"\u2757\ufe0f"},"taobao":{"count":"\u2705 1000  \u0639\u062f\u062f","amount":"17","operator":""},"telegram":{"count":"\u2705 1000  \u0639\u062f\u062f","amount":"31.25","operator":"virtual18|virtual23|virtual4||"},"tencentqq":{"count":"\u274c","amount":"\u2757\ufe0f","operator":"virtual18"},"tiktok":{"count":"\u2705 1000  \u0639\u062f\u062f","amount":"13","operator":""},"tinder":{"count":"\u2705 1000  \u0639\u062f\u062f","amount":"12.08","operator":""},"tosla":{"count":"\u2705 2  \u0639\u062f\u062f","operator":"virtual18","amount":"6"},"totalcoin":{"count":"\u274c","operator":"virtual23","amount":"\u2757\ufe0f"},"touchance":{"count":"\u2705 2  \u0639\u062f\u062f","operator":"virtual4","amount":"7"},"trendyol":{"count":"\u2705 2  \u0639\u062f\u062f","operator":"virtual23","amount":"10"},"truecaller":{"count":"\u2705 2  \u0639\u062f\u062f","amount":"16","operator":""},"twitter":{"count":"\u2705 1000  \u0639\u062f\u062f","amount":"18.75","operator":"virtual21"},"uber":{"count":"\u2705 11079  \u0639\u062f\u062f","operator":"virtual21","amount":"18.38"},"uploaded":{"count":"\u274c","operator":"virtual18","amount":"\u2757\ufe0f"},"vernyi":{"count":"\u274c","operator":"virtual21","amount":"\u2757\ufe0f"},"viber":{"count":"\u2705 1000  \u0639\u062f\u062f","amount":"11.5","operator":""},"vkontakte":{"count":"\u2705 1000  \u0639\u062f\u062f","amount":"9","operator":""},"voopee":{"count":"\u274c","operator":"virtual21","amount":"\u2757\ufe0f"},"wechat":{"count":"\u2705 532  \u0639\u062f\u062f","operator":"mts","amount":"52.5"},"weibo":{"count":"\u2705 2  \u0639\u062f\u062f","amount":"14","operator":""},"weku":{"count":"\u274c","operator":"virtual23","amount":"\u2757\ufe0f"},"whatsapp":{"count":"\u2705 1000  \u0639\u062f\u062f","amount":"10.63","operator":"virtual18|virtual23|||"},"winston":{"count":"\u274c","operator":"virtual23","amount":"\u2757\ufe0f"},"wish":{"count":"\u2705 2  \u0639\u062f\u062f","operator":"virtual4","amount":"10"},"yahoo":{"count":"\u2705 1000  \u0639\u062f\u062f","amount":"15.3","operator":""},"yalla":{"count":"\u2705 2  \u0639\u062f\u062f","operator":"virtual21","amount":"17"},"yandex":{"count":"\u2705 1  \u0639\u062f\u062f","amount":"12","operator":""},"yemeksepeti":{"count":"\u2705 2  \u0639\u062f\u062f","operator":"virtual23","amount":"6"},"youdo":{"count":"\u274c","operator":"virtual4","amount":"\u2757\ufe0f"},"youla":{"count":"\u2705 2  \u0639\u062f\u062f","amount":"9","operator":"virtual4"},"zalo":{"count":"\u2705 2  \u0639\u062f\u062f","operator":"virtual4","amount":"10"},"zoho":{"count":"\u2705 2  \u0639\u062f\u062f","amount":"14","operator":""},"digikala":{"count":"\u2705 2  \u0639\u062f\u062f","operator":"virtual4","amount":"9"},"divar":{"count":"\u2705 2  \u0639\u062f\u062f","operator":"virtual23","amount":"8"},"hamrahaval":{"count":"\u2705 2  \u0639\u062f\u062f","operator":"virtual23","amount":"9"},"irancell":{"count":"\u2705 2  \u0639\u062f\u062f","operator":"virtual23","amount":"9"},"zomato":{"count":"\u2705 1000  \u0639\u062f\u062f","amount":"12.5","operator":""}}