{"1688":{"count":"\u2705 1000  \u0639\u062f\u062f","amount":"14.5","operator":""},"1xbet":{"count":"\u2705 4  \u0639\u062f\u062f","amount":"20","operator":""},"23red":{"count":"\u274c","operator":"virtual23","amount":"\u2757\ufe0f"},"ace2three":{"count":"\u274c","operator":"","amount":"\u2757\ufe0f"},"adidas":{"count":"\u274c","amount":"\u2757\ufe0f","operator":""},"airbnb":{"count":"\u2705 1000  \u0639\u062f\u062f","amount":"12.5","operator":""},"airtel":{"count":"\u2705 4  \u0639\u062f\u062f","amount":"7","operator":"virtual18"},"akelni":{"count":"\u274c","operator":"virtual18","amount":"\u2757\ufe0f"},"alibaba":{"count":"\u2705 1000  \u0639\u062f\u062f","amount":"18.53","operator":""},"aliexpress":{"count":"\u274c","operator":"virtual21","amount":"25"},"alipay":{"count":"\u274c","operator":"virtual23","amount":"\u2757\ufe0f"},"amasia":{"count":"\u2705 4  \u0639\u062f\u062f","amount":"7","operator":""},"amazon":{"count":"\u2705 1000  \u0639\u062f\u062f","amount":"14.89","operator":""},"aol":{"count":"\u2705 3  \u0639\u062f\u062f","amount":"5","operator":""},"avito":{"count":"\u2705 2  \u0639\u062f\u062f","amount":"6","operator":"virtual23"},"azino":{"count":"\u274c","operator":"virtual23","amount":"\u2757\ufe0f"},"b4ucabs":{"count":"\u274c","operator":"virtual23","amount":"\u2757\ufe0f"},"bigcash":{"count":"\u274c","operator":"virtual4","amount":"\u2757\ufe0f"},"bigolive":{"count":"\u2705 4  \u0639\u062f\u062f","amount":"9","operator":""},"bitclout":{"count":"\u274c","operator":"","amount":"\u2757\ufe0f"},"bittube":{"count":"\u274c","operator":"","amount":"\u2757\ufe0f"},"blablacar":{"count":"\u2705 2  \u0639\u062f\u062f","amount":"9","operator":""},"blizzard":{"count":"\u2705 1  \u0639\u062f\u062f","amount":"11","operator":""},"blockchain":{"count":"\u274c","operator":"virtual23","amount":"\u2757\ufe0f"},"burgerking":{"count":"\u2705 4  \u0639\u062f\u062f","amount":"6","operator":""},"careem":{"count":"\u2705 3  \u0639\u062f\u062f","amount":"14","operator":""},"cdkeys":{"count":"\u2705 4  \u0639\u062f\u062f","amount":"10","operator":""},"cekkazan":{"count":"\u274c","operator":"","amount":"\u2757\ufe0f"},"citymobil":{"count":"\u2705 4  \u0639\u062f\u062f","amount":"9","operator":""},"clickentregas":{"count":"\u274c","operator":"","amount":"\u2757\ufe0f"},"coinbase":{"count":"\u2705 2  \u0639\u062f\u062f","amount":"23","operator":""},"craigslist":{"count":"\u2705 4  \u0639\u062f\u062f","amount":"19","operator":""},"deliveroo":{"count":"\u274c","amount":"\u2757\ufe0f","operator":"virtual23"},"delivery":{"count":"\u2705 4  \u0639\u062f\u062f","amount":"5","operator":""},"dent":{"count":"\u2705 4  \u0639\u062f\u062f","amount":"3","operator":""},"didi":{"count":"\u2705 4  \u0639\u062f\u062f","amount":"15","operator":""},"discord":{"count":"\u2705 819  \u0639\u062f\u062f","amount":"13.13","operator":""},"dixy":{"count":"\u274c","operator":"virtual4","amount":"\u2757\ufe0f"},"dodopizza":{"count":"\u2705 4  \u0639\u062f\u062f","amount":"5","operator":""},"domdara":{"count":"\u274c","operator":"","amount":"\u2757\ufe0f"},"dostavista":{"count":"\u2705 4  \u0639\u062f\u062f","amount":"9","operator":""},"douyu":{"count":"\u2705 1000  \u0639\u062f\u062f","amount":"28.3","operator":""},"drom":{"count":"\u2705 4  \u0639\u062f\u062f","amount":"7","operator":"virtual23"},"drugvokrug":{"count":"\u2705 2  \u0639\u062f\u062f","amount":"5","operator":""},"dukascopy":{"count":"\u274c","operator":"","amount":"\u2757\ufe0f"},"ebay":{"count":"\u2705 1000  \u0639\u062f\u062f","amount":"14.13","operator":""},"edgeless":{"count":"\u274c","operator":"virtual23","amount":"\u2757\ufe0f"},"electroneum":{"count":"\u274c","operator":"virtual4","amount":"\u2757\ufe0f"},"ezway":{"count":"\u274c","operator":"","amount":"\u2757\ufe0f"},"facebook":{"count":"\u2705 1000  \u0639\u062f\u062f","amount":"9.83","operator":""},"fiverr":{"count":"\u274c","operator":"virtual23","amount":"\u2757\ufe0f"},"flipkart":{"count":"\u274c","operator":"","amount":"\u2757\ufe0f"},"foodpanda":{"count":"\u2705 4  \u0639\u062f\u062f","amount":"11","operator":""},"foody":{"count":"\u2705 4  \u0639\u062f\u062f","amount":"10","operator":"virtual23"},"forwarding":{"count":"\u274c","operator":"virtual4","amount":"\u2757\ufe0f"},"galaxy":{"count":"\u274c","operator":"","amount":"\u2757\ufe0f"},"gameflip":{"count":"\u274c","operator":"","amount":"\u2757\ufe0f"},"gcash":{"count":"\u274c","operator":"","amount":"\u2757\ufe0f"},"get":{"count":"\u274c","operator":"","amount":"\u2757\ufe0f"},"getir":{"count":"\u2705 4  \u0639\u062f\u062f","amount":"6","operator":""},"gett":{"count":"\u2705 4  \u0639\u062f\u062f","amount":"7","operator":""},"globus":{"count":"\u2705 4  \u0639\u062f\u062f","amount":"10","operator":""},"glovo":{"count":"\u274c","operator":"","amount":"\u2757\ufe0f"},"google":{"count":"\u2705 1000  \u0639\u062f\u062f","amount":"14.37","operator":"virtual21"},"grabtaxi":{"count":"\u2705 4  \u0639\u062f\u062f","amount":"9","operator":"virtual23"},"green":{"count":"\u274c","operator":"virtual21","amount":"\u2757\ufe0f"},"grindr":{"count":"\u2705 4  \u0639\u062f\u062f","amount":"7","operator":""},"haraj":{"count":"\u2705 4  \u0639\u062f\u062f","amount":"36","operator":""},"hezzl":{"count":"\u2705 4  \u0639\u062f\u062f","amount":"6","operator":""},"hopi":{"count":"\u2705 4  \u0639\u062f\u062f","amount":"5","operator":""},"hqtrivia":{"count":"\u2705 4  \u0639\u062f\u062f","amount":"12","operator":""},"icard":{"count":"\u274c","operator":"","amount":"\u2757\ufe0f"},"icq":{"count":"\u2705 4  \u0639\u062f\u062f","amount":"8","operator":""},"imo":{"count":"\u2705 4  \u0639\u062f\u062f","amount":"16","operator":""},"ininal":{"count":"\u2705 4  \u0639\u062f\u062f","amount":"7","operator":""},"instagram":{"count":"\u2705 1000  \u0639\u062f\u062f","amount":"12.5","operator":"virtual21"},"iost":{"count":"\u274c","operator":"virtual23","amount":"\u2757\ufe0f"},"jd":{"count":"\u2705 1000  \u0639\u062f\u062f","amount":"13.46","operator":""},"justdating":{"count":"\u2705 4  \u0639\u062f\u062f","amount":"7","operator":"virtual23"},"kakaotalk":{"count":"\u2705 1000  \u0639\u062f\u062f","amount":"25","operator":"virtual21"},"keybase":{"count":"\u2705 4  \u0639\u062f\u062f","amount":"14","operator":""},"komandacard":{"count":"\u274c","operator":"virtual4","amount":"\u2757\ufe0f"},"kotak811":{"count":"\u2705 4  \u0639\u062f\u062f","amount":"6","operator":"virtual23"},"kufarby":{"count":"\u2705 4  \u0639\u062f\u062f","amount":"9","operator":""},"kwai":{"count":"\u274c","operator":"virtual4","amount":"\u2757\ufe0f"},"lazada":{"count":"\u274c","operator":"virtual23","amount":"\u2757\ufe0f"},"lbry":{"count":"\u274c","operator":"","amount":"\u2757\ufe0f"},"lenta":{"count":"\u2705 4  \u0639\u062f\u062f","amount":"10","operator":""},"lianxin":{"count":"\u274c","operator":"","amount":"\u2757\ufe0f"},"line":{"count":"\u2705 1000  \u0639\u062f\u062f","amount":"10.81","operator":""},"linkedin":{"count":"\u274c","amount":"\u2757\ufe0f","operator":"virtual23"},"livescore":{"count":"\u2705 4  \u0639\u062f\u062f","amount":"6","operator":"virtual4"},"magnit":{"count":"\u2705 4  \u0639\u062f\u062f","amount":"6","operator":""},"magnolia":{"count":"\u2705 4  \u0639\u062f\u062f","amount":"9","operator":""},"mailru":{"count":"\u2705 2  \u0639\u062f\u062f","amount":"7","operator":""},"mamba":{"count":"\u274c","amount":"\u2757\ufe0f","operator":""},"mcdonalds":{"count":"\u2705 4  \u0639\u062f\u062f","amount":"9","operator":""},"meetme":{"count":"\u274c","operator":"","amount":"\u2757\ufe0f"},"mega":{"count":"\u2705 4  \u0639\u062f\u062f","amount":"8","operator":""},"mercado":{"count":"\u2705 4  \u0639\u062f\u062f","amount":"7","operator":""},"michat":{"count":"\u2705 4  \u0639\u062f\u062f","amount":"17","operator":""},"microsoft":{"count":"\u2705 5096  \u0639\u062f\u062f","operator":"virtual18","amount":"10.5"},"miratorg":{"count":"\u2705 4  \u0639\u062f\u062f","amount":"5","operator":"virtual23"},"mtscashback":{"count":"\u2705 3  \u0639\u062f\u062f","amount":"18","operator":"virtual21"},"nana":{"count":"\u274c","operator":"virtual4","amount":"\u2757\ufe0f"},"naver":{"count":"\u2705 1000  \u0639\u062f\u062f","amount":"14","operator":"virtual21"},"netflix":{"count":"\u2705 4  \u0639\u062f\u062f","amount":"12","operator":""},"nhseven":{"count":"\u2705 4  \u0639\u062f\u062f","amount":"7","operator":"virtual23"},"nifty":{"count":"\u274c","operator":"virtual23","amount":"\u2757\ufe0f"},"nike":{"count":"\u2705 1000  \u0639\u062f\u062f","operator":"virtual18","amount":"14.25"},"nimses":{"count":"\u274c","operator":"virtual21","amount":"\u2757\ufe0f"},"nttgame":{"count":"\u2705 4  \u0639\u062f\u062f","amount":"10","operator":""},"odnoklassniki":{"count":"\u274c","amount":"\u2757\ufe0f","operator":"virtual23"},"offerup":{"count":"\u2705 705  \u0639\u062f\u062f","amount":"19.75","operator":"virtual23"},"okcupid":{"count":"\u274c","operator":"virtual4","amount":"\u2757\ufe0f"},"okey":{"count":"\u274c","operator":"virtual4","amount":"\u2757\ufe0f"},"olx":{"count":"\u2705 4  \u0639\u062f\u062f","amount":"6","operator":""},"openpoint":{"count":"\u274c","operator":"virtual4","amount":"\u2757\ufe0f"},"oraclecloud":{"count":"\u274c","operator":"virtual4","amount":"\u2757\ufe0f"},"other":{"count":"\u274c","operator":"virtual23","amount":"\u2757\ufe0f"},"ozon":{"count":"\u274c","amount":"\u2757\ufe0f","operator":"virtual4"},"pairs":{"count":"\u2705 4  \u0639\u062f\u062f","amount":"7","operator":""},"papara":{"count":"\u2705 4  \u0639\u062f\u062f","amount":"26","operator":""},"paycell":{"count":"\u2705 4  \u0639\u062f\u062f","amount":"18","operator":""},"paymaya":{"count":"\u274c","operator":"","amount":"\u2757\ufe0f"},"paypal":{"count":"\u2705 1000  \u0639\u062f\u062f","amount":"18.75","operator":"virtual23|virtual4|virtual21|virtual18|"},"paysend":{"count":"\u2705 4  \u0639\u062f\u062f","amount":"9","operator":"virtual18"},"peoplecom":{"count":"\u274c","operator":"virtual23","amount":"\u2757\ufe0f"},"perekrestok":{"count":"\u2705 4  \u0639\u062f\u062f","amount":"7","operator":""},"pof":{"count":"\u274c","amount":"\u2757\ufe0f","operator":"virtual18"},"pokec":{"count":"\u274c","operator":"virtual4","amount":"\u2757\ufe0f"},"pokermaster":{"count":"\u274c","operator":"","amount":"\u2757\ufe0f"},"potato":{"count":"\u2705 4  \u0639\u062f\u062f","amount":"8","operator":""},"proton":{"count":"\u274c","operator":"","amount":"\u2757\ufe0f"},"protp":{"count":"\u2705 4  \u0639\u062f\u062f","amount":"8","operator":""},"pubg":{"count":"\u274c","operator":"","amount":"\u2757\ufe0f"},"pyaterochka":{"count":"\u2705 4  \u0639\u062f\u062f","amount":"7","operator":""},"qiwiwallet":{"count":"\u2705 4  \u0639\u062f\u062f","amount":"7","operator":""},"quioo":{"count":"\u274c","operator":"","amount":"\u2757\ufe0f"},"quipp":{"count":"\u2705 4  \u0639\u062f\u062f","amount":"6","operator":""},"reuse":{"count":"\u274c","operator":"","amount":"\u2757\ufe0f"},"ripkord":{"count":"\u274c","operator":"","amount":"\u2757\ufe0f"},"samokat":{"count":"\u2705 4  \u0639\u062f\u062f","amount":"5","operator":""},"seosprint":{"count":"\u2705 4  \u0639\u062f\u062f","amount":"6","operator":""},"sheerid":{"count":"\u2705 4  \u0639\u062f\u062f","amount":"6","operator":""},"shopee":{"count":"\u2705 1000  \u0639\u062f\u062f","amount":"24","operator":""},"signal":{"count":"\u274c","operator":"virtual18","amount":"\u2757\ufe0f"},"sikayetvar":{"count":"\u2705 4  \u0639\u062f\u062f","amount":"7","operator":""},"skout":{"count":"\u2705 4  \u0639\u062f\u062f","amount":"5","operator":""},"snapchat":{"count":"\u2705 1  \u0639\u062f\u062f","amount":"19","operator":""},"steam":{"count":"\u2705 1000  \u0639\u062f\u062f","amount":"10.78","operator":""},"swvl":{"count":"\u2705 4  \u0639\u062f\u062f","amount":"6","operator":""},"taksheel":{"count":"\u2705 220  \u0639\u062f\u062f","operator":"virtual4","amount":"39.38"},"tango":{"count":"\u2705 4  \u0639\u062f\u062f","amount":"10","operator":""},"tantan":{"count":"\u274c","operator":"virtual4","amount":"\u2757\ufe0f"},"taobao":{"count":"\u2705 1000  \u0639\u062f\u062f","amount":"16.16","operator":""},"telegram":{"count":"\u2705 1000  \u0639\u062f\u062f","amount":"12.8","operator":"virtual23|virtual18|virtual4||"},"tencentqq":{"count":"\u2705 487  \u0639\u062f\u062f","amount":"6.63","operator":""},"tiktok":{"count":"\u2705 1000  \u0639\u062f\u062f","amount":"13","operator":""},"tinder":{"count":"\u2705 1000  \u0639\u062f\u062f","amount":"12","operator":""},"tosla":{"count":"\u2705 4  \u0639\u062f\u062f","amount":"8","operator":"virtual23"},"totalcoin":{"count":"\u274c","operator":"virtual23","amount":"\u2757\ufe0f"},"touchance":{"count":"\u2705 4  \u0639\u062f\u062f","amount":"7","operator":"virtual4"},"trendyol":{"count":"\u2705 4  \u0639\u062f\u062f","amount":"9","operator":""},"truecaller":{"count":"\u2705 4  \u0639\u062f\u062f","amount":"16","operator":""},"twitter":{"count":"\u2705 1000  \u0639\u062f\u062f","amount":"15","operator":""},"uber":{"count":"\u2705 1000  \u0639\u062f\u062f","amount":"13.33","operator":""},"uploaded":{"count":"\u274c","operator":"virtual18","amount":"\u2757\ufe0f"},"vernyi":{"count":"\u274c","operator":"virtual4","amount":"\u2757\ufe0f"},"viber":{"count":"\u2705 1000  \u0639\u062f\u062f","amount":"11.25","operator":""},"vkontakte":{"count":"\u274c","amount":"\u2757\ufe0f","operator":"virtual18"},"voopee":{"count":"\u274c","operator":"virtual23","amount":"\u2757\ufe0f"},"wechat":{"count":"\u2705 617  \u0639\u062f\u062f","operator":"virtual15","amount":"91.88"},"weibo":{"count":"\u2705 4  \u0639\u062f\u062f","amount":"14","operator":""},"weku":{"count":"\u274c","operator":"virtual23","amount":"\u2757\ufe0f"},"whatsapp":{"count":"\u2705 1000  \u0639\u062f\u062f","amount":"12.5","operator":"virtual23|virtual4|virtual18||"},"winston":{"count":"\u274c","operator":"virtual23","amount":"\u2757\ufe0f"},"wish":{"count":"\u2705 4  \u0639\u062f\u062f","amount":"5","operator":""},"yahoo":{"count":"\u274c","operator":"virtual23","amount":"\u2757\ufe0f"},"yalla":{"count":"\u2705 15629  \u0639\u062f\u062f","amount":"18.38","operator":"virtual21"},"yandex":{"count":"\u2705 1  \u0639\u062f\u062f","amount":"6","operator":""},"yemeksepeti":{"count":"\u2705 4  \u0639\u062f\u062f","amount":"8","operator":"virtual4"},"youdo":{"count":"\u274c","operator":"virtual4","amount":"\u2757\ufe0f"},"youla":{"count":"\u2705 2  \u0639\u062f\u062f","amount":"3","operator":""},"zalo":{"count":"\u2705 2  \u0639\u062f\u062f","amount":"5","operator":""},"zoho":{"count":"\u2705 3  \u0639\u062f\u062f","amount":"14","operator":""},"digikala":{"count":"\u2705 4  \u0639\u062f\u062f","amount":"6","operator":""},"divar":{"count":"\u2705 4  \u0639\u062f\u062f","amount":"5","operator":""},"hamrahaval":{"count":"\u2705 4  \u0639\u062f\u062f","amount":"7","operator":""},"irancell":{"count":"\u2705 4  \u0639\u062f\u062f","amount":"8","operator":""},"zomato":{"count":"\u2705 1000  \u0639\u062f\u062f","amount":"12.5","operator":""},"":{"operator":"||||"}}