{"1688":{"count":"\u2705 1000  \u0639\u062f\u062f","amount":"14.73","operator":""},"1xbet":{"count":"\u2705 82  \u0639\u062f\u062f","amount":"16","operator":""},"23red":{"count":"\u274c","operator":"virtual18","amount":"\u2757\ufe0f"},"ace2three":{"count":"\u274c","operator":"","amount":"\u2757\ufe0f"},"adidas":{"count":"\u2705 82  \u0639\u062f\u062f","amount":"7","operator":""},"airbnb":{"count":"\u2705 16988  \u0639\u062f\u062f","amount":"26.25","operator":""},"airtel":{"count":"\u2705 82  \u0639\u062f\u062f","amount":"6","operator":"virtual18"},"akelni":{"count":"\u274c","operator":"virtual18","amount":"\u2757\ufe0f"},"alibaba":{"count":"\u2705 63  \u0639\u062f\u062f","amount":"15","operator":""},"aliexpress":{"count":"\u2705 81  \u0639\u062f\u062f","operator":"","amount":"1.9"},"alipay":{"count":"\u2705 82  \u0639\u062f\u062f","amount":"7","operator":"virtual4"},"amasia":{"count":"\u2705 82  \u0639\u062f\u062f","amount":"9","operator":""},"amazon":{"count":"\u2705 80  \u0639\u062f\u062f","amount":"13","operator":""},"aol":{"count":"\u2705 18988  \u0639\u062f\u062f","amount":"26.25","operator":"virtual18"},"avito":{"count":"\u2705 82  \u0639\u062f\u062f","amount":"7","operator":"virtual4"},"azino":{"count":"\u274c","operator":"virtual23","amount":"\u2757\ufe0f"},"b4ucabs":{"count":"\u274c","operator":"virtual23","amount":"\u2757\ufe0f"},"bigcash":{"count":"\u274c","operator":"virtual4","amount":"\u2757\ufe0f"},"bigolive":{"count":"\u2705 82  \u0639\u062f\u062f","amount":"6","operator":""},"bitclout":{"count":"\u274c","operator":"","amount":"\u2757\ufe0f"},"bittube":{"count":"\u274c","operator":"","amount":"\u2757\ufe0f"},"blablacar":{"count":"\u2705 66  \u0639\u062f\u062f","amount":"8","operator":""},"blizzard":{"count":"\u2705 82  \u0639\u062f\u062f","amount":"11","operator":""},"blockchain":{"count":"\u274c","operator":"virtual23","amount":"\u2757\ufe0f"},"burgerking":{"count":"\u2705 82  \u0639\u062f\u062f","amount":"8","operator":""},"careem":{"count":"\u2705 18198  \u0639\u062f\u062f","amount":"19.75","operator":""},"cdkeys":{"count":"\u2705 82  \u0639\u062f\u062f","amount":"9","operator":""},"cekkazan":{"count":"\u274c","operator":"","amount":"\u2757\ufe0f"},"citymobil":{"count":"\u2705 82  \u0639\u062f\u062f","amount":"10","operator":""},"clickentregas":{"count":"\u274c","operator":"","amount":"\u2757\ufe0f"},"coinbase":{"count":"\u2705 82  \u0639\u062f\u062f","amount":"24","operator":""},"craigslist":{"count":"\u2705 82  \u0639\u062f\u062f","amount":"19","operator":""},"deliveroo":{"count":"\u2705 82  \u0639\u062f\u062f","amount":"9","operator":"virtual23"},"delivery":{"count":"\u2705 82  \u0639\u062f\u062f","amount":"10","operator":""},"dent":{"count":"\u2705 18988  \u0639\u062f\u062f","amount":"15.75","operator":""},"didi":{"count":"\u2705 82  \u0639\u062f\u062f","amount":"9","operator":""},"discord":{"count":"\u2705 82  \u0639\u062f\u062f","amount":"12","operator":""},"dixy":{"count":"\u274c","operator":"virtual4","amount":"\u2757\ufe0f"},"dodopizza":{"count":"\u2705 82  \u0639\u062f\u062f","amount":"9","operator":""},"domdara":{"count":"\u274c","operator":"","amount":"\u2757\ufe0f"},"dostavista":{"count":"\u2705 82  \u0639\u062f\u062f","amount":"9","operator":""},"douyu":{"count":"\u2705 1000  \u0639\u062f\u062f","amount":"28.3","operator":""},"drom":{"count":"\u2705 82  \u0639\u062f\u062f","amount":"9","operator":"virtual23"},"drugvokrug":{"count":"\u2705 82  \u0639\u062f\u062f","amount":"5","operator":""},"dukascopy":{"count":"\u274c","operator":"","amount":"\u2757\ufe0f"},"ebay":{"count":"\u2705 82  \u0639\u062f\u062f","amount":"13","operator":""},"edgeless":{"count":"\u274c","operator":"virtual23","amount":"\u2757\ufe0f"},"electroneum":{"count":"\u274c","operator":"virtual4","amount":"\u2757\ufe0f"},"ezway":{"count":"\u274c","operator":"","amount":"\u2757\ufe0f"},"facebook":{"count":"\u2705 1000  \u0639\u062f\u062f","amount":"25","operator":""},"fiverr":{"count":"\u274c","operator":"virtual21","amount":"\u2757\ufe0f"},"flipkart":{"count":"\u274c","operator":"","amount":"\u2757\ufe0f"},"foodpanda":{"count":"\u2705 1000  \u0639\u062f\u062f","amount":"25","operator":""},"foody":{"count":"\u2705 82  \u0639\u062f\u062f","amount":"10","operator":"virtual23"},"forwarding":{"count":"\u274c","operator":"virtual4","amount":"\u2757\ufe0f"},"galaxy":{"count":"\u274c","operator":"","amount":"\u2757\ufe0f"},"gameflip":{"count":"\u274c","operator":"","amount":"\u2757\ufe0f"},"gcash":{"count":"\u274c","operator":"","amount":"\u2757\ufe0f"},"get":{"count":"\u274c","operator":"","amount":"\u2757\ufe0f"},"getir":{"count":"\u2705 81  \u0639\u062f\u062f","amount":"9","operator":""},"gett":{"count":"\u2705 82  \u0639\u062f\u062f","amount":"10","operator":""},"globus":{"count":"\u2705 82  \u0639\u062f\u062f","amount":"7","operator":""},"glovo":{"count":"\u274c","operator":"","amount":"\u2757\ufe0f"},"google":{"count":"\u2705 1000  \u0639\u062f\u062f","amount":"13.52","operator":""},"grabtaxi":{"count":"\u2705 82  \u0639\u062f\u062f","amount":"6","operator":"virtual4"},"green":{"count":"\u274c","operator":"virtual4","amount":"\u2757\ufe0f"},"grindr":{"count":"\u2705 82  \u0639\u062f\u062f","amount":"5","operator":""},"haraj":{"count":"\u2705 82  \u0639\u062f\u062f","amount":"36","operator":""},"hezzl":{"count":"\u2705 82  \u0639\u062f\u062f","amount":"6","operator":""},"hopi":{"count":"\u2705 82  \u0639\u062f\u062f","amount":"9","operator":""},"hqtrivia":{"count":"\u2705 82  \u0639\u062f\u062f","amount":"13","operator":""},"icard":{"count":"\u274c","operator":"","amount":"\u2757\ufe0f"},"icq":{"count":"\u2705 81  \u0639\u062f\u062f","amount":"5","operator":""},"imo":{"count":"\u2705 77  \u0639\u062f\u062f","amount":"16","operator":""},"ininal":{"count":"\u2705 82  \u0639\u062f\u062f","amount":"5","operator":""},"instagram":{"count":"\u2705 18972  \u0639\u062f\u062f","amount":"19.75","operator":""},"iost":{"count":"\u274c","operator":"virtual18","amount":"\u2757\ufe0f"},"jd":{"count":"\u2705 74  \u0639\u062f\u062f","amount":"12","operator":""},"justdating":{"count":"\u2705 82  \u0639\u062f\u062f","amount":"8","operator":"virtual23"},"kakaotalk":{"count":"\u2705 1000  \u0639\u062f\u062f","amount":"25","operator":"virtual2"},"keybase":{"count":"\u2705 18198  \u0639\u062f\u062f","amount":"26.25","operator":"virtual18"},"komandacard":{"count":"\u274c","operator":"virtual4","amount":"\u2757\ufe0f"},"kotak811":{"count":"\u2705 82  \u0639\u062f\u062f","amount":"8","operator":"virtual23"},"kufarby":{"count":"\u2705 82  \u0639\u062f\u062f","amount":"9","operator":""},"kwai":{"count":"\u274c","operator":"virtual21","amount":"\u2757\ufe0f"},"lazada":{"count":"\u274c","operator":"virtual4","amount":"\u2757\ufe0f"},"lbry":{"count":"\u274c","operator":"","amount":"\u2757\ufe0f"},"lenta":{"count":"\u2705 82  \u0639\u062f\u062f","amount":"6","operator":""},"lianxin":{"count":"\u274c","operator":"","amount":"\u2757\ufe0f"},"line":{"count":"\u2705 78  \u0639\u062f\u062f","amount":"12","operator":""},"linkedin":{"count":"\u2705 5151  \u0639\u062f\u062f","operator":"virtual23","amount":"19.75"},"livescore":{"count":"\u2705 82  \u0639\u062f\u062f","amount":"6","operator":"virtual4"},"magnit":{"count":"\u2705 82  \u0639\u062f\u062f","amount":"5","operator":""},"magnolia":{"count":"\u2705 82  \u0639\u062f\u062f","amount":"6","operator":""},"mailru":{"count":"\u2705 82  \u0639\u062f\u062f","amount":"8","operator":""},"mamba":{"count":"\u2705 82  \u0639\u062f\u062f","amount":"7","operator":""},"mcdonalds":{"count":"\u2705 82  \u0639\u062f\u062f","amount":"9","operator":""},"meetme":{"count":"\u274c","operator":"","amount":"\u2757\ufe0f"},"mega":{"count":"\u2705 82  \u0639\u062f\u062f","amount":"10","operator":""},"mercado":{"count":"\u2705 82  \u0639\u062f\u062f","amount":"7","operator":""},"michat":{"count":"\u2705 82  \u0639\u062f\u062f","amount":"17","operator":""},"microsoft":{"count":"\u2705 76  \u0639\u062f\u062f","amount":"9","operator":""},"miratorg":{"count":"\u2705 82  \u0639\u062f\u062f","amount":"8","operator":"virtual4"},"mtscashback":{"count":"\u2705 82  \u0639\u062f\u062f","amount":"18","operator":""},"nana":{"count":"\u274c","operator":"virtual4","amount":"\u2757\ufe0f"},"naver":{"count":"\u2705 1000  \u0639\u062f\u062f","amount":"14","operator":""},"netflix":{"count":"\u2705 82  \u0639\u062f\u062f","amount":"12","operator":""},"nhseven":{"count":"\u2705 82  \u0639\u062f\u062f","amount":"9","operator":"virtual23"},"nifty":{"count":"\u274c","operator":"virtual23","amount":"\u2757\ufe0f"},"nike":{"count":"\u2705 1000  \u0639\u062f\u062f","amount":"14.25","operator":"virtual18"},"nimses":{"count":"\u274c","operator":"virtual4","amount":"\u2757\ufe0f"},"nttgame":{"count":"\u2705 82  \u0639\u062f\u062f","amount":"12","operator":""},"odnoklassniki":{"count":"\u274c","operator":"virtual23","amount":"\u2757\ufe0f"},"offerup":{"count":"\u2705 300  \u0639\u062f\u062f","amount":"19.75","operator":""},"okcupid":{"count":"\u274c","operator":"virtual4","amount":"\u2757\ufe0f"},"okey":{"count":"\u274c","operator":"virtual4","amount":"\u2757\ufe0f"},"olx":{"count":"\u2705 364  \u0639\u062f\u062f","amount":"26.25","operator":""},"openpoint":{"count":"\u274c","operator":"virtual4","amount":"\u2757\ufe0f"},"oraclecloud":{"count":"\u274c","operator":"virtual23","amount":"\u2757\ufe0f"},"other":{"count":"\u2705 82  \u0639\u062f\u062f","amount":"23","operator":"virtual23"},"ozon":{"count":"\u2705 82  \u0639\u062f\u062f","amount":"6","operator":""},"pairs":{"count":"\u2705 82  \u0639\u062f\u062f","amount":"10","operator":""},"papara":{"count":"\u2705 18198  \u0639\u062f\u062f","amount":"32.88","operator":""},"paycell":{"count":"\u2705 82  \u0639\u062f\u062f","amount":"18","operator":""},"paymaya":{"count":"\u274c","operator":"","amount":"\u2757\ufe0f"},"paypal":{"count":"\u2705 81  \u0639\u062f\u062f","amount":"28","operator":""},"paysend":{"count":"\u2705 82  \u0639\u062f\u062f","amount":"10","operator":"virtual18"},"peoplecom":{"count":"\u274c","operator":"virtual18","amount":"\u2757\ufe0f"},"perekrestok":{"count":"\u2705 82  \u0639\u062f\u062f","amount":"10","operator":""},"pof":{"count":"\u2705 17802  \u0639\u062f\u062f","amount":"15.75","operator":"virtual18"},"pokec":{"count":"\u274c","operator":"virtual4","amount":"\u2757\ufe0f"},"pokermaster":{"count":"\u274c","operator":"","amount":"\u2757\ufe0f"},"potato":{"count":"\u2705 82  \u0639\u062f\u062f","amount":"6","operator":""},"proton":{"count":"\u274c","operator":"","amount":"\u2757\ufe0f"},"protp":{"count":"\u2705 82  \u0639\u062f\u062f","amount":"5","operator":""},"pubg":{"count":"\u274c","operator":"","amount":"\u2757\ufe0f"},"pyaterochka":{"count":"\u2705 82  \u0639\u062f\u062f","amount":"9","operator":""},"qiwiwallet":{"count":"\u2705 82  \u0639\u062f\u062f","amount":"10","operator":""},"quioo":{"count":"\u274c","operator":"","amount":"\u2757\ufe0f"},"quipp":{"count":"\u2705 82  \u0639\u062f\u062f","amount":"6","operator":""},"reuse":{"count":"\u274c","operator":"","amount":"\u2757\ufe0f"},"ripkord":{"count":"\u274c","operator":"","amount":"\u2757\ufe0f"},"samokat":{"count":"\u2705 82  \u0639\u062f\u062f","amount":"9","operator":""},"seosprint":{"count":"\u2705 82  \u0639\u062f\u062f","amount":"5","operator":""},"sheerid":{"count":"\u2705 82  \u0639\u062f\u062f","amount":"10","operator":""},"shopee":{"count":"\u2705 82  \u0639\u062f\u062f","amount":"17","operator":""},"signal":{"count":"\u274c","operator":"virtual18","amount":"\u2757\ufe0f"},"sikayetvar":{"count":"\u2705 82  \u0639\u062f\u062f","amount":"9","operator":""},"skout":{"count":"\u2705 10796  \u0639\u062f\u062f","amount":"13.13","operator":""},"snapchat":{"count":"\u2705 82  \u0639\u062f\u062f","amount":"19","operator":""},"steam":{"count":"\u2705 82  \u0639\u062f\u062f","amount":"7","operator":"virtual18"},"swvl":{"count":"\u2705 82  \u0639\u062f\u062f","amount":"7","operator":""},"taksheel":{"count":"\u274c","operator":"virtual4","amount":"39.38"},"tango":{"count":"\u2705 82  \u0639\u062f\u062f","amount":"9","operator":""},"tantan":{"count":"\u274c","operator":"virtual4","amount":"\u2757\ufe0f"},"taobao":{"count":"\u274c","operator":"virtual23","amount":"\u2757\ufe0f"},"telegram":{"count":"\u2705 200  \u0639\u062f\u062f","amount":"19.75","operator":"virtual18|virtual23|virtual4|virtual21|"},"tencentqq":{"count":"\u2705 51  \u0639\u062f\u062f","amount":"8","operator":"virtual4"},"tiktok":{"count":"\u2705 82  \u0639\u062f\u062f","amount":"12","operator":""},"tinder":{"count":"\u2705 1000  \u0639\u062f\u062f","amount":"10.03","operator":""},"tosla":{"count":"\u2705 82  \u0639\u062f\u062f","amount":"6","operator":"virtual23"},"totalcoin":{"count":"\u274c","operator":"virtual23","amount":"\u2757\ufe0f"},"touchance":{"count":"\u2705 82  \u0639\u062f\u062f","amount":"8","operator":"virtual4"},"trendyol":{"count":"\u2705 82  \u0639\u062f\u062f","amount":"7","operator":""},"truecaller":{"count":"\u2705 82  \u0639\u062f\u062f","amount":"16","operator":""},"twitter":{"count":"\u2705 81  \u0639\u062f\u062f","amount":"11","operator":""},"uber":{"count":"\u274c","operator":"virtual18","amount":"\u2757\ufe0f"},"uploaded":{"count":"\u274c","operator":"virtual23","amount":"\u2757\ufe0f"},"vernyi":{"count":"\u274c","operator":"virtual4","amount":"\u2757\ufe0f"},"viber":{"count":"\u2705 6055  \u0639\u062f\u062f","amount":"26.25","operator":""},"vkontakte":{"count":"\u2705 42  \u0639\u062f\u062f","amount":"10","operator":""},"voopee":{"count":"\u274c","operator":"virtual23","amount":"\u2757\ufe0f"},"wechat":{"count":"\u2705 458  \u0639\u062f\u062f","operator":"virtual23","amount":"91.88"},"weibo":{"count":"\u2705 82  \u0639\u062f\u062f","amount":"14","operator":""},"weku":{"count":"\u274c","operator":"virtual23","amount":"\u2757\ufe0f"},"whatsapp":{"count":"\u2705 1000  \u0639\u062f\u062f","amount":"10.94","operator":"virtual18|virtual23|virtual4|virtual21|"},"winston":{"count":"\u274c","operator":"virtual23","amount":"\u2757\ufe0f"},"wish":{"count":"\u2705 82  \u0639\u062f\u062f","amount":"7","operator":""},"yahoo":{"count":"\u2705 82  \u0639\u062f\u062f","amount":"14","operator":""},"yalla":{"count":"\u2705 82  \u0639\u062f\u062f","amount":"14","operator":""},"yandex":{"count":"\u2705 82  \u0639\u062f\u062f","amount":"12","operator":""},"yemeksepeti":{"count":"\u2705 82  \u0639\u062f\u062f","amount":"6","operator":"virtual4"},"youdo":{"count":"\u274c","operator":"virtual4","amount":"\u2757\ufe0f"},"youla":{"count":"\u2705 82  \u0639\u062f\u062f","amount":"10","operator":""},"zalo":{"count":"\u2705 82  \u0639\u062f\u062f","amount":"8","operator":""},"zoho":{"count":"\u2705 82  \u0639\u062f\u062f","amount":"14","operator":""},"digikala":{"count":"\u2705 82  \u0639\u062f\u062f","amount":"6","operator":""},"divar":{"count":"\u2705 82  \u0639\u062f\u062f","amount":"7","operator":""},"hamrahaval":{"count":"\u2705 82  \u0639\u062f\u062f","amount":"6","operator":""},"irancell":{"count":"\u2705 82  \u0639\u062f\u062f","amount":"8","operator":""},"zomato":{"count":"\u2705 1000  \u0639\u062f\u062f","amount":"12.5","operator":""},"":{"operator":"||||"}}