{"1688":{"count":"\u2705 1000  \u0639\u062f\u062f","amount":"14.83","operator":""},"1xbet":{"count":"\u2705 1000  \u0639\u062f\u062f","amount":"24","operator":"virtual4"},"23red":{"count":"\u274c","operator":"virtual18","amount":"\u2757\ufe0f"},"ace2three":{"count":"\u274c","operator":"","amount":"\u2757\ufe0f"},"adidas":{"count":"\u2705 2295  \u0639\u062f\u062f","amount":"5","operator":""},"airbnb":{"count":"\u2705 2289  \u0639\u062f\u062f","amount":"12","operator":""},"airtel":{"count":"\u2705 2296  \u0639\u062f\u062f","amount":"8","operator":"virtual18"},"akelni":{"count":"\u274c","operator":"virtual18","amount":"\u2757\ufe0f"},"alibaba":{"count":"\u2705 1000  \u0639\u062f\u062f","amount":"21.25","operator":""},"aliexpress":{"count":"\u2705 1150  \u0639\u062f\u062f","operator":"","amount":"1.9"},"alipay":{"count":"\u2705 2296  \u0639\u062f\u062f","amount":"7","operator":"virtual4"},"amasia":{"count":"\u2705 2297  \u0639\u062f\u062f","amount":"7","operator":""},"amazon":{"count":"\u2705 1000  \u0639\u062f\u062f","amount":"13.53","operator":""},"aol":{"count":"\u2705 2296  \u0639\u062f\u062f","amount":"13","operator":""},"avito":{"count":"\u2705 2292  \u0639\u062f\u062f","amount":"7","operator":"virtual4"},"azino":{"count":"\u274c","operator":"virtual23","amount":"\u2757\ufe0f"},"b4ucabs":{"count":"\u274c","operator":"virtual23","amount":"\u2757\ufe0f"},"bigcash":{"count":"\u274c","operator":"lycamobile","amount":"\u2757\ufe0f"},"bigolive":{"count":"\u2705 2297  \u0639\u062f\u062f","amount":"5","operator":""},"bitclout":{"count":"\u274c","operator":"","amount":"\u2757\ufe0f"},"bittube":{"count":"\u274c","operator":"","amount":"\u2757\ufe0f"},"blablacar":{"count":"\u2705 6  \u0639\u062f\u062f","amount":"8","operator":""},"blizzard":{"count":"\u2705 1000  \u0639\u062f\u062f","amount":"11.86","operator":""},"blockchain":{"count":"\u274c","operator":"virtual23","amount":"\u2757\ufe0f"},"burgerking":{"count":"\u2705 2294  \u0639\u062f\u062f","amount":"6","operator":""},"careem":{"count":"\u2705 2295  \u0639\u062f\u062f","amount":"18","operator":""},"cdkeys":{"count":"\u2705 2297  \u0639\u062f\u062f","amount":"5","operator":""},"cekkazan":{"count":"\u274c","operator":"","amount":"\u2757\ufe0f"},"citymobil":{"count":"\u2705 2297  \u0639\u062f\u062f","amount":"7","operator":""},"clickentregas":{"count":"\u274c","operator":"","amount":"\u2757\ufe0f"},"coinbase":{"count":"\u2705 2297  \u0639\u062f\u062f","amount":"22","operator":""},"craigslist":{"count":"\u2705 1000  \u0639\u062f\u062f","amount":"21.3","operator":""},"deliveroo":{"count":"\u2705 2295  \u0639\u062f\u062f","amount":"5","operator":"virtual23"},"delivery":{"count":"\u2705 2297  \u0639\u062f\u062f","amount":"6","operator":""},"dent":{"count":"\u2705 2294  \u0639\u062f\u062f","amount":"7","operator":""},"didi":{"count":"\u2705 2100  \u0639\u062f\u062f","amount":"5","operator":""},"discord":{"count":"\u2705 3556  \u0639\u062f\u062f","amount":"13.13","operator":""},"dixy":{"count":"\u274c","operator":"virtual4","amount":"\u2757\ufe0f"},"dodopizza":{"count":"\u2705 2297  \u0639\u062f\u062f","amount":"7","operator":""},"domdara":{"count":"\u274c","operator":"","amount":"\u2757\ufe0f"},"dostavista":{"count":"\u2705 2297  \u0639\u062f\u062f","amount":"7","operator":""},"douyu":{"count":"\u2705 1000  \u0639\u062f\u062f","amount":"28.3","operator":""},"drom":{"count":"\u2705 2295  \u0639\u062f\u062f","amount":"8","operator":"virtual23"},"drugvokrug":{"count":"\u2705 2297  \u0639\u062f\u062f","amount":"6","operator":""},"dukascopy":{"count":"\u274c","operator":"","amount":"\u2757\ufe0f"},"ebay":{"count":"\u2705 1000  \u0639\u062f\u062f","amount":"14.83","operator":""},"edgeless":{"count":"\u274c","operator":"virtual23","amount":"\u2757\ufe0f"},"electroneum":{"count":"\u274c","operator":"virtual4","amount":"\u2757\ufe0f"},"ezway":{"count":"\u274c","operator":"","amount":"\u2757\ufe0f"},"facebook":{"count":"\u2705 331  \u0639\u062f\u062f","amount":"10","operator":""},"fiverr":{"count":"\u274c","operator":"virtual23","amount":"\u2757\ufe0f"},"flipkart":{"count":"\u274c","operator":"","amount":"\u2757\ufe0f"},"foodpanda":{"count":"\u2705 2250  \u0639\u062f\u062f","amount":"12","operator":""},"foody":{"count":"\u2705 2297  \u0639\u062f\u062f","amount":"8","operator":"virtual4"},"forwarding":{"count":"\u274c","operator":"virtual4","amount":"\u2757\ufe0f"},"galaxy":{"count":"\u274c","operator":"","amount":"\u2757\ufe0f"},"gameflip":{"count":"\u274c","operator":"","amount":"\u2757\ufe0f"},"gcash":{"count":"\u274c","operator":"","amount":"\u2757\ufe0f"},"get":{"count":"\u274c","operator":"","amount":"\u2757\ufe0f"},"getir":{"count":"\u2705 353  \u0639\u062f\u062f","amount":"21","operator":""},"gett":{"count":"\u2705 2297  \u0639\u062f\u062f","amount":"6","operator":""},"globus":{"count":"\u2705 2297  \u0639\u062f\u062f","amount":"8","operator":""},"glovo":{"count":"\u274c","operator":"","amount":"\u2757\ufe0f"},"google":{"count":"\u2705 1000  \u0639\u062f\u062f","amount":"12.98","operator":"virtual18|virtual21|virtual23|virtual4|"},"grabtaxi":{"count":"\u2705 2297  \u0639\u062f\u062f","amount":"5","operator":"virtual4"},"green":{"count":"\u274c","operator":"virtual4","amount":"\u2757\ufe0f"},"grindr":{"count":"\u2705 2297  \u0639\u062f\u062f","amount":"6","operator":""},"haraj":{"count":"\u2705 2297  \u0639\u062f\u062f","amount":"36","operator":""},"hezzl":{"count":"\u2705 2292  \u0639\u062f\u062f","amount":"6","operator":""},"hopi":{"count":"\u2705 1000  \u0639\u062f\u062f","amount":"17","operator":""},"hqtrivia":{"count":"\u2705 2297  \u0639\u062f\u062f","amount":"12","operator":""},"icard":{"count":"\u274c","operator":"","amount":"\u2757\ufe0f"},"icq":{"count":"\u2705 2259  \u0639\u062f\u062f","amount":"6","operator":""},"imo":{"count":"\u2705 2290  \u0639\u062f\u062f","amount":"15","operator":""},"ininal":{"count":"\u2705 2152  \u0639\u062f\u062f","operator":"virtual23","amount":"36"},"instagram":{"count":"\u2705 1000  \u0639\u062f\u062f","amount":"10.67","operator":"virtual18|virtual21|virtual23|virtual4|"},"iost":{"count":"\u274c","operator":"virtual23","amount":"\u2757\ufe0f"},"jd":{"count":"\u2705 67  \u0639\u062f\u062f","amount":"8","operator":""},"justdating":{"count":"\u2705 2297  \u0639\u062f\u062f","amount":"8","operator":"virtual18"},"kakaotalk":{"count":"\u2705 1000  \u0639\u062f\u062f","amount":"18.75","operator":"virtual4"},"keybase":{"count":"\u2705 2297  \u0639\u062f\u062f","amount":"14","operator":""},"komandacard":{"count":"\u274c","operator":"virtual4","amount":"\u2757\ufe0f"},"kotak811":{"count":"\u2705 2297  \u0639\u062f\u062f","amount":"5","operator":"virtual4"},"kufarby":{"count":"\u2705 2297  \u0639\u062f\u062f","amount":"6","operator":""},"kwai":{"count":"\u274c","operator":"virtual21","amount":"\u2757\ufe0f"},"lazada":{"count":"\u274c","operator":"virtual23","amount":"\u2757\ufe0f"},"lbry":{"count":"\u274c","operator":"","amount":"\u2757\ufe0f"},"lenta":{"count":"\u2705 2297  \u0639\u062f\u062f","amount":"6","operator":""},"lianxin":{"count":"\u274c","operator":"","amount":"\u2757\ufe0f"},"line":{"count":"\u2705 1000  \u0639\u062f\u062f","amount":"13.25","operator":""},"linkedin":{"count":"\u2705 22327  \u0639\u062f\u062f","operator":"virtual23","amount":"19.75"},"livescore":{"count":"\u2705 2297  \u0639\u062f\u062f","amount":"8","operator":"virtual4"},"magnit":{"count":"\u2705 2297  \u0639\u062f\u062f","amount":"8","operator":""},"magnolia":{"count":"\u2705 2297  \u0639\u062f\u062f","amount":"5","operator":""},"mailru":{"count":"\u2705 2279  \u0639\u062f\u062f","amount":"6","operator":""},"mamba":{"count":"\u2705 2297  \u0639\u062f\u062f","amount":"8","operator":""},"mcdonalds":{"count":"\u2705 2297  \u0639\u062f\u062f","amount":"7","operator":""},"meetme":{"count":"\u274c","operator":"","amount":"\u2757\ufe0f"},"mega":{"count":"\u2705 2297  \u0639\u062f\u062f","amount":"8","operator":""},"mercado":{"count":"\u2705 2297  \u0639\u062f\u062f","amount":"5","operator":""},"michat":{"count":"\u2705 2293  \u0639\u062f\u062f","amount":"17","operator":""},"microsoft":{"count":"\u2705 213  \u0639\u062f\u062f","amount":"8","operator":""},"miratorg":{"count":"\u2705 2297  \u0639\u062f\u062f","amount":"7","operator":"virtual4"},"mtscashback":{"count":"\u2705 2135  \u0639\u062f\u062f","amount":"18","operator":""},"nana":{"count":"\u274c","operator":"virtual4","amount":"\u2757\ufe0f"},"naver":{"count":"\u2705 5423  \u0639\u062f\u062f","amount":"19.75","operator":""},"netflix":{"count":"\u2705 1611  \u0639\u062f\u062f","amount":"13","operator":""},"nhseven":{"count":"\u2705 2297  \u0639\u062f\u062f","amount":"5","operator":"virtual23"},"nifty":{"count":"\u274c","operator":"virtual23","amount":"\u2757\ufe0f"},"nike":{"count":"\u274c","operator":"virtual18","amount":"\u2757\ufe0f"},"nimses":{"count":"\u274c","operator":"virtual4","amount":"\u2757\ufe0f"},"nttgame":{"count":"\u2705 1937  \u0639\u062f\u062f","amount":"12","operator":"virtual4"},"odnoklassniki":{"count":"\u2705 496  \u0639\u062f\u062f","amount":"3","operator":"virtual4"},"offerup":{"count":"\u2705 565  \u0639\u062f\u062f","amount":"19.75","operator":""},"okcupid":{"count":"\u274c","operator":"virtual4","amount":"\u2757\ufe0f"},"okey":{"count":"\u274c","operator":"virtual4","amount":"\u2757\ufe0f"},"olx":{"count":"\u2705 2296  \u0639\u062f\u062f","amount":"11","operator":""},"openpoint":{"count":"\u274c","operator":"virtual4","amount":"\u2757\ufe0f"},"oraclecloud":{"count":"\u274c","operator":"virtual23","amount":"\u2757\ufe0f"},"other":{"count":"\u2705 2297  \u0639\u062f\u062f","amount":"20","operator":""},"ozon":{"count":"\u2705 2297  \u0639\u062f\u062f","amount":"9","operator":""},"pairs":{"count":"\u2705 2297  \u0639\u062f\u062f","amount":"6","operator":""},"papara":{"count":"\u274c","operator":"virtual4","amount":"\u2757\ufe0f"},"paycell":{"count":"\u2705 2205  \u0639\u062f\u062f","amount":"14","operator":""},"paymaya":{"count":"\u274c","operator":"","amount":"\u2757\ufe0f"},"paypal":{"count":"\u2705 2247  \u0639\u062f\u062f","amount":"18","operator":""},"paysend":{"count":"\u2705 2297  \u0639\u062f\u062f","amount":"5","operator":"virtual18"},"peoplecom":{"count":"\u274c","operator":"virtual18","amount":"\u2757\ufe0f"},"perekrestok":{"count":"\u2705 2297  \u0639\u062f\u062f","amount":"6","operator":""},"pof":{"count":"\u2705 2113  \u0639\u062f\u062f","amount":"10","operator":""},"pokec":{"count":"\u274c","operator":"virtual4","amount":"\u2757\ufe0f"},"pokermaster":{"count":"\u274c","operator":"","amount":"\u2757\ufe0f"},"potato":{"count":"\u2705 2297  \u0639\u062f\u062f","amount":"5","operator":""},"proton":{"count":"\u274c","operator":"","amount":"\u2757\ufe0f"},"protp":{"count":"\u2705 2297  \u0639\u062f\u062f","amount":"9","operator":""},"pubg":{"count":"\u274c","operator":"","amount":"\u2757\ufe0f"},"pyaterochka":{"count":"\u2705 2296  \u0639\u062f\u062f","amount":"5","operator":""},"qiwiwallet":{"count":"\u2705 2296  \u0639\u062f\u062f","amount":"5","operator":""},"quioo":{"count":"\u274c","operator":"","amount":"\u2757\ufe0f"},"quipp":{"count":"\u2705 2297  \u0639\u062f\u062f","amount":"9","operator":""},"reuse":{"count":"\u274c","operator":"","amount":"\u2757\ufe0f"},"ripkord":{"count":"\u274c","operator":"","amount":"\u2757\ufe0f"},"samokat":{"count":"\u2705 2297  \u0639\u062f\u062f","amount":"7","operator":""},"seosprint":{"count":"\u2705 2297  \u0639\u062f\u062f","amount":"7","operator":""},"sheerid":{"count":"\u2705 2297  \u0639\u062f\u062f","amount":"8","operator":""},"shopee":{"count":"\u2705 2297  \u0639\u062f\u062f","amount":"20","operator":""},"signal":{"count":"\u274c","operator":"virtual18","amount":"\u2757\ufe0f"},"sikayetvar":{"count":"\u2705 2270  \u0639\u062f\u062f","amount":"12","operator":""},"skout":{"count":"\u2705 2292  \u0639\u062f\u062f","amount":"8","operator":""},"snapchat":{"count":"\u2705 2293  \u0639\u062f\u062f","amount":"19","operator":""},"steam":{"count":"\u2705 2035  \u0639\u062f\u062f","amount":"10","operator":""},"swvl":{"count":"\u2705 2297  \u0639\u062f\u062f","amount":"7","operator":""},"taksheel":{"count":"\u274c","operator":"virtual4","amount":"39.38"},"tango":{"count":"\u2705 2295  \u0639\u062f\u062f","amount":"5","operator":""},"tantan":{"count":"\u274c","operator":"virtual4","amount":"\u2757\ufe0f"},"taobao":{"count":"\u2705 1000  \u0639\u062f\u062f","amount":"16.81","operator":""},"telegram":{"count":"\u2705 1  \u0639\u062f\u062f","amount":"12","operator":"virtual21|virtual23|virtual4|virtual18|"},"tencentqq":{"count":"\u2705 1936  \u0639\u062f\u062f","amount":"6","operator":""},"tiktok":{"count":"\u2705 2241  \u0639\u062f\u062f","amount":"11","operator":"virtual21|virtual18|virtual23||"},"tinder":{"count":"\u2705 1000  \u0639\u062f\u062f","amount":"12","operator":""},"tosla":{"count":"\u2705 18051  \u0639\u062f\u062f","operator":"virtual18","amount":"59.13"},"totalcoin":{"count":"\u274c","operator":"virtual23","amount":"\u2757\ufe0f"},"touchance":{"count":"\u2705 2297  \u0639\u062f\u062f","amount":"7","operator":"virtual4"},"trendyol":{"count":"\u274c","operator":"virtual4","amount":"\u2757\ufe0f"},"truecaller":{"count":"\u2705 2297  \u0639\u062f\u062f","amount":"16","operator":""},"twitter":{"count":"\u2705 1728  \u0639\u062f\u062f","amount":"12","operator":""},"uber":{"count":"\u2705 2220  \u0639\u062f\u062f","amount":"12","operator":""},"uploaded":{"count":"\u274c","operator":"virtual21","amount":"\u2757\ufe0f"},"vernyi":{"count":"\u274c","operator":"virtual23","amount":"\u2757\ufe0f"},"viber":{"count":"\u2705 1026  \u0639\u062f\u062f","amount":"11","operator":""},"vkontakte":{"count":"\u2705 1000  \u0639\u062f\u062f","amount":"9.99","operator":""},"voopee":{"count":"\u274c","operator":"virtual23","amount":"\u2757\ufe0f"},"wechat":{"count":"\u2705 5425  \u0639\u062f\u062f","operator":"virtual23","amount":"91.88"},"weibo":{"count":"\u2705 2297  \u0639\u062f\u062f","amount":"14","operator":""},"weku":{"count":"\u274c","operator":"virtual23","amount":"\u2757\ufe0f"},"whatsapp":{"count":"\u2705 1000  \u0639\u062f\u062f","amount":"10.57","operator":"virtual18|virtual4|virtual21|virtual23|"},"winston":{"count":"\u274c","operator":"virtual23","amount":"\u2757\ufe0f"},"wish":{"count":"\u2705 2296  \u0639\u062f\u062f","amount":"5","operator":""},"yahoo":{"count":"\u2705 1000  \u0639\u062f\u062f","amount":"13.52","operator":""},"yalla":{"count":"\u2705 2105  \u0639\u062f\u062f","amount":"17","operator":""},"yandex":{"count":"\u2705 2286  \u0639\u062f\u062f","amount":"12","operator":""},"yemeksepeti":{"count":"\u274c","amount":"\u2757\ufe0f","operator":"virtual23"},"youdo":{"count":"\u274c","operator":"virtual4","amount":"\u2757\ufe0f"},"youla":{"count":"\u2705 2297  \u0639\u062f\u062f","amount":"8","operator":""},"zalo":{"count":"\u2705 2297  \u0639\u062f\u062f","amount":"8","operator":""},"zoho":{"count":"\u2705 1865  \u0639\u062f\u062f","amount":"13","operator":""},"digikala":{"count":"\u2705 2297  \u0639\u062f\u062f","amount":"7","operator":""},"divar":{"count":"\u2705 2297  \u0639\u062f\u062f","amount":"5","operator":""},"hamrahaval":{"count":"\u2705 2297  \u0639\u062f\u062f","amount":"8","operator":""},"irancell":{"count":"\u2705 2297  \u0639\u062f\u062f","amount":"6","operator":"virtual21||||"},"zomato":{"count":"\u2705 1000  \u0639\u062f\u062f","amount":"12.5","operator":""},"tg":{"operator":""},"":{"operator":"||||"},"ot":{"operator":"||||"}}