{"1688":{"count":"\u2705 1000  \u0639\u062f\u062f","amount":"15.3","operator":""},"1xbet":{"count":"\u2705 235  \u0639\u062f\u062f","amount":"16","operator":""},"23red":{"count":"\u274c","operator":"virtual18","amount":"\u2757\ufe0f"},"ace2three":{"count":"\u274c","operator":"","amount":"\u2757\ufe0f"},"adidas":{"count":"\u2705 235  \u0639\u062f\u062f","amount":"10","operator":""},"airbnb":{"count":"\u2705 13148  \u0639\u062f\u062f","amount":"26.25","operator":""},"airtel":{"count":"\u2705 235  \u0639\u062f\u062f","amount":"5","operator":"virtual18"},"akelni":{"count":"\u274c","operator":"virtual18","amount":"\u2757\ufe0f"},"alibaba":{"count":"\u274c","operator":"virtual18","amount":"\u2757\ufe0f"},"aliexpress":{"count":"\u2705 235  \u0639\u062f\u062f","operator":"","amount":"1.9"},"alipay":{"count":"\u2705 234  \u0639\u062f\u062f","amount":"7","operator":"virtual4"},"amasia":{"count":"\u2705 233  \u0639\u062f\u062f","amount":"6","operator":""},"amazon":{"count":"\u2705 1000  \u0639\u062f\u062f","amount":"14.34","operator":""},"aol":{"count":"\u2705 17951  \u0639\u062f\u062f","amount":"32.88","operator":"virtual18"},"avito":{"count":"\u2705 235  \u0639\u062f\u062f","amount":"9","operator":"virtual4"},"azino":{"count":"\u274c","operator":"virtual21","amount":"\u2757\ufe0f"},"b4ucabs":{"count":"\u274c","operator":"virtual21","amount":"\u2757\ufe0f"},"bigcash":{"count":"\u274c","operator":"virtual18","amount":"\u2757\ufe0f"},"bigolive":{"count":"\u2705 235  \u0639\u062f\u062f","amount":"6","operator":""},"bitclout":{"count":"\u274c","operator":"virtual23","amount":"\u2757\ufe0f"},"bittube":{"count":"\u274c","operator":"","amount":"\u2757\ufe0f"},"blablacar":{"count":"\u2705 233  \u0639\u062f\u062f","amount":"18","operator":""},"blizzard":{"count":"\u2705 235  \u0639\u062f\u062f","amount":"12","operator":""},"blockchain":{"count":"\u274c","operator":"virtual23","amount":"\u2757\ufe0f"},"burgerking":{"count":"\u2705 235  \u0639\u062f\u062f","amount":"5","operator":""},"careem":{"count":"\u2705 235  \u0639\u062f\u062f","amount":"18","operator":""},"cdkeys":{"count":"\u2705 235  \u0639\u062f\u062f","amount":"10","operator":""},"cekkazan":{"count":"\u274c","operator":"","amount":"\u2757\ufe0f"},"citymobil":{"count":"\u2705 234  \u0639\u062f\u062f","amount":"6","operator":""},"clickentregas":{"count":"\u274c","operator":"","amount":"\u2757\ufe0f"},"coinbase":{"count":"\u2705 235  \u0639\u062f\u062f","amount":"24","operator":""},"craigslist":{"count":"\u2705 1000  \u0639\u062f\u062f","amount":"25","operator":""},"deliveroo":{"count":"\u2705 235  \u0639\u062f\u062f","amount":"6","operator":"virtual4"},"delivery":{"count":"\u2705 235  \u0639\u062f\u062f","amount":"7","operator":""},"dent":{"count":"\u2705 584  \u0639\u062f\u062f","amount":"19.75","operator":""},"didi":{"count":"\u2705 235  \u0639\u062f\u062f","amount":"10","operator":""},"discord":{"count":"\u2705 1134  \u0639\u062f\u062f","amount":"13.13","operator":""},"dixy":{"count":"\u274c","operator":"virtual4","amount":"\u2757\ufe0f"},"dodopizza":{"count":"\u2705 235  \u0639\u062f\u062f","amount":"6","operator":""},"domdara":{"count":"\u274c","operator":"","amount":"\u2757\ufe0f"},"dostavista":{"count":"\u2705 235  \u0639\u062f\u062f","amount":"8","operator":""},"douyu":{"count":"\u2705 1000  \u0639\u062f\u062f","amount":"28.3","operator":""},"drom":{"count":"\u2705 235  \u0639\u062f\u062f","amount":"5","operator":""},"drugvokrug":{"count":"\u2705 235  \u0639\u062f\u062f","amount":"9","operator":""},"dukascopy":{"count":"\u274c","operator":"","amount":"\u2757\ufe0f"},"ebay":{"count":"\u2705 1000  \u0639\u062f\u062f","amount":"15.5","operator":""},"edgeless":{"count":"\u274c","operator":"virtual23","amount":"\u2757\ufe0f"},"electroneum":{"count":"\u274c","operator":"virtual4","amount":"\u2757\ufe0f"},"ezway":{"count":"\u274c","operator":"","amount":"\u2757\ufe0f"},"facebook":{"count":"\u2705 1000  \u0639\u062f\u062f","amount":"31.25","operator":""},"fiverr":{"count":"\u274c","operator":"virtual23","amount":"\u2757\ufe0f"},"flipkart":{"count":"\u274c","operator":"","amount":"\u2757\ufe0f"},"foodpanda":{"count":"\u2705 235  \u0639\u062f\u062f","amount":"11","operator":""},"foody":{"count":"\u2705 235  \u0639\u062f\u062f","amount":"7","operator":"virtual4"},"forwarding":{"count":"\u274c","operator":"virtual4","amount":"\u2757\ufe0f"},"galaxy":{"count":"\u274c","operator":"","amount":"\u2757\ufe0f"},"gameflip":{"count":"\u274c","operator":"","amount":"\u2757\ufe0f"},"gcash":{"count":"\u274c","operator":"","amount":"\u2757\ufe0f"},"get":{"count":"\u274c","operator":"","amount":"\u2757\ufe0f"},"getir":{"count":"\u2705 235  \u0639\u062f\u062f","amount":"10","operator":""},"gett":{"count":"\u2705 235  \u0639\u062f\u062f","amount":"18","operator":""},"globus":{"count":"\u2705 235  \u0639\u062f\u062f","amount":"8","operator":""},"glovo":{"count":"\u274c","operator":"","amount":"\u2757\ufe0f"},"google":{"count":"\u2705 1000  \u0639\u062f\u062f","amount":"13.83","operator":""},"grabtaxi":{"count":"\u2705 235  \u0639\u062f\u062f","amount":"6","operator":"virtual4"},"green":{"count":"\u274c","operator":"virtual21","amount":"\u2757\ufe0f"},"grindr":{"count":"\u2705 235  \u0639\u062f\u062f","amount":"6","operator":""},"haraj":{"count":"\u2705 235  \u0639\u062f\u062f","amount":"36","operator":""},"hezzl":{"count":"\u2705 235  \u0639\u062f\u062f","amount":"7","operator":""},"hopi":{"count":"\u2705 235  \u0639\u062f\u062f","amount":"6","operator":""},"hqtrivia":{"count":"\u2705 24804  \u0639\u062f\u062f","amount":"26.25","operator":""},"icard":{"count":"\u274c","operator":"","amount":"\u2757\ufe0f"},"icq":{"count":"\u2705 233  \u0639\u062f\u062f","amount":"18","operator":""},"imo":{"count":"\u274c","operator":"virtual4","amount":"\u2757\ufe0f"},"ininal":{"count":"\u2705 235  \u0639\u062f\u062f","amount":"7","operator":""},"instagram":{"count":"\u2705 1000  \u0639\u062f\u062f","operator":"","amount":"18.75"},"iost":{"count":"\u274c","operator":"virtual23","amount":"\u2757\ufe0f"},"jd":{"count":"\u2705 1000  \u0639\u062f\u062f","amount":"13.4","operator":""},"justdating":{"count":"\u2705 235  \u0639\u062f\u062f","amount":"7","operator":"virtual4"},"kakaotalk":{"count":"\u2705 1000  \u0639\u062f\u062f","amount":"31.25","operator":"virtual21"},"keybase":{"count":"\u2705 235  \u0639\u062f\u062f","amount":"14","operator":""},"komandacard":{"count":"\u274c","operator":"virtual4","amount":"\u2757\ufe0f"},"kotak811":{"count":"\u2705 235  \u0639\u062f\u062f","amount":"9","operator":"virtual4"},"kufarby":{"count":"\u2705 235  \u0639\u062f\u062f","amount":"9","operator":""},"kwai":{"count":"\u274c","operator":"virtual21","amount":"\u2757\ufe0f"},"lazada":{"count":"\u274c","operator":"virtual23","amount":"\u2757\ufe0f"},"lbry":{"count":"\u274c","operator":"","amount":"\u2757\ufe0f"},"lenta":{"count":"\u2705 235  \u0639\u062f\u062f","amount":"5","operator":""},"lianxin":{"count":"\u274c","operator":"","amount":"\u2757\ufe0f"},"line":{"count":"\u2705 234  \u0639\u062f\u062f","amount":"10","operator":""},"linkedin":{"count":"\u274c","amount":"\u2757\ufe0f","operator":"virtual23"},"livescore":{"count":"\u2705 235  \u0639\u062f\u062f","amount":"18","operator":"virtual4"},"magnit":{"count":"\u2705 235  \u0639\u062f\u062f","amount":"6","operator":""},"magnolia":{"count":"\u2705 235  \u0639\u062f\u062f","amount":"7","operator":""},"mailru":{"count":"\u274c","operator":"virtual4","amount":"\u2757\ufe0f"},"mamba":{"count":"\u2705 233  \u0639\u062f\u062f","amount":"10","operator":""},"mcdonalds":{"count":"\u2705 235  \u0639\u062f\u062f","amount":"7","operator":""},"meetme":{"count":"\u274c","operator":"","amount":"\u2757\ufe0f"},"mega":{"count":"\u2705 235  \u0639\u062f\u062f","amount":"9","operator":""},"mercado":{"count":"\u2705 235  \u0639\u062f\u062f","amount":"10","operator":""},"michat":{"count":"\u2705 235  \u0639\u062f\u062f","amount":"17","operator":""},"microsoft":{"count":"\u2705 222  \u0639\u062f\u062f","amount":"10","operator":""},"miratorg":{"count":"\u2705 235  \u0639\u062f\u062f","amount":"7","operator":"virtual23"},"mtscashback":{"count":"\u2705 235  \u0639\u062f\u062f","amount":"18","operator":""},"nana":{"count":"\u274c","operator":"virtual4","amount":"\u2757\ufe0f"},"naver":{"count":"\u2705 1000  \u0639\u062f\u062f","amount":"13.25","operator":""},"netflix":{"count":"\u2705 235  \u0639\u062f\u062f","amount":"10","operator":""},"nhseven":{"count":"\u2705 235  \u0639\u062f\u062f","amount":"5","operator":"virtual23"},"nifty":{"count":"\u274c","operator":"virtual23","amount":"\u2757\ufe0f"},"nike":{"count":"\u2705 1000  \u0639\u062f\u062f","operator":"","amount":"14.25"},"nimses":{"count":"\u274c","operator":"virtual4","amount":"\u2757\ufe0f"},"nttgame":{"count":"\u2705 235  \u0639\u062f\u062f","amount":"10","operator":""},"odnoklassniki":{"count":"\u274c","operator":"virtual23","amount":"\u2757\ufe0f"},"offerup":{"count":"\u2705 464  \u0639\u062f\u062f","amount":"19.75","operator":""},"okcupid":{"count":"\u274c","operator":"virtual4","amount":"\u2757\ufe0f"},"okey":{"count":"\u274c","operator":"virtual4","amount":"\u2757\ufe0f"},"olx":{"count":"\u2705 405  \u0639\u062f\u062f","amount":"13.13","operator":""},"openpoint":{"count":"\u274c","operator":"virtual4","amount":"\u2757\ufe0f"},"oraclecloud":{"count":"\u274c","operator":"virtual21","amount":"\u2757\ufe0f"},"other":{"count":"\u2705 235  \u0639\u062f\u062f","amount":"3","operator":""},"ozon":{"count":"\u2705 234  \u0639\u062f\u062f","amount":"18","operator":""},"pairs":{"count":"\u2705 235  \u0639\u062f\u062f","amount":"8","operator":""},"papara":{"count":"\u2705 235  \u0639\u062f\u062f","amount":"26","operator":""},"paycell":{"count":"\u2705 235  \u0639\u062f\u062f","amount":"18","operator":""},"paymaya":{"count":"\u274c","operator":"","amount":"\u2757\ufe0f"},"paypal":{"count":"\u2705 235  \u0639\u062f\u062f","amount":"28","operator":""},"paysend":{"count":"\u2705 235  \u0639\u062f\u062f","amount":"5","operator":"virtual23"},"peoplecom":{"count":"\u274c","operator":"virtual18","amount":"\u2757\ufe0f"},"perekrestok":{"count":"\u2705 235  \u0639\u062f\u062f","amount":"8","operator":""},"pof":{"count":"\u2705 235  \u0639\u062f\u062f","amount":"9","operator":""},"pokec":{"count":"\u274c","operator":"virtual4","amount":"\u2757\ufe0f"},"pokermaster":{"count":"\u274c","operator":"","amount":"\u2757\ufe0f"},"potato":{"count":"\u2705 235  \u0639\u062f\u062f","amount":"9","operator":""},"proton":{"count":"\u274c","operator":"","amount":"\u2757\ufe0f"},"protp":{"count":"\u2705 235  \u0639\u062f\u062f","amount":"6","operator":""},"pubg":{"count":"\u274c","operator":"","amount":"\u2757\ufe0f"},"pyaterochka":{"count":"\u2705 235  \u0639\u062f\u062f","amount":"8","operator":""},"qiwiwallet":{"count":"\u2705 230  \u0639\u062f\u062f","amount":"23","operator":""},"quioo":{"count":"\u274c","operator":"","amount":"\u2757\ufe0f"},"quipp":{"count":"\u2705 235  \u0639\u062f\u062f","amount":"9","operator":""},"reuse":{"count":"\u274c","operator":"","amount":"\u2757\ufe0f"},"ripkord":{"count":"\u274c","operator":"","amount":"\u2757\ufe0f"},"samokat":{"count":"\u2705 235  \u0639\u062f\u062f","amount":"9","operator":""},"seosprint":{"count":"\u2705 235  \u0639\u062f\u062f","amount":"18","operator":""},"sheerid":{"count":"\u2705 235  \u0639\u062f\u062f","amount":"7","operator":""},"shopee":{"count":"\u2705 15792  \u0639\u062f\u062f","amount":"26.25","operator":""},"signal":{"count":"\u274c","operator":"virtual18","amount":"\u2757\ufe0f"},"sikayetvar":{"count":"\u2705 235  \u0639\u062f\u062f","amount":"5","operator":""},"skout":{"count":"\u2705 235  \u0639\u062f\u062f","amount":"12","operator":""},"snapchat":{"count":"\u2705 234  \u0639\u062f\u062f","amount":"19","operator":""},"steam":{"count":"\u2705 1000  \u0639\u062f\u062f","amount":"11.88","operator":""},"swvl":{"count":"\u2705 235  \u0639\u062f\u062f","amount":"8","operator":""},"taksheel":{"count":"\u2705 154  \u0639\u062f\u062f","amount":"39.38","operator":"virtual4"},"tango":{"count":"\u2705 235  \u0639\u062f\u062f","amount":"6","operator":""},"tantan":{"count":"\u274c","operator":"virtual4","amount":"\u2757\ufe0f"},"taobao":{"count":"\u274c","operator":"virtual23","amount":"\u2757\ufe0f"},"telegram":{"count":"\u2705 1000  \u0639\u062f\u062f","amount":"31.25","operator":"virtual18|virtual23|virtual4|virtual21|"},"tencentqq":{"count":"\u274c","operator":"virtual23","amount":"\u2757\ufe0f"},"tiktok":{"count":"\u2705 235  \u0639\u062f\u062f","amount":"12","operator":""},"tinder":{"count":"\u2705 1000  \u0639\u062f\u062f","amount":"9.59","operator":""},"tosla":{"count":"\u2705 235  \u0639\u062f\u062f","amount":"6","operator":"virtual23"},"totalcoin":{"count":"\u274c","operator":"virtual4","amount":"\u2757\ufe0f"},"touchance":{"count":"\u2705 235  \u0639\u062f\u062f","amount":"5","operator":"virtual4"},"trendyol":{"count":"\u2705 235  \u0639\u062f\u062f","amount":"5","operator":""},"truecaller":{"count":"\u2705 235  \u0639\u062f\u062f","amount":"16","operator":""},"twitter":{"count":"\u2705 228  \u0639\u062f\u062f","amount":"11","operator":""},"uber":{"count":"\u2705 235  \u0639\u062f\u062f","amount":"12","operator":""},"uploaded":{"count":"\u274c","operator":"virtual18","amount":"\u2757\ufe0f"},"vernyi":{"count":"\u274c","operator":"virtual23","amount":"\u2757\ufe0f"},"viber":{"count":"\u2705 1000  \u0639\u062f\u062f","amount":"11.5","operator":"virtual18|virtual23|virtual4|virtual21|"},"vkontakte":{"count":"\u2705 1000  \u0639\u062f\u062f","amount":"8.78","operator":""},"voopee":{"count":"\u274c","operator":"virtual23","amount":"\u2757\ufe0f"},"wechat":{"count":"\u2705 930  \u0639\u062f\u062f","operator":"virtual23","amount":"91.88"},"weibo":{"count":"\u2705 235  \u0639\u062f\u062f","amount":"14","operator":""},"weku":{"count":"\u274c","operator":"virtual21","amount":"\u2757\ufe0f"},"whatsapp":{"count":"\u2705 935  \u0639\u062f\u062f","amount":"39.38","operator":"virtual18|virtual23|virtual4||"},"winston":{"count":"\u274c","operator":"virtual23","amount":"\u2757\ufe0f"},"wish":{"count":"\u2705 235  \u0639\u062f\u062f","amount":"8","operator":""},"yahoo":{"count":"\u2705 1000  \u0639\u062f\u062f","amount":"12.5","operator":""},"yalla":{"count":"\u2705 235  \u0639\u062f\u062f","amount":"17","operator":""},"yandex":{"count":"\u2705 234  \u0639\u062f\u062f","amount":"12","operator":""},"yemeksepeti":{"count":"\u2705 235  \u0639\u062f\u062f","amount":"8","operator":"virtual4"},"youdo":{"count":"\u274c","operator":"virtual23","amount":"\u2757\ufe0f"},"youla":{"count":"\u274c","operator":"virtual4","amount":"\u2757\ufe0f"},"zalo":{"count":"\u2705 235  \u0639\u062f\u062f","amount":"8","operator":""},"zoho":{"count":"\u2705 235  \u0639\u062f\u062f","amount":"14","operator":""},"digikala":{"count":"\u2705 235  \u0639\u062f\u062f","amount":"9","operator":""},"divar":{"count":"\u2705 235  \u0639\u062f\u062f","amount":"8","operator":""},"hamrahaval":{"count":"\u2705 235  \u0639\u062f\u062f","amount":"9","operator":""},"irancell":{"count":"\u2705 235  \u0639\u062f\u062f","amount":"7","operator":""},"zomato":{"count":"\u2705 1000  \u0639\u062f\u062f","amount":"12.5","operator":""},"tg":{"operator":""},"":{"operator":"||||"}}