{"1688":{"count":"\u2705 1000  \u0639\u062f\u062f","amount":"13.81","operator":""},"1xbet":{"count":"\u2705 1000  \u0639\u062f\u062f","amount":"23","operator":"virtual4"},"23red":{"count":"\u274c","operator":"virtual18","amount":"\u2757\ufe0f"},"ace2three":{"count":"\u274c","operator":"","amount":"\u2757\ufe0f"},"adidas":{"count":"\u2705 40  \u0639\u062f\u062f","amount":"9","operator":""},"airbnb":{"count":"\u2705 40  \u0639\u062f\u062f","amount":"12","operator":""},"airtel":{"count":"\u2705 40  \u0639\u062f\u062f","amount":"5","operator":"virtual18"},"akelni":{"count":"\u274c","operator":"virtual18","amount":"\u2757\ufe0f"},"alibaba":{"count":"\u2705 14  \u0639\u062f\u062f","amount":"18","operator":""},"aliexpress":{"count":"\u2705 40  \u0639\u062f\u062f","operator":"","amount":"1.9"},"alipay":{"count":"\u2705 40  \u0639\u062f\u062f","amount":"6","operator":"virtual4"},"amasia":{"count":"\u2705 40  \u0639\u062f\u062f","amount":"5","operator":""},"amazon":{"count":"\u2705 1000  \u0639\u062f\u062f","amount":"11.98","operator":""},"aol":{"count":"\u2705 38  \u0639\u062f\u062f","amount":"13","operator":""},"avito":{"count":"\u2705 40  \u0639\u062f\u062f","amount":"7","operator":"virtual4"},"azino":{"count":"\u274c","operator":"virtual4","amount":"\u2757\ufe0f"},"b4ucabs":{"count":"\u274c","operator":"virtual4","amount":"\u2757\ufe0f"},"bigcash":{"count":"\u274c","operator":"virtual18","amount":"\u2757\ufe0f"},"bigolive":{"count":"\u2705 40  \u0639\u062f\u062f","amount":"7","operator":""},"bitclout":{"count":"\u274c","operator":"","amount":"\u2757\ufe0f"},"bittube":{"count":"\u274c","operator":"","amount":"\u2757\ufe0f"},"blablacar":{"count":"\u2705 40  \u0639\u062f\u062f","amount":"8","operator":""},"blizzard":{"count":"\u2705 39  \u0639\u062f\u062f","amount":"11","operator":""},"blockchain":{"count":"\u274c","operator":"virtual23","amount":"\u2757\ufe0f"},"burgerking":{"count":"\u2705 40  \u0639\u062f\u062f","amount":"8","operator":""},"careem":{"count":"\u2705 40  \u0639\u062f\u062f","amount":"14","operator":""},"cdkeys":{"count":"\u2705 40  \u0639\u062f\u062f","amount":"7","operator":""},"cekkazan":{"count":"\u274c","operator":"","amount":"\u2757\ufe0f"},"citymobil":{"count":"\u2705 40  \u0639\u062f\u062f","amount":"6","operator":""},"clickentregas":{"count":"\u274c","operator":"","amount":"\u2757\ufe0f"},"coinbase":{"count":"\u2705 40  \u0639\u062f\u062f","amount":"22","operator":""},"craigslist":{"count":"\u2705 40  \u0639\u062f\u062f","amount":"24","operator":""},"deliveroo":{"count":"\u2705 40  \u0639\u062f\u062f","amount":"9","operator":"virtual4"},"delivery":{"count":"\u2705 40  \u0639\u062f\u062f","amount":"8","operator":""},"dent":{"count":"\u2705 39  \u0639\u062f\u062f","amount":"2","operator":""},"didi":{"count":"\u2705 40  \u0639\u062f\u062f","amount":"8","operator":""},"discord":{"count":"\u2705 39  \u0639\u062f\u062f","amount":"11","operator":""},"dixy":{"count":"\u274c","operator":"virtual4","amount":"\u2757\ufe0f"},"dodopizza":{"count":"\u2705 40  \u0639\u062f\u062f","amount":"6","operator":""},"domdara":{"count":"\u274c","operator":"","amount":"\u2757\ufe0f"},"dostavista":{"count":"\u2705 40  \u0639\u062f\u062f","amount":"6","operator":""},"douyu":{"count":"\u2705 1000  \u0639\u062f\u062f","amount":"28.3","operator":""},"drom":{"count":"\u2705 40  \u0639\u062f\u062f","amount":"9","operator":""},"drugvokrug":{"count":"\u2705 40  \u0639\u062f\u062f","amount":"5","operator":""},"dukascopy":{"count":"\u274c","operator":"","amount":"\u2757\ufe0f"},"ebay":{"count":"\u2705 1000  \u0639\u062f\u062f","amount":"14.52","operator":""},"edgeless":{"count":"\u274c","operator":"virtual23","amount":"\u2757\ufe0f"},"electroneum":{"count":"\u274c","operator":"virtual4","amount":"\u2757\ufe0f"},"ezway":{"count":"\u274c","operator":"","amount":"\u2757\ufe0f"},"facebook":{"count":"\u2705 1000  \u0639\u062f\u062f","amount":"12.3","operator":""},"fiverr":{"count":"\u274c","operator":"virtual23","amount":"\u2757\ufe0f"},"flipkart":{"count":"\u274c","operator":"","amount":"\u2757\ufe0f"},"foodpanda":{"count":"\u2705 1000  \u0639\u062f\u062f","amount":"11.74","operator":""},"foody":{"count":"\u2705 40  \u0639\u062f\u062f","amount":"5","operator":"virtual4"},"forwarding":{"count":"\u274c","operator":"virtual4","amount":"\u2757\ufe0f"},"galaxy":{"count":"\u274c","operator":"","amount":"\u2757\ufe0f"},"gameflip":{"count":"\u274c","operator":"","amount":"\u2757\ufe0f"},"gcash":{"count":"\u274c","operator":"","amount":"\u2757\ufe0f"},"get":{"count":"\u274c","operator":"","amount":"\u2757\ufe0f"},"getir":{"count":"\u2705 40  \u0639\u062f\u062f","amount":"6","operator":""},"gett":{"count":"\u2705 40  \u0639\u062f\u062f","amount":"8","operator":""},"globus":{"count":"\u2705 40  \u0639\u062f\u062f","amount":"7","operator":""},"glovo":{"count":"\u274c","operator":"","amount":"\u2757\ufe0f"},"google":{"count":"\u2705 2214  \u0639\u062f\u062f","amount":"17.13","operator":""},"grabtaxi":{"count":"\u2705 40  \u0639\u062f\u062f","amount":"8","operator":"virtual4"},"green":{"count":"\u274c","operator":"virtual4","amount":"\u2757\ufe0f"},"grindr":{"count":"\u2705 40  \u0639\u062f\u062f","amount":"5","operator":""},"haraj":{"count":"\u2705 40  \u0639\u062f\u062f","amount":"36","operator":""},"hezzl":{"count":"\u2705 40  \u0639\u062f\u062f","amount":"6","operator":""},"hopi":{"count":"\u2705 40  \u0639\u062f\u062f","amount":"7","operator":""},"hqtrivia":{"count":"\u2705 38  \u0639\u062f\u062f","amount":"1","operator":""},"icard":{"count":"\u274c","operator":"","amount":"\u2757\ufe0f"},"icq":{"count":"\u2705 40  \u0639\u062f\u062f","amount":"5","operator":""},"imo":{"count":"\u2705 40  \u0639\u062f\u062f","amount":"15","operator":""},"ininal":{"count":"\u2705 40  \u0639\u062f\u062f","amount":"8","operator":""},"instagram":{"count":"\u2705 1000  \u0639\u062f\u062f","operator":"virtual21","amount":"13.95"},"iost":{"count":"\u274c","operator":"virtual23","amount":"\u2757\ufe0f"},"jd":{"count":"\u2705 8  \u0639\u062f\u062f","amount":"8","operator":""},"justdating":{"count":"\u2705 40  \u0639\u062f\u062f","amount":"7","operator":"virtual4"},"kakaotalk":{"count":"\u2705 2  \u0639\u062f\u062f","amount":"12","operator":"virtual21"},"keybase":{"count":"\u2705 40  \u0639\u062f\u062f","amount":"14","operator":""},"komandacard":{"count":"\u274c","operator":"virtual4","amount":"\u2757\ufe0f"},"kotak811":{"count":"\u2705 40  \u0639\u062f\u062f","amount":"8","operator":"virtual4"},"kufarby":{"count":"\u2705 40  \u0639\u062f\u062f","amount":"5","operator":""},"kwai":{"count":"\u274c","operator":"virtual21","amount":"\u2757\ufe0f"},"lazada":{"count":"\u274c","operator":"virtual23","amount":"\u2757\ufe0f"},"lbry":{"count":"\u274c","operator":"","amount":"\u2757\ufe0f"},"lenta":{"count":"\u2705 40  \u0639\u062f\u062f","amount":"5","operator":""},"lianxin":{"count":"\u274c","operator":"","amount":"\u2757\ufe0f"},"line":{"count":"\u2705 1000  \u0639\u062f\u062f","amount":"12.71","operator":""},"linkedin":{"count":"\u274c","amount":"\u2757\ufe0f","operator":"virtual23"},"livescore":{"count":"\u2705 40  \u0639\u062f\u062f","amount":"7","operator":"virtual4"},"magnit":{"count":"\u2705 40  \u0639\u062f\u062f","amount":"5","operator":""},"magnolia":{"count":"\u2705 40  \u0639\u062f\u062f","amount":"7","operator":""},"mailru":{"count":"\u2705 40  \u0639\u062f\u062f","amount":"6","operator":""},"mamba":{"count":"\u2705 40  \u0639\u062f\u062f","amount":"9","operator":""},"mcdonalds":{"count":"\u2705 40  \u0639\u062f\u062f","amount":"5","operator":""},"meetme":{"count":"\u274c","operator":"","amount":"\u2757\ufe0f"},"mega":{"count":"\u2705 40  \u0639\u062f\u062f","amount":"8","operator":""},"mercado":{"count":"\u2705 40  \u0639\u062f\u062f","amount":"6","operator":""},"michat":{"count":"\u2705 40  \u0639\u062f\u062f","amount":"17","operator":""},"microsoft":{"count":"\u2705 1  \u0639\u062f\u062f","amount":"2","operator":""},"miratorg":{"count":"\u2705 40  \u0639\u062f\u062f","amount":"6","operator":"virtual23"},"mtscashback":{"count":"\u2705 40  \u0639\u062f\u062f","amount":"18","operator":""},"nana":{"count":"\u274c","operator":"virtual4","amount":"\u2757\ufe0f"},"naver":{"count":"\u2705 1000  \u0639\u062f\u062f","amount":"14","operator":""},"netflix":{"count":"\u2705 1000  \u0639\u062f\u062f","amount":"13.96","operator":"virtual8"},"nhseven":{"count":"\u2705 40  \u0639\u062f\u062f","amount":"6","operator":"virtual23"},"nifty":{"count":"\u274c","operator":"virtual23","amount":"\u2757\ufe0f"},"nike":{"count":"\u2705 1000  \u0639\u062f\u062f","amount":"10","operator":""},"nimses":{"count":"\u274c","operator":"virtual4","amount":"\u2757\ufe0f"},"nttgame":{"count":"\u2705 1000  \u0639\u062f\u062f","amount":"11.8","operator":""},"odnoklassniki":{"count":"\u2705 19  \u0639\u062f\u062f","amount":"3","operator":"virtual4"},"offerup":{"count":"\u2705 9803  \u0639\u062f\u062f","amount":"19.75","operator":""},"okcupid":{"count":"\u274c","operator":"virtual4","amount":"\u2757\ufe0f"},"okey":{"count":"\u274c","operator":"virtual4","amount":"\u2757\ufe0f"},"olx":{"count":"\u2705 40  \u0639\u062f\u062f","amount":"11","operator":""},"openpoint":{"count":"\u274c","operator":"virtual4","amount":"\u2757\ufe0f"},"oraclecloud":{"count":"\u274c","operator":"virtual21","amount":"\u2757\ufe0f"},"other":{"count":"\u2705 40  \u0639\u062f\u062f","amount":"10","operator":""},"ozon":{"count":"\u2705 40  \u0639\u062f\u062f","amount":"8","operator":""},"pairs":{"count":"\u2705 40  \u0639\u062f\u062f","amount":"6","operator":""},"papara":{"count":"\u2705 40  \u0639\u062f\u062f","amount":"26","operator":""},"paycell":{"count":"\u2705 40  \u0639\u062f\u062f","amount":"18","operator":""},"paymaya":{"count":"\u274c","operator":"","amount":"\u2757\ufe0f"},"paypal":{"count":"\u2705 27  \u0639\u062f\u062f","amount":"30","operator":""},"paysend":{"count":"\u2705 40  \u0639\u062f\u062f","amount":"7","operator":"virtual18"},"peoplecom":{"count":"\u274c","operator":"virtual18","amount":"\u2757\ufe0f"},"perekrestok":{"count":"\u2705 40  \u0639\u062f\u062f","amount":"9","operator":""},"pof":{"count":"\u2705 1000  \u0639\u062f\u062f","amount":"15","operator":""},"pokec":{"count":"\u274c","operator":"virtual4","amount":"\u2757\ufe0f"},"pokermaster":{"count":"\u274c","operator":"","amount":"\u2757\ufe0f"},"potato":{"count":"\u2705 40  \u0639\u062f\u062f","amount":"5","operator":""},"proton":{"count":"\u274c","operator":"","amount":"\u2757\ufe0f"},"protp":{"count":"\u2705 40  \u0639\u062f\u062f","amount":"7","operator":""},"pubg":{"count":"\u274c","operator":"","amount":"\u2757\ufe0f"},"pyaterochka":{"count":"\u2705 40  \u0639\u062f\u062f","amount":"5","operator":""},"qiwiwallet":{"count":"\u2705 40  \u0639\u062f\u062f","amount":"8","operator":""},"quioo":{"count":"\u274c","operator":"","amount":"\u2757\ufe0f"},"quipp":{"count":"\u2705 40  \u0639\u062f\u062f","amount":"5","operator":""},"reuse":{"count":"\u274c","operator":"","amount":"\u2757\ufe0f"},"ripkord":{"count":"\u274c","operator":"","amount":"\u2757\ufe0f"},"samokat":{"count":"\u2705 40  \u0639\u062f\u062f","amount":"7","operator":""},"seosprint":{"count":"\u2705 40  \u0639\u062f\u062f","amount":"5","operator":""},"sheerid":{"count":"\u2705 40  \u0639\u062f\u062f","amount":"5","operator":""},"shopee":{"count":"\u2705 6319  \u0639\u062f\u062f","amount":"22.38","operator":""},"signal":{"count":"\u274c","operator":"virtual18","amount":"\u2757\ufe0f"},"sikayetvar":{"count":"\u2705 40  \u0639\u062f\u062f","amount":"7","operator":""},"skout":{"count":"\u2705 40  \u0639\u062f\u062f","amount":"8","operator":""},"snapchat":{"count":"\u2705 39  \u0639\u062f\u062f","amount":"19","operator":""},"steam":{"count":"\u2705 40  \u0639\u062f\u062f","amount":"10","operator":""},"swvl":{"count":"\u2705 40  \u0639\u062f\u062f","amount":"9","operator":""},"taksheel":{"count":"\u2705 8182  \u0639\u062f\u062f","amount":"39.38","operator":"virtual4"},"tango":{"count":"\u2705 40  \u0639\u062f\u062f","amount":"8","operator":""},"tantan":{"count":"\u274c","operator":"virtual4","amount":"\u2757\ufe0f"},"taobao":{"count":"\u2705 1000  \u0639\u062f\u062f","amount":"13.75","operator":""},"telegram":{"count":"\u2705 1000  \u0639\u062f\u062f","operator":"virtual21|virtual23|virtual4|virtual18|","amount":"14"},"tencentqq":{"count":"\u2705 21  \u0639\u062f\u062f","amount":"7","operator":"virtual23"},"tiktok":{"count":"\u2705 6  \u0639\u062f\u062f","amount":"1","operator":"virtual21"},"tinder":{"count":"\u2705 1000  \u0639\u062f\u062f","amount":"10.45","operator":""},"tosla":{"count":"\u2705 40  \u0639\u062f\u062f","amount":"7","operator":"virtual23"},"totalcoin":{"count":"\u274c","operator":"virtual4","amount":"\u2757\ufe0f"},"touchance":{"count":"\u2705 40  \u0639\u062f\u062f","amount":"5","operator":"virtual23"},"trendyol":{"count":"\u2705 40  \u0639\u062f\u062f","amount":"5","operator":""},"truecaller":{"count":"\u2705 40  \u0639\u062f\u062f","amount":"16","operator":"virtual21||||"},"twitter":{"count":"\u274c","amount":"\u2757\ufe0f","operator":"virtual18"},"uber":{"count":"\u2705 39  \u0639\u062f\u062f","amount":"12","operator":""},"uploaded":{"count":"\u274c","operator":"virtual18","amount":"\u2757\ufe0f"},"vernyi":{"count":"\u274c","operator":"virtual23","amount":"\u2757\ufe0f"},"viber":{"count":"\u2705 38  \u0639\u062f\u062f","amount":"11","operator":""},"vkontakte":{"count":"\u274c","operator":"virtual23","amount":"\u2757\ufe0f"},"voopee":{"count":"\u274c","operator":"virtual23","amount":"\u2757\ufe0f"},"wechat":{"count":"\u2705 9651  \u0639\u062f\u062f","operator":"virtual23","amount":"91.88"},"weibo":{"count":"\u2705 40  \u0639\u062f\u062f","amount":"14","operator":""},"weku":{"count":"\u274c","operator":"virtual21","amount":"\u2757\ufe0f"},"whatsapp":{"count":"\u2705 1000  \u0639\u062f\u062f","amount":"11.6","operator":"virtual18|virtual21|virtual23|virtual4|"},"winston":{"count":"\u274c","operator":"virtual23","amount":"\u2757\ufe0f"},"wish":{"count":"\u2705 38  \u0639\u062f\u062f","amount":"5","operator":""},"yahoo":{"count":"\u2705 1000  \u0639\u062f\u062f","amount":"18.75","operator":""},"yalla":{"count":"\u2705 40  \u0639\u062f\u062f","amount":"17","operator":""},"yandex":{"count":"\u2705 40  \u0639\u062f\u062f","amount":"12","operator":""},"yemeksepeti":{"count":"\u2705 40  \u0639\u062f\u062f","amount":"5","operator":"virtual4"},"youdo":{"count":"\u274c","operator":"virtual23","amount":"\u2757\ufe0f"},"youla":{"count":"\u2705 40  \u0639\u062f\u062f","amount":"7","operator":""},"zalo":{"count":"\u2705 38  \u0639\u062f\u062f","amount":"3","operator":""},"zoho":{"count":"\u2705 40  \u0639\u062f\u062f","amount":"13","operator":""},"digikala":{"count":"\u2705 40  \u0639\u062f\u062f","amount":"5","operator":""},"divar":{"count":"\u2705 40  \u0639\u062f\u062f","amount":"8","operator":""},"hamrahaval":{"count":"\u2705 40  \u0639\u062f\u062f","amount":"6","operator":""},"irancell":{"count":"\u2705 40  \u0639\u062f\u062f","amount":"8","operator":""},"zomato":{"count":"\u2705 1000  \u0639\u062f\u062f","amount":"12.5","operator":""},"":{"operator":"||||"}}