{"1688":{"count":"\u2705 2311  \u0639\u062f\u062f","amount":"8","operator":""},"1xbet":{"count":"\u2705 231  \u0639\u062f\u062f","amount":"18","operator":""},"23red":{"count":"\u274c","operator":"virtual18","amount":"\u2757\ufe0f"},"ace2three":{"count":"\u274c","operator":"","amount":"\u2757\ufe0f"},"adidas":{"count":"\u2705 231  \u0639\u062f\u062f","amount":"8","operator":""},"airbnb":{"count":"\u2705 231  \u0639\u062f\u062f","amount":"11","operator":""},"airtel":{"count":"\u2705 231  \u0639\u062f\u062f","amount":"8","operator":"virtual18"},"akelni":{"count":"\u274c","operator":"virtual18","amount":"\u2757\ufe0f"},"alibaba":{"count":"\u2705 2304  \u0639\u062f\u062f","amount":"3","operator":""},"aliexpress":{"count":"\u2705 226  \u0639\u062f\u062f","operator":"virtual23","amount":"1.9"},"alipay":{"count":"\u2705 231  \u0639\u062f\u062f","amount":"6","operator":""},"amasia":{"count":"\u2705 86  \u0639\u062f\u062f","amount":"8","operator":""},"amazon":{"count":"\u2705 2132  \u0639\u062f\u062f","amount":"3","operator":""},"aol":{"count":"\u2705 2311  \u0639\u062f\u062f","amount":"3","operator":""},"avito":{"count":"\u2705 231  \u0639\u062f\u062f","amount":"5","operator":"virtual4"},"azino":{"count":"\u274c","operator":"virtual4","amount":"\u2757\ufe0f"},"b4ucabs":{"count":"\u274c","operator":"virtual4","amount":"\u2757\ufe0f"},"bigcash":{"count":"\u274c","operator":"virtual18","amount":"\u2757\ufe0f"},"bigolive":{"count":"\u2705 231  \u0639\u062f\u062f","amount":"7","operator":""},"bitclout":{"count":"\u274c","operator":"","amount":"\u2757\ufe0f"},"bittube":{"count":"\u274c","operator":"","amount":"\u2757\ufe0f"},"blablacar":{"count":"\u2705 227  \u0639\u062f\u062f","amount":"7","operator":""},"blizzard":{"count":"\u2705 225  \u0639\u062f\u062f","amount":"10","operator":""},"blockchain":{"count":"\u274c","operator":"virtual23","amount":"\u2757\ufe0f"},"burgerking":{"count":"\u2705 231  \u0639\u062f\u062f","amount":"9","operator":""},"careem":{"count":"\u2705 231  \u0639\u062f\u062f","amount":"7","operator":""},"cdkeys":{"count":"\u2705 231  \u0639\u062f\u062f","amount":"7","operator":""},"cekkazan":{"count":"\u274c","operator":"","amount":"\u2757\ufe0f"},"citymobil":{"count":"\u2705 231  \u0639\u062f\u062f","amount":"5","operator":""},"clickentregas":{"count":"\u274c","operator":"","amount":"\u2757\ufe0f"},"coinbase":{"count":"\u2705 231  \u0639\u062f\u062f","amount":"6","operator":""},"craigslist":{"count":"\u2705 231  \u0639\u062f\u062f","amount":"18","operator":""},"deliveroo":{"count":"\u2705 231  \u0639\u062f\u062f","amount":"8","operator":"virtual4"},"delivery":{"count":"\u2705 231  \u0639\u062f\u062f","amount":"7","operator":""},"dent":{"count":"\u2705 2311  \u0639\u062f\u062f","amount":"5","operator":""},"didi":{"count":"\u2705 2311  \u0639\u062f\u062f","amount":"5","operator":""},"discord":{"count":"\u2705 2311  \u0639\u062f\u062f","amount":"5","operator":""},"dixy":{"count":"\u274c","operator":"virtual4","amount":"\u2757\ufe0f"},"dodopizza":{"count":"\u2705 231  \u0639\u062f\u062f","amount":"6","operator":""},"domdara":{"count":"\u274c","operator":"","amount":"\u2757\ufe0f"},"dostavista":{"count":"\u2705 231  \u0639\u062f\u062f","amount":"8","operator":""},"douyu":{"count":"\u2705 1000  \u0639\u062f\u062f","amount":"28.3","operator":""},"drom":{"count":"\u2705 231  \u0639\u062f\u062f","amount":"5","operator":""},"drugvokrug":{"count":"\u2705 231  \u0639\u062f\u062f","amount":"8","operator":""},"dukascopy":{"count":"\u274c","operator":"","amount":"\u2757\ufe0f"},"ebay":{"count":"\u2705 229  \u0639\u062f\u062f","amount":"8","operator":""},"edgeless":{"count":"\u274c","operator":"virtual23","amount":"\u2757\ufe0f"},"electroneum":{"count":"\u274c","operator":"virtual4","amount":"\u2757\ufe0f"},"ezway":{"count":"\u274c","operator":"","amount":"\u2757\ufe0f"},"facebook":{"count":"\u2705 1942  \u0639\u062f\u062f","amount":"5.5","operator":"virtual21"},"fiverr":{"count":"\u274c","operator":"virtual23","amount":"\u2757\ufe0f"},"flipkart":{"count":"\u274c","operator":"","amount":"\u2757\ufe0f"},"foodpanda":{"count":"\u2705 2238  \u0639\u062f\u062f","amount":"7","operator":""},"foody":{"count":"\u2705 231  \u0639\u062f\u062f","amount":"7","operator":""},"forwarding":{"count":"\u274c","operator":"virtual4","amount":"\u2757\ufe0f"},"galaxy":{"count":"\u274c","operator":"","amount":"\u2757\ufe0f"},"gameflip":{"count":"\u274c","operator":"","amount":"\u2757\ufe0f"},"gcash":{"count":"\u274c","operator":"","amount":"\u2757\ufe0f"},"get":{"count":"\u274c","operator":"","amount":"\u2757\ufe0f"},"getir":{"count":"\u2705 231  \u0639\u062f\u062f","amount":"5","operator":""},"gett":{"count":"\u2705 231  \u0639\u062f\u062f","amount":"5","operator":""},"globus":{"count":"\u2705 231  \u0639\u062f\u062f","amount":"8","operator":""},"glovo":{"count":"\u274c","operator":"","amount":"\u2757\ufe0f"},"google":{"count":"\u2705 22704  \u0639\u062f\u062f","amount":"13.13","operator":""},"grabtaxi":{"count":"\u2705 230  \u0639\u062f\u062f","amount":"7","operator":""},"green":{"count":"\u274c","operator":"virtual4","amount":"\u2757\ufe0f"},"grindr":{"count":"\u2705 214  \u0639\u062f\u062f","amount":"8","operator":""},"haraj":{"count":"\u2705 231  \u0639\u062f\u062f","amount":"33","operator":""},"hezzl":{"count":"\u2705 231  \u0639\u062f\u062f","amount":"6","operator":""},"hopi":{"count":"\u2705 231  \u0639\u062f\u062f","amount":"7","operator":""},"hqtrivia":{"count":"\u2705 2311  \u0639\u062f\u062f","amount":"1","operator":""},"icard":{"count":"\u274c","operator":"","amount":"\u2757\ufe0f"},"icq":{"count":"\u2705 228  \u0639\u062f\u062f","amount":"5","operator":""},"imo":{"count":"\u2705 2311  \u0639\u062f\u062f","amount":"3","operator":""},"ininal":{"count":"\u2705 231  \u0639\u062f\u062f","amount":"6","operator":""},"instagram":{"count":"\u2705 1000  \u0639\u062f\u062f","amount":"7","operator":""},"iost":{"count":"\u274c","operator":"virtual23","amount":"\u2757\ufe0f"},"jd":{"count":"\u2705 230  \u0639\u062f\u062f","amount":"7","operator":""},"justdating":{"count":"\u2705 231  \u0639\u062f\u062f","amount":"7","operator":"virtual4"},"kakaotalk":{"count":"\u2705 1000  \u0639\u062f\u062f","operator":"virtual21","amount":"21"},"keybase":{"count":"\u2705 231  \u0639\u062f\u062f","amount":"13","operator":""},"komandacard":{"count":"\u274c","operator":"virtual4","amount":"\u2757\ufe0f"},"kotak811":{"count":"\u2705 231  \u0639\u062f\u062f","amount":"5","operator":"virtual4"},"kufarby":{"count":"\u2705 231  \u0639\u062f\u062f","amount":"9","operator":""},"kwai":{"count":"\u274c","operator":"virtual21","amount":"\u2757\ufe0f"},"lazada":{"count":"\u274c","operator":"virtual21","amount":"\u2757\ufe0f"},"lbry":{"count":"\u274c","operator":"","amount":"\u2757\ufe0f"},"lenta":{"count":"\u2705 231  \u0639\u062f\u062f","amount":"6","operator":""},"lianxin":{"count":"\u274c","operator":"","amount":"\u2757\ufe0f"},"line":{"count":"\u2705 231  \u0639\u062f\u062f","amount":"7","operator":""},"linkedin":{"count":"\u2705 221  \u0639\u062f\u062f","amount":"16","operator":"virtual23"},"livescore":{"count":"\u2705 231  \u0639\u062f\u062f","amount":"6","operator":"virtual4"},"magnit":{"count":"\u2705 231  \u0639\u062f\u062f","amount":"5","operator":""},"magnolia":{"count":"\u2705 231  \u0639\u062f\u062f","amount":"5","operator":""},"mailru":{"count":"\u2705 2311  \u0639\u062f\u062f","amount":"3","operator":""},"mamba":{"count":"\u2705 231  \u0639\u062f\u062f","amount":"6","operator":""},"mcdonalds":{"count":"\u2705 231  \u0639\u062f\u062f","amount":"5","operator":""},"meetme":{"count":"\u274c","operator":"","amount":"\u2757\ufe0f"},"mega":{"count":"\u2705 231  \u0639\u062f\u062f","amount":"7","operator":""},"mercado":{"count":"\u2705 231  \u0639\u062f\u062f","amount":"6","operator":""},"michat":{"count":"\u2705 231  \u0639\u062f\u062f","amount":"15","operator":""},"microsoft":{"count":"\u2705 1732  \u0639\u062f\u062f","amount":"4","operator":""},"miratorg":{"count":"\u2705 231  \u0639\u062f\u062f","amount":"7","operator":"virtual23"},"mtscashback":{"count":"\u2705 231  \u0639\u062f\u062f","amount":"18","operator":""},"nana":{"count":"\u274c","operator":"virtual4","amount":"\u2757\ufe0f"},"naver":{"count":"\u2705 2311  \u0639\u062f\u062f","amount":"5","operator":""},"netflix":{"count":"\u2705 231  \u0639\u062f\u062f","amount":"10","operator":""},"nhseven":{"count":"\u2705 231  \u0639\u062f\u062f","amount":"5","operator":"virtual23"},"nifty":{"count":"\u274c","operator":"virtual23","amount":"\u2757\ufe0f"},"nike":{"count":"\u2705 47  \u0639\u062f\u062f","operator":"virtual21","amount":"8"},"nimses":{"count":"\u274c","operator":"virtual4","amount":"\u2757\ufe0f"},"nttgame":{"count":"\u2705 231  \u0639\u062f\u062f","amount":"9","operator":""},"odnoklassniki":{"count":"\u2705 224  \u0639\u062f\u062f","amount":"8","operator":""},"offerup":{"count":"\u2705 231  \u0639\u062f\u062f","amount":"16","operator":""},"okcupid":{"count":"\u274c","operator":"virtual4","amount":"\u2757\ufe0f"},"okey":{"count":"\u274c","operator":"virtual4","amount":"\u2757\ufe0f"},"olx":{"count":"\u2705 231  \u0639\u062f\u062f","amount":"10","operator":""},"openpoint":{"count":"\u274c","operator":"virtual4","amount":"\u2757\ufe0f"},"oraclecloud":{"count":"\u274c","operator":"virtual21","amount":"\u2757\ufe0f"},"other":{"count":"\u2705 231  \u0639\u062f\u062f","amount":"4","operator":"virtual21|virtual16|virtual17||"},"ozon":{"count":"\u2705 231  \u0639\u062f\u062f","amount":"6","operator":""},"pairs":{"count":"\u2705 231  \u0639\u062f\u062f","amount":"9","operator":""},"papara":{"count":"\u2705 231  \u0639\u062f\u062f","amount":"24","operator":""},"paycell":{"count":"\u2705 231  \u0639\u062f\u062f","amount":"16","operator":""},"paymaya":{"count":"\u274c","operator":"","amount":"\u2757\ufe0f"},"paypal":{"count":"\u2705 216  \u0639\u062f\u062f","amount":"8","operator":"virtual21|virtual16|virtual17|virtual19|virtual4"},"paysend":{"count":"\u2705 231  \u0639\u062f\u062f","amount":"6","operator":"virtual18"},"peoplecom":{"count":"\u274c","operator":"virtual18","amount":"\u2757\ufe0f"},"perekrestok":{"count":"\u2705 231  \u0639\u062f\u062f","amount":"6","operator":""},"pof":{"count":"\u2705 231  \u0639\u062f\u062f","amount":"5","operator":""},"pokec":{"count":"\u274c","operator":"virtual4","amount":"\u2757\ufe0f"},"pokermaster":{"count":"\u274c","operator":"","amount":"\u2757\ufe0f"},"potato":{"count":"\u2705 231  \u0639\u062f\u062f","amount":"5","operator":""},"proton":{"count":"\u274c","operator":"","amount":"\u2757\ufe0f"},"protp":{"count":"\u2705 231  \u0639\u062f\u062f","amount":"7","operator":"virtual23"},"pubg":{"count":"\u274c","operator":"","amount":"\u2757\ufe0f"},"pyaterochka":{"count":"\u2705 231  \u0639\u062f\u062f","amount":"7","operator":""},"qiwiwallet":{"count":"\u2705 219  \u0639\u062f\u062f","amount":"6","operator":""},"quioo":{"count":"\u274c","operator":"","amount":"\u2757\ufe0f"},"quipp":{"count":"\u2705 231  \u0639\u062f\u062f","amount":"9","operator":""},"reuse":{"count":"\u274c","operator":"","amount":"\u2757\ufe0f"},"ripkord":{"count":"\u274c","operator":"","amount":"\u2757\ufe0f"},"samokat":{"count":"\u2705 231  \u0639\u062f\u062f","amount":"6","operator":""},"seosprint":{"count":"\u2705 231  \u0639\u062f\u062f","amount":"7","operator":""},"sheerid":{"count":"\u2705 231  \u0639\u062f\u062f","amount":"8","operator":""},"shopee":{"count":"\u2705 215  \u0639\u062f\u062f","amount":"18","operator":""},"signal":{"count":"\u274c","operator":"virtual18","amount":"\u2757\ufe0f"},"sikayetvar":{"count":"\u2705 231  \u0639\u062f\u062f","amount":"6","operator":""},"skout":{"count":"\u2705 231  \u0639\u062f\u062f","amount":"7","operator":""},"snapchat":{"count":"\u2705 230  \u0639\u062f\u062f","amount":"17","operator":""},"steam":{"count":"\u2705 1000  \u0639\u062f\u062f","amount":"13.18","operator":""},"swvl":{"count":"\u2705 231  \u0639\u062f\u062f","amount":"7","operator":""},"taksheel":{"count":"\u274c","amount":"39.38","operator":"virtual4"},"tango":{"count":"\u2705 231  \u0639\u062f\u062f","amount":"8","operator":""},"tantan":{"count":"\u274c","operator":"virtual4","amount":"\u2757\ufe0f"},"taobao":{"count":"\u2705 1000  \u0639\u062f\u062f","amount":"13.75","operator":""},"telegram":{"count":"\u2705 1000  \u0639\u062f\u062f","amount":"5","operator":"||||"},"tencentqq":{"count":"\u2705 2311  \u0639\u062f\u062f","amount":"5","operator":""},"tiktok":{"count":"\u2705 2306  \u0639\u062f\u062f","amount":"5","operator":""},"tinder":{"count":"\u2705 185  \u0639\u062f\u062f","amount":"9","operator":""},"tosla":{"count":"\u2705 231  \u0639\u062f\u062f","amount":"9","operator":"virtual23"},"totalcoin":{"count":"\u274c","operator":"virtual4","amount":"\u2757\ufe0f"},"touchance":{"count":"\u2705 231  \u0639\u062f\u062f","amount":"5","operator":"lycamobile"},"trendyol":{"count":"\u2705 231  \u0639\u062f\u062f","amount":"9","operator":""},"truecaller":{"count":"\u2705 231  \u0639\u062f\u062f","amount":"15","operator":""},"twitter":{"count":"\u2705 2311  \u0639\u062f\u062f","amount":"4","operator":""},"uber":{"count":"\u2705 1000  \u0639\u062f\u062f","amount":"13","operator":""},"uploaded":{"count":"\u274c","operator":"virtual18","amount":"\u2757\ufe0f"},"vernyi":{"count":"\u274c","operator":"virtual23","amount":"\u2757\ufe0f"},"viber":{"count":"\u2705 2311  \u0639\u062f\u062f","amount":"5","operator":""},"vkontakte":{"count":"\u2705 224  \u0639\u062f\u062f","amount":"8","operator":""},"voopee":{"count":"\u274c","operator":"virtual23","amount":"\u2757\ufe0f"},"wechat":{"count":"\u2705 9269  \u0639\u062f\u062f","operator":"virtual23","amount":"65.63"},"weibo":{"count":"\u2705 231  \u0639\u062f\u062f","amount":"13","operator":""},"weku":{"count":"\u274c","operator":"virtual21","amount":"\u2757\ufe0f"},"whatsapp":{"count":"\u2705 1000  \u0639\u062f\u062f","amount":"8.75","operator":"virtual23|virtual4|virtual16|virtual17|virtual18"},"winston":{"count":"\u274c","operator":"virtual23","amount":"\u2757\ufe0f"},"wish":{"count":"\u2705 231  \u0639\u062f\u062f","amount":"8","operator":""},"yahoo":{"count":"\u2705 2189  \u0639\u062f\u062f","amount":"3","operator":""},"yalla":{"count":"\u2705 231  \u0639\u062f\u062f","amount":"5","operator":""},"yandex":{"count":"\u2705 2311  \u0639\u062f\u062f","amount":"3","operator":""},"yemeksepeti":{"count":"\u2705 231  \u0639\u062f\u062f","amount":"7","operator":"virtual4"},"youdo":{"count":"\u274c","operator":"virtual23","amount":"\u2757\ufe0f"},"youla":{"count":"\u2705 231  \u0639\u062f\u062f","amount":"5","operator":""},"zalo":{"count":"\u2705 206  \u0639\u062f\u062f","amount":"9","operator":""},"zoho":{"count":"\u2705 231  \u0639\u062f\u062f","amount":"13","operator":""},"digikala":{"count":"\u2705 231  \u0639\u062f\u062f","amount":"7","operator":""},"divar":{"count":"\u2705 231  \u0639\u062f\u062f","amount":"7","operator":""},"hamrahaval":{"count":"\u2705 231  \u0639\u062f\u062f","amount":"8","operator":""},"irancell":{"count":"\u2705 231  \u0639\u062f\u062f","amount":"9","operator":""},"zomato":{"count":"\u2705 1000  \u0639\u062f\u062f","amount":"12.5","operator":""},"":{"operator":"||||"},"tg":{"operator":"||||"}}