{"1688":{"count":"\u2705 1000  \u0639\u062f\u062f","amount":"14.05","operator":""},"1xbet":{"count":"\u2705 27  \u0639\u062f\u062f","amount":"9","operator":"virtual18"},"23red":{"count":"\u274c","operator":"virtual18","amount":"\u2757\ufe0f"},"ace2three":{"count":"\u274c","operator":"","amount":"\u2757\ufe0f"},"adidas":{"count":"\u2705 27  \u0639\u062f\u062f","amount":"9","operator":""},"airbnb":{"count":"\u2705 722  \u0639\u062f\u062f","amount":"23.63","operator":"virtual16"},"airtel":{"count":"\u2705 27  \u0639\u062f\u062f","amount":"8","operator":"virtual18"},"akelni":{"count":"\u274c","operator":"virtual18","amount":"\u2757\ufe0f"},"alibaba":{"count":"\u2705 1000  \u0639\u062f\u062f","operator":"virtual19","amount":"15.99"},"aliexpress":{"count":"\u2705 27  \u0639\u062f\u062f","operator":"","amount":"1.9"},"alipay":{"count":"\u2705 25  \u0639\u062f\u062f","amount":"7","operator":"virtual19"},"amasia":{"count":"\u2705 27  \u0639\u062f\u062f","amount":"9","operator":""},"amazon":{"count":"\u2705 27  \u0639\u062f\u062f","operator":"virtual19","amount":"19"},"aol":{"count":"\u2705 27  \u0639\u062f\u062f","operator":"virtual19","amount":"16"},"avito":{"count":"\u2705 27  \u0639\u062f\u062f","amount":"5","operator":"virtual4"},"azino":{"count":"\u274c","operator":"virtual4","amount":"\u2757\ufe0f"},"b4ucabs":{"count":"\u274c","operator":"virtual4","amount":"\u2757\ufe0f"},"bigcash":{"count":"\u274c","operator":"virtual18","amount":"\u2757\ufe0f"},"bigolive":{"count":"\u2705 27  \u0639\u062f\u062f","amount":"10","operator":""},"bitclout":{"count":"\u274c","operator":"","amount":"\u2757\ufe0f"},"bittube":{"count":"\u274c","operator":"","amount":"\u2757\ufe0f"},"blablacar":{"count":"\u2705 27  \u0639\u062f\u062f","amount":"14","operator":""},"blizzard":{"count":"\u2705 1000  \u0639\u062f\u062f","amount":"11.1","operator":""},"blockchain":{"count":"\u274c","operator":"virtual23","amount":"\u2757\ufe0f"},"burgerking":{"count":"\u2705 27  \u0639\u062f\u062f","amount":"7","operator":""},"careem":{"count":"\u2705 10968  \u0639\u062f\u062f","amount":"26.25","operator":""},"cdkeys":{"count":"\u2705 27  \u0639\u062f\u062f","amount":"9","operator":""},"cekkazan":{"count":"\u274c","operator":"","amount":"\u2757\ufe0f"},"citymobil":{"count":"\u2705 27  \u0639\u062f\u062f","amount":"5","operator":""},"clickentregas":{"count":"\u274c","operator":"","amount":"\u2757\ufe0f"},"coinbase":{"count":"\u2705 27  \u0639\u062f\u062f","amount":"24","operator":""},"craigslist":{"count":"\u2705 1000  \u0639\u062f\u062f","amount":"20.82","operator":""},"deliveroo":{"count":"\u2705 27  \u0639\u062f\u062f","amount":"9","operator":"virtual4"},"delivery":{"count":"\u2705 27  \u0639\u062f\u062f","amount":"8","operator":""},"dent":{"count":"\u2705 27  \u0639\u062f\u062f","amount":"2","operator":"virtual19"},"didi":{"count":"\u2705 27  \u0639\u062f\u062f","operator":"virtual19","amount":"8"},"discord":{"count":"\u2705 27  \u0639\u062f\u062f","operator":"virtual19","amount":"12"},"dixy":{"count":"\u274c","operator":"virtual4","amount":"\u2757\ufe0f"},"dodopizza":{"count":"\u2705 27  \u0639\u062f\u062f","amount":"8","operator":""},"domdara":{"count":"\u274c","operator":"","amount":"\u2757\ufe0f"},"dostavista":{"count":"\u2705 27  \u0639\u062f\u062f","amount":"8","operator":""},"douyu":{"count":"\u2705 1000  \u0639\u062f\u062f","amount":"28.3","operator":""},"drom":{"count":"\u2705 27  \u0639\u062f\u062f","amount":"6","operator":""},"drugvokrug":{"count":"\u2705 27  \u0639\u062f\u062f","amount":"14","operator":""},"dukascopy":{"count":"\u274c","operator":"","amount":"\u2757\ufe0f"},"ebay":{"count":"\u274c","operator":"virtual16","amount":"\u2757\ufe0f"},"edgeless":{"count":"\u274c","operator":"virtual23","amount":"\u2757\ufe0f"},"electroneum":{"count":"\u274c","amount":"\u2757\ufe0f","operator":"virtual4"},"ezway":{"count":"\u274c","operator":"","amount":"\u2757\ufe0f"},"facebook":{"count":"\u2705 1000  \u0639\u062f\u062f","operator":"virtual19","amount":"11.36"},"fiverr":{"count":"\u274c","operator":"virtual23","amount":"\u2757\ufe0f"},"flipkart":{"count":"\u274c","operator":"","amount":"\u2757\ufe0f"},"foodpanda":{"count":"\u274c","operator":"virtual18","amount":"\u2757\ufe0f"},"foody":{"count":"\u2705 27  \u0639\u062f\u062f","amount":"7","operator":"virtual19"},"forwarding":{"count":"\u274c","operator":"virtual4","amount":"\u2757\ufe0f"},"galaxy":{"count":"\u274c","operator":"","amount":"\u2757\ufe0f"},"gameflip":{"count":"\u274c","operator":"","amount":"\u2757\ufe0f"},"gcash":{"count":"\u274c","operator":"","amount":"\u2757\ufe0f"},"get":{"count":"\u274c","operator":"","amount":"\u2757\ufe0f"},"getir":{"count":"\u2705 27  \u0639\u062f\u062f","amount":"9","operator":""},"gett":{"count":"\u2705 27  \u0639\u062f\u062f","amount":"11","operator":""},"globus":{"count":"\u2705 27  \u0639\u062f\u062f","amount":"9","operator":""},"glovo":{"count":"\u274c","operator":"","amount":"\u2757\ufe0f"},"google":{"count":"\u2705 1000  \u0639\u062f\u062f","amount":"13.5","operator":""},"grabtaxi":{"count":"\u2705 27  \u0639\u062f\u062f","amount":"9","operator":"virtual19"},"green":{"count":"\u274c","operator":"virtual4","amount":"\u2757\ufe0f"},"grindr":{"count":"\u2705 23  \u0639\u062f\u062f","amount":"8","operator":""},"haraj":{"count":"\u2705 27  \u0639\u062f\u062f","amount":"36","operator":""},"hezzl":{"count":"\u2705 27  \u0639\u062f\u062f","amount":"9","operator":""},"hopi":{"count":"\u2705 27  \u0639\u062f\u062f","amount":"9","operator":""},"hqtrivia":{"count":"\u2705 26  \u0639\u062f\u062f","operator":"virtual19","amount":"1"},"icard":{"count":"\u274c","operator":"","amount":"\u2757\ufe0f"},"icq":{"count":"\u2705 27  \u0639\u062f\u062f","amount":"9","operator":""},"imo":{"count":"\u2705 27  \u0639\u062f\u062f","operator":"virtual19","amount":"16"},"ininal":{"count":"\u2705 27  \u0639\u062f\u062f","amount":"8","operator":""},"instagram":{"count":"\u274c","operator":"virtual16","amount":"\u2757\ufe0f"},"iost":{"count":"\u274c","amount":"\u2757\ufe0f","operator":"virtual23"},"jd":{"count":"\u2705 10  \u0639\u062f\u062f","amount":"8","operator":"virtual19"},"justdating":{"count":"\u2705 27  \u0639\u062f\u062f","amount":"8","operator":"virtual4"},"kakaotalk":{"count":"\u2705 1000  \u0639\u062f\u062f","amount":"43.75","operator":"virtual7"},"keybase":{"count":"\u2705 14215  \u0639\u062f\u062f","amount":"26.25","operator":"virtual17"},"komandacard":{"count":"\u274c","operator":"virtual4","amount":"\u2757\ufe0f"},"kotak811":{"count":"\u2705 27  \u0639\u062f\u062f","amount":"10","operator":"virtual4"},"kufarby":{"count":"\u2705 27  \u0639\u062f\u062f","amount":"8","operator":""},"kwai":{"count":"\u274c","operator":"virtual21","amount":"\u2757\ufe0f"},"lazada":{"count":"\u274c","operator":"virtual4","amount":"\u2757\ufe0f"},"lbry":{"count":"\u274c","operator":"","amount":"\u2757\ufe0f"},"lenta":{"count":"\u2705 27  \u0639\u062f\u062f","amount":"6","operator":""},"lianxin":{"count":"\u274c","operator":"","amount":"\u2757\ufe0f"},"line":{"count":"\u274c","operator":"virtual17","amount":"\u2757\ufe0f"},"linkedin":{"count":"\u274c","amount":"\u2757\ufe0f","operator":"virtual23"},"livescore":{"count":"\u2705 27  \u0639\u062f\u062f","amount":"14","operator":""},"magnit":{"count":"\u2705 27  \u0639\u062f\u062f","amount":"10","operator":""},"magnolia":{"count":"\u2705 27  \u0639\u062f\u062f","amount":"5","operator":""},"mailru":{"count":"\u2705 27  \u0639\u062f\u062f","operator":"virtual19","amount":"16"},"mamba":{"count":"\u2705 27  \u0639\u062f\u062f","amount":"7","operator":""},"mcdonalds":{"count":"\u2705 27  \u0639\u062f\u062f","amount":"7","operator":""},"meetme":{"count":"\u274c","operator":"","amount":"\u2757\ufe0f"},"mega":{"count":"\u2705 27  \u0639\u062f\u062f","amount":"8","operator":""},"mercado":{"count":"\u2705 27  \u0639\u062f\u062f","amount":"7","operator":""},"michat":{"count":"\u2705 27  \u0639\u062f\u062f","amount":"17","operator":""},"microsoft":{"count":"\u2705 1  \u0639\u062f\u062f","amount":"2","operator":"virtual21"},"miratorg":{"count":"\u2705 27  \u0639\u062f\u062f","amount":"9","operator":"virtual23"},"mtscashback":{"count":"\u2705 27  \u0639\u062f\u062f","amount":"18","operator":""},"nana":{"count":"\u274c","operator":"virtual4","amount":"\u2757\ufe0f"},"naver":{"count":"\u2705 25  \u0639\u062f\u062f","operator":"virtual19","amount":"16"},"netflix":{"count":"\u2705 27  \u0639\u062f\u062f","amount":"24","operator":"virtual23"},"nhseven":{"count":"\u2705 27  \u0639\u062f\u062f","amount":"8","operator":"virtual23"},"nifty":{"count":"\u274c","operator":"virtual4","amount":"\u2757\ufe0f"},"nike":{"count":"\u2705 1000  \u0639\u062f\u062f","amount":"11.67","operator":"virtual20"},"nimses":{"count":"\u274c","operator":"virtual4","amount":"\u2757\ufe0f"},"nttgame":{"count":"\u274c","operator":"virtual18","amount":"\u2757\ufe0f"},"odnoklassniki":{"count":"\u2705 26  \u0639\u062f\u062f","amount":"3","operator":"virtual19"},"offerup":{"count":"\u2705 27  \u0639\u062f\u062f","amount":"18","operator":""},"okcupid":{"count":"\u274c","operator":"virtual4","amount":"\u2757\ufe0f"},"okey":{"count":"\u274c","operator":"virtual4","amount":"\u2757\ufe0f"},"olx":{"count":"\u2705 435  \u0639\u062f\u062f","amount":"15.75","operator":""},"openpoint":{"count":"\u274c","operator":"virtual4","amount":"\u2757\ufe0f"},"oraclecloud":{"count":"\u274c","operator":"virtual4","amount":"\u2757\ufe0f"},"other":{"count":"\u274c","operator":"virtual17","amount":"\u2757\ufe0f"},"ozon":{"count":"\u2705 27  \u0639\u062f\u062f","amount":"11","operator":""},"pairs":{"count":"\u2705 27  \u0639\u062f\u062f","amount":"10","operator":""},"papara":{"count":"\u2705 27  \u0639\u062f\u062f","amount":"24","operator":""},"paycell":{"count":"\u2705 27  \u0639\u062f\u062f","amount":"18","operator":""},"paymaya":{"count":"\u274c","operator":"","amount":"\u2757\ufe0f"},"paypal":{"count":"\u274c","operator":"virtual17","amount":"\u2757\ufe0f"},"paysend":{"count":"\u2705 27  \u0639\u062f\u062f","amount":"6","operator":"virtual18"},"peoplecom":{"count":"\u274c","operator":"virtual18","amount":"\u2757\ufe0f"},"perekrestok":{"count":"\u2705 27  \u0639\u062f\u062f","amount":"7","operator":""},"pof":{"count":"\u274c","operator":"virtual17","amount":"\u2757\ufe0f"},"pokec":{"count":"\u274c","operator":"virtual4","amount":"\u2757\ufe0f"},"pokermaster":{"count":"\u274c","operator":"","amount":"\u2757\ufe0f"},"potato":{"count":"\u274c","operator":"virtual17","amount":"\u2757\ufe0f"},"proton":{"count":"\u274c","operator":"","amount":"\u2757\ufe0f"},"protp":{"count":"\u2705 27  \u0639\u062f\u062f","amount":"9","operator":""},"pubg":{"count":"\u274c","operator":"","amount":"\u2757\ufe0f"},"pyaterochka":{"count":"\u2705 27  \u0639\u062f\u062f","amount":"9","operator":""},"qiwiwallet":{"count":"\u2705 27  \u0639\u062f\u062f","amount":"7","operator":""},"quioo":{"count":"\u274c","operator":"","amount":"\u2757\ufe0f"},"quipp":{"count":"\u2705 27  \u0639\u062f\u062f","amount":"6","operator":""},"reuse":{"count":"\u274c","operator":"","amount":"\u2757\ufe0f"},"ripkord":{"count":"\u274c","operator":"","amount":"\u2757\ufe0f"},"samokat":{"count":"\u2705 27  \u0639\u062f\u062f","amount":"6","operator":""},"seosprint":{"count":"\u2705 27  \u0639\u062f\u062f","amount":"11","operator":""},"sheerid":{"count":"\u2705 27  \u0639\u062f\u062f","amount":"7","operator":""},"shopee":{"count":"\u2705 27  \u0639\u062f\u062f","amount":"18","operator":""},"signal":{"count":"\u274c","operator":"virtual21","amount":"\u2757\ufe0f"},"sikayetvar":{"count":"\u2705 27  \u0639\u062f\u062f","amount":"6","operator":""},"skout":{"count":"\u2705 14871  \u0639\u062f\u062f","amount":"13.13","operator":""},"snapchat":{"count":"\u2705 27  \u0639\u062f\u062f","amount":"19","operator":""},"steam":{"count":"\u2705 27  \u0639\u062f\u062f","amount":"12","operator":""},"swvl":{"count":"\u2705 27  \u0639\u062f\u062f","amount":"5","operator":""},"taksheel":{"count":"\u2705 154  \u0639\u062f\u062f","operator":"virtual4","amount":"39.38"},"tango":{"count":"\u2705 27  \u0639\u062f\u062f","amount":"8","operator":""},"tantan":{"count":"\u274c","operator":"virtual4","amount":"\u2757\ufe0f"},"taobao":{"count":"\u2705 1000  \u0639\u062f\u062f","amount":"17","operator":""},"telegram":{"count":"\u274c","amount":"\u2757\ufe0f","operator":"virtual17"},"tencentqq":{"count":"\u2705 3  \u0639\u062f\u062f","operator":"virtual21","amount":"7"},"tiktok":{"count":"\u2705 24  \u0639\u062f\u062f","amount":"1","operator":"virtual19"},"tinder":{"count":"\u2705 1000  \u0639\u062f\u062f","amount":"11.76","operator":""},"tosla":{"count":"\u2705 27  \u0639\u062f\u062f","amount":"6","operator":"virtual23"},"totalcoin":{"count":"\u274c","operator":"virtual4","amount":"\u2757\ufe0f"},"touchance":{"count":"\u2705 27  \u0639\u062f\u062f","amount":"10","operator":"virtual23"},"trendyol":{"count":"\u2705 27  \u0639\u062f\u062f","amount":"10","operator":""},"truecaller":{"count":"\u2705 27  \u0639\u062f\u062f","amount":"16","operator":""},"twitter":{"count":"\u2705 24  \u0639\u062f\u062f","amount":"16","operator":"virtual19"},"uber":{"count":"\u2705 1000  \u0639\u062f\u062f","amount":"12.87","operator":""},"uploaded":{"count":"\u274c","operator":"virtual23","amount":"\u2757\ufe0f"},"vernyi":{"count":"\u274c","operator":"virtual23","amount":"\u2757\ufe0f"},"viber":{"count":"\u2705 4  \u0639\u062f\u062f","operator":"virtual19","amount":"20"},"vkontakte":{"count":"\u2705 1000  \u0639\u062f\u062f","amount":"10.54","operator":""},"voopee":{"count":"\u274c","operator":"virtual23","amount":"\u2757\ufe0f"},"wechat":{"count":"\u2705 451  \u0639\u062f\u062f","operator":"virtual23","amount":"52.5"},"weibo":{"count":"\u2705 27  \u0639\u062f\u062f","amount":"14","operator":""},"weku":{"count":"\u274c","operator":"virtual21","amount":"\u2757\ufe0f"},"whatsapp":{"count":"\u2705 1000  \u0639\u062f\u062f","amount":"11.87","operator":"virtual18|virtual21|virtual23||"},"winston":{"count":"\u274c","operator":"virtual23","amount":"\u2757\ufe0f"},"wish":{"count":"\u2705 27  \u0639\u062f\u062f","amount":"6","operator":""},"yahoo":{"count":"\u2705 18  \u0639\u062f\u062f","operator":"virtual19","amount":"6"},"yalla":{"count":"\u274c","operator":"virtual17","amount":"\u2757\ufe0f"},"yandex":{"count":"\u2705 27  \u0639\u062f\u062f","operator":"virtual19","amount":"12"},"yemeksepeti":{"count":"\u2705 27  \u0639\u062f\u062f","amount":"5","operator":"virtual4"},"youdo":{"count":"\u274c","operator":"virtual23","amount":"\u2757\ufe0f"},"youla":{"count":"\u2705 27  \u0639\u062f\u062f","amount":"9","operator":""},"zalo":{"count":"\u2705 27  \u0639\u062f\u062f","amount":"3","operator":"virtual19"},"zoho":{"count":"\u2705 27  \u0639\u062f\u062f","amount":"14","operator":""},"digikala":{"count":"\u2705 27  \u0639\u062f\u062f","amount":"9","operator":""},"divar":{"count":"\u2705 27  \u0639\u062f\u062f","amount":"5","operator":""},"hamrahaval":{"count":"\u2705 27  \u0639\u062f\u062f","amount":"8","operator":""},"irancell":{"count":"\u2705 27  \u0639\u062f\u062f","amount":"6","operator":""},"zomato":{"count":"\u2705 1000  \u0639\u062f\u062f","amount":"12.5","operator":""}}