{"1688":{"count":"\u2705 1000  \u0639\u062f\u062f","amount":"13.64","operator":""},"1xbet":{"count":"\u274c","operator":"virtual4","amount":"\u2757\ufe0f"},"23red":{"count":"\u274c","operator":"virtual18","amount":"\u2757\ufe0f"},"ace2three":{"count":"\u274c","operator":"","amount":"\u2757\ufe0f"},"adidas":{"count":"\u2705 3  \u0639\u062f\u062f","amount":"5","operator":""},"airbnb":{"count":"\u2705 1533  \u0639\u062f\u062f","amount":"23.63","operator":"virtual17"},"airtel":{"count":"\u2705 3  \u0639\u062f\u062f","amount":"9","operator":"virtual4"},"akelni":{"count":"\u274c","operator":"virtual18","amount":"\u2757\ufe0f"},"alibaba":{"count":"\u2705 3  \u0639\u062f\u062f","amount":"13","operator":"virtual21"},"aliexpress":{"count":"\u2705 1000  \u0639\u062f\u062f","operator":"virtual4","amount":"25"},"alipay":{"count":"\u2705 3  \u0639\u062f\u062f","amount":"5","operator":"virtual17"},"amasia":{"count":"\u2705 3  \u0639\u062f\u062f","amount":"6","operator":"virtual23"},"amazon":{"count":"\u2705 2  \u0639\u062f\u062f","amount":"12","operator":"virtual21"},"aol":{"count":"\u2705 3  \u0639\u062f\u062f","amount":"13","operator":"virtual21"},"avito":{"count":"\u2705 3  \u0639\u062f\u062f","amount":"8","operator":"virtual18"},"azino":{"count":"\u274c","operator":"virtual4","amount":"\u2757\ufe0f"},"b4ucabs":{"count":"\u274c","operator":"virtual4","amount":"\u2757\ufe0f"},"bigcash":{"count":"\u274c","operator":"virtual18","amount":"\u2757\ufe0f"},"bigolive":{"count":"\u2705 3  \u0639\u062f\u062f","amount":"9","operator":""},"bitclout":{"count":"\u274c","operator":"","amount":"\u2757\ufe0f"},"bittube":{"count":"\u274c","operator":"","amount":"\u2757\ufe0f"},"blablacar":{"count":"\u2705 3  \u0639\u062f\u062f","amount":"6","operator":""},"blizzard":{"count":"\u2705 3  \u0639\u062f\u062f","amount":"10","operator":""},"blockchain":{"count":"\u274c","operator":"virtual23","amount":"\u2757\ufe0f"},"burgerking":{"count":"\u2705 3  \u0639\u062f\u062f","amount":"6","operator":"virtual4"},"careem":{"count":"\u2705 3  \u0639\u062f\u062f","amount":"14","operator":""},"cdkeys":{"count":"\u2705 3  \u0639\u062f\u062f","amount":"10","operator":"virtual4"},"cekkazan":{"count":"\u274c","operator":"","amount":"\u2757\ufe0f"},"citymobil":{"count":"\u2705 3  \u0639\u062f\u062f","amount":"9","operator":""},"clickentregas":{"count":"\u274c","operator":"","amount":"\u2757\ufe0f"},"coinbase":{"count":"\u2705 3  \u0639\u062f\u062f","amount":"24","operator":""},"craigslist":{"count":"\u2705 3  \u0639\u062f\u062f","amount":"19","operator":""},"deliveroo":{"count":"\u2705 3  \u0639\u062f\u062f","amount":"7","operator":"virtual21"},"delivery":{"count":"\u2705 3  \u0639\u062f\u062f","amount":"7","operator":"virtual23"},"dent":{"count":"\u2705 3  \u0639\u062f\u062f","operator":"virtual21","amount":"7"},"didi":{"count":"\u2705 3  \u0639\u062f\u062f","amount":"8","operator":"virtual21"},"discord":{"count":"\u2705 3  \u0639\u062f\u062f","amount":"7","operator":"virtual21"},"dixy":{"count":"\u274c","operator":"virtual4","amount":"\u2757\ufe0f"},"dodopizza":{"count":"\u2705 3  \u0639\u062f\u062f","amount":"9","operator":"virtual4"},"domdara":{"count":"\u274c","operator":"","amount":"\u2757\ufe0f"},"dostavista":{"count":"\u2705 3  \u0639\u062f\u062f","amount":"6","operator":""},"douyu":{"count":"\u2705 1000  \u0639\u062f\u062f","amount":"28.3","operator":""},"drom":{"count":"\u2705 3  \u0639\u062f\u062f","amount":"7","operator":"virtual23"},"drugvokrug":{"count":"\u2705 3  \u0639\u062f\u062f","amount":"7","operator":""},"dukascopy":{"count":"\u274c","operator":"","amount":"\u2757\ufe0f"},"ebay":{"count":"\u274c","operator":"virtual17","amount":"\u2757\ufe0f"},"edgeless":{"count":"\u274c","operator":"virtual23","amount":"\u2757\ufe0f"},"electroneum":{"count":"\u274c","operator":"virtual4","amount":"\u2757\ufe0f"},"ezway":{"count":"\u274c","operator":"","amount":"\u2757\ufe0f"},"facebook":{"count":"\u274c","amount":"10.27","operator":"virtual21"},"fiverr":{"count":"\u274c","operator":"virtual23","amount":"\u2757\ufe0f"},"flipkart":{"count":"\u274c","operator":"","amount":"\u2757\ufe0f"},"foodpanda":{"count":"\u2705 3  \u0639\u062f\u062f","amount":"12","operator":"virtual21"},"foody":{"count":"\u2705 3  \u0639\u062f\u062f","amount":"9","operator":"virtual17"},"forwarding":{"count":"\u274c","operator":"virtual4","amount":"\u2757\ufe0f"},"galaxy":{"count":"\u274c","operator":"","amount":"\u2757\ufe0f"},"gameflip":{"count":"\u274c","operator":"","amount":"\u2757\ufe0f"},"gcash":{"count":"\u274c","operator":"","amount":"\u2757\ufe0f"},"get":{"count":"\u274c","operator":"","amount":"\u2757\ufe0f"},"getir":{"count":"\u2705 2  \u0639\u062f\u062f","amount":"8","operator":""},"gett":{"count":"\u2705 3  \u0639\u062f\u062f","amount":"8","operator":""},"globus":{"count":"\u2705 3  \u0639\u062f\u062f","amount":"8","operator":""},"glovo":{"count":"\u274c","operator":"","amount":"\u2757\ufe0f"},"google":{"count":"\u2705 1000  \u0639\u062f\u062f","amount":"13.5","operator":""},"grabtaxi":{"count":"\u2705 3  \u0639\u062f\u062f","amount":"9","operator":"virtual17"},"green":{"count":"\u274c","operator":"virtual4","amount":"\u2757\ufe0f"},"grindr":{"count":"\u2705 3  \u0639\u062f\u062f","amount":"6","operator":""},"haraj":{"count":"\u2705 3  \u0639\u062f\u062f","amount":"36","operator":""},"hezzl":{"count":"\u2705 3  \u0639\u062f\u062f","amount":"8","operator":""},"hopi":{"count":"\u2705 3  \u0639\u062f\u062f","amount":"7","operator":""},"hqtrivia":{"count":"\u2705 3  \u0639\u062f\u062f","amount":"12","operator":"virtual21"},"icard":{"count":"\u274c","operator":"","amount":"\u2757\ufe0f"},"icq":{"count":"\u2705 3  \u0639\u062f\u062f","amount":"7","operator":""},"imo":{"count":"\u2705 3  \u0639\u062f\u062f","amount":"16","operator":"virtual21"},"ininal":{"count":"\u2705 3  \u0639\u062f\u062f","amount":"8","operator":""},"instagram":{"count":"\u274c","operator":"virtual17","amount":"\u2757\ufe0f"},"iost":{"count":"\u274c","operator":"virtual23","amount":"\u2757\ufe0f"},"jd":{"count":"\u274c","operator":"virtual17","amount":"\u2757\ufe0f"},"justdating":{"count":"\u2705 3  \u0639\u062f\u062f","amount":"9","operator":"virtual23"},"kakaotalk":{"count":"\u2705 1000  \u0639\u062f\u062f","amount":"23","operator":"virtual21"},"keybase":{"count":"\u2705 3  \u0639\u062f\u062f","amount":"14","operator":"virtual19"},"komandacard":{"count":"\u274c","operator":"virtual4","amount":"\u2757\ufe0f"},"kotak811":{"count":"\u2705 3  \u0639\u062f\u062f","amount":"9","operator":"virtual4"},"kufarby":{"count":"\u2705 3  \u0639\u062f\u062f","amount":"10","operator":"virtual23"},"kwai":{"count":"\u274c","operator":"virtual21","amount":"\u2757\ufe0f"},"lazada":{"count":"\u274c","operator":"virtual4","amount":"\u2757\ufe0f"},"lbry":{"count":"\u274c","operator":"","amount":"\u2757\ufe0f"},"lenta":{"count":"\u2705 3  \u0639\u062f\u062f","amount":"6","operator":""},"lianxin":{"count":"\u274c","operator":"","amount":"\u2757\ufe0f"},"line":{"count":"\u2705 3  \u0639\u062f\u062f","operator":"virtual21","amount":"12"},"linkedin":{"count":"\u274c","amount":"\u2757\ufe0f","operator":"virtual23"},"livescore":{"count":"\u2705 3  \u0639\u062f\u062f","amount":"8","operator":"virtual23"},"magnit":{"count":"\u2705 3  \u0639\u062f\u062f","amount":"9","operator":"virtual4"},"magnolia":{"count":"\u2705 3  \u0639\u062f\u062f","amount":"7","operator":"virtual4"},"mailru":{"count":"\u2705 3  \u0639\u062f\u062f","amount":"8","operator":"virtual21"},"mamba":{"count":"\u2705 3  \u0639\u062f\u062f","amount":"8","operator":""},"mcdonalds":{"count":"\u2705 3  \u0639\u062f\u062f","amount":"9","operator":""},"meetme":{"count":"\u274c","operator":"","amount":"\u2757\ufe0f"},"mega":{"count":"\u2705 3  \u0639\u062f\u062f","amount":"9","operator":""},"mercado":{"count":"\u2705 3  \u0639\u062f\u062f","amount":"8","operator":""},"michat":{"count":"\u2705 3  \u0639\u062f\u062f","amount":"17","operator":""},"microsoft":{"count":"\u2705 1000  \u0639\u062f\u062f","operator":"virtual19","amount":"15"},"miratorg":{"count":"\u2705 3  \u0639\u062f\u062f","amount":"5","operator":"virtual23"},"mtscashback":{"count":"\u2705 3  \u0639\u062f\u062f","amount":"18","operator":"virtual21"},"nana":{"count":"\u274c","operator":"virtual4","amount":"\u2757\ufe0f"},"naver":{"count":"\u2705 1000  \u0639\u062f\u062f","operator":"virtual21","amount":"11.66"},"netflix":{"count":"\u274c","operator":"virtual8","amount":"\u2757\ufe0f"},"nhseven":{"count":"\u2705 3  \u0639\u062f\u062f","amount":"6","operator":"virtual4"},"nifty":{"count":"\u274c","operator":"virtual4","amount":"\u2757\ufe0f"},"nike":{"count":"\u2705 3  \u0639\u062f\u062f","amount":"11","operator":"virtual21"},"nimses":{"count":"\u274c","operator":"virtual4","amount":"\u2757\ufe0f"},"nttgame":{"count":"\u2705 1000  \u0639\u062f\u062f","amount":"12.97","operator":""},"odnoklassniki":{"count":"\u2705 3  \u0639\u062f\u062f","amount":"6","operator":"virtual17"},"offerup":{"count":"\u2705 3  \u0639\u062f\u062f","amount":"18","operator":"virtual21"},"okcupid":{"count":"\u274c","operator":"virtual4","amount":"\u2757\ufe0f"},"okey":{"count":"\u274c","operator":"virtual4","amount":"\u2757\ufe0f"},"olx":{"count":"\u2705 3  \u0639\u062f\u062f","amount":"11","operator":""},"openpoint":{"count":"\u274c","operator":"virtual4","amount":"\u2757\ufe0f"},"oraclecloud":{"count":"\u274c","operator":"virtual4","amount":"\u2757\ufe0f"},"other":{"count":"\u2705 2  \u0639\u062f\u062f","amount":"5","operator":"virtual21"},"ozon":{"count":"\u2705 3  \u0639\u062f\u062f","amount":"9","operator":"virtual4"},"pairs":{"count":"\u2705 3  \u0639\u062f\u062f","amount":"8","operator":""},"papara":{"count":"\u2705 3  \u0639\u062f\u062f","amount":"26","operator":""},"paycell":{"count":"\u2705 3  \u0639\u062f\u062f","amount":"18","operator":""},"paymaya":{"count":"\u274c","operator":"","amount":"\u2757\ufe0f"},"paypal":{"count":"\u2705 3  \u0639\u062f\u062f","operator":"virtual21","amount":"28"},"paysend":{"count":"\u2705 3  \u0639\u062f\u062f","amount":"5","operator":"virtual4"},"peoplecom":{"count":"\u274c","operator":"virtual18","amount":"\u2757\ufe0f"},"perekrestok":{"count":"\u2705 3  \u0639\u062f\u062f","amount":"10","operator":""},"pof":{"count":"\u274c","operator":"virtual23","amount":"\u2757\ufe0f"},"pokec":{"count":"\u274c","operator":"virtual4","amount":"\u2757\ufe0f"},"pokermaster":{"count":"\u274c","operator":"","amount":"\u2757\ufe0f"},"potato":{"count":"\u2705 3  \u0639\u062f\u062f","amount":"6","operator":"virtual21"},"proton":{"count":"\u274c","operator":"","amount":"\u2757\ufe0f"},"protp":{"count":"\u2705 3  \u0639\u062f\u062f","amount":"5","operator":""},"pubg":{"count":"\u274c","operator":"","amount":"\u2757\ufe0f"},"pyaterochka":{"count":"\u2705 3  \u0639\u062f\u062f","amount":"5","operator":""},"qiwiwallet":{"count":"\u2705 3  \u0639\u062f\u062f","amount":"6","operator":""},"quioo":{"count":"\u274c","operator":"","amount":"\u2757\ufe0f"},"quipp":{"count":"\u2705 3  \u0639\u062f\u062f","amount":"10","operator":""},"reuse":{"count":"\u274c","operator":"","amount":"\u2757\ufe0f"},"ripkord":{"count":"\u274c","operator":"","amount":"\u2757\ufe0f"},"samokat":{"count":"\u2705 3  \u0639\u062f\u062f","amount":"10","operator":""},"seosprint":{"count":"\u2705 3  \u0639\u062f\u062f","amount":"7","operator":""},"sheerid":{"count":"\u2705 3  \u0639\u062f\u062f","amount":"7","operator":""},"shopee":{"count":"\u2705 1000  \u0639\u062f\u062f","amount":"25","operator":""},"signal":{"count":"\u274c","operator":"virtual18","amount":"\u2757\ufe0f"},"sikayetvar":{"count":"\u2705 3  \u0639\u062f\u062f","amount":"6","operator":"virtual18"},"skout":{"count":"\u2705 3  \u0639\u062f\u062f","amount":"10","operator":""},"snapchat":{"count":"\u2705 3  \u0639\u062f\u062f","amount":"19","operator":""},"steam":{"count":"\u2705 3  \u0639\u062f\u062f","amount":"10","operator":""},"swvl":{"count":"\u2705 3  \u0639\u062f\u062f","amount":"6","operator":"virtual23"},"taksheel":{"count":"\u2705 1100  \u0639\u062f\u062f","operator":"virtual4","amount":"39.38"},"tango":{"count":"\u2705 3  \u0639\u062f\u062f","amount":"10","operator":"virtual4"},"tantan":{"count":"\u274c","operator":"virtual4","amount":"\u2757\ufe0f"},"taobao":{"count":"\u2705 1000  \u0639\u062f\u062f","amount":"15.88","operator":""},"telegram":{"count":"\u2705 1000  \u0639\u062f\u062f","amount":"12.91","operator":"virtual19"},"tencentqq":{"count":"\u2705 1  \u0639\u062f\u062f","amount":"9","operator":"virtual21"},"tiktok":{"count":"\u2705 1000  \u0639\u062f\u062f","operator":"virtual21","amount":"13"},"tinder":{"count":"\u2705 1  \u0639\u062f\u062f","amount":"11","operator":""},"tosla":{"count":"\u2705 3  \u0639\u062f\u062f","amount":"9","operator":"virtual4"},"totalcoin":{"count":"\u274c","operator":"virtual4","amount":"\u2757\ufe0f"},"touchance":{"count":"\u2705 3  \u0639\u062f\u062f","amount":"9","operator":"virtual23"},"trendyol":{"count":"\u2705 3  \u0639\u062f\u062f","amount":"6","operator":"virtual23"},"truecaller":{"count":"\u2705 3  \u0639\u062f\u062f","amount":"16","operator":""},"twitter":{"count":"\u2705 3  \u0639\u062f\u062f","amount":"12","operator":"virtual21"},"uber":{"count":"\u2705 3  \u0639\u062f\u062f","amount":"12","operator":""},"uploaded":{"count":"\u274c","operator":"virtual23","amount":"\u2757\ufe0f"},"vernyi":{"count":"\u274c","operator":"virtual23","amount":"\u2757\ufe0f"},"viber":{"count":"\u2705 1000  \u0639\u062f\u062f","amount":"11.25","operator":"virtual21"},"vkontakte":{"count":"\u2705 3  \u0639\u062f\u062f","amount":"9","operator":""},"voopee":{"count":"\u274c","operator":"virtual23","amount":"\u2757\ufe0f"},"wechat":{"count":"\u2705 2046  \u0639\u062f\u062f","operator":"virtual23","amount":"91.88"},"weibo":{"count":"\u2705 3  \u0639\u062f\u062f","amount":"14","operator":"virtual23"},"weku":{"count":"\u274c","operator":"virtual21","amount":"\u2757\ufe0f"},"whatsapp":{"count":"\u274c","operator":"virtual21","amount":"\u2757\ufe0f"},"winston":{"count":"\u274c","operator":"virtual23","amount":"\u2757\ufe0f"},"wish":{"count":"\u2705 3  \u0639\u062f\u062f","amount":"10","operator":"virtual4"},"yahoo":{"count":"\u2705 3  \u0639\u062f\u062f","amount":"18","operator":"virtual21"},"yalla":{"count":"\u2705 3  \u0639\u062f\u062f","operator":"virtual21","amount":"17"},"yandex":{"count":"\u2705 3  \u0639\u062f\u062f","amount":"12","operator":"virtual21"},"yemeksepeti":{"count":"\u2705 3  \u0639\u062f\u062f","amount":"6","operator":"virtual21"},"youdo":{"count":"\u274c","operator":"virtual23","amount":"\u2757\ufe0f"},"youla":{"count":"\u2705 3  \u0639\u062f\u062f","amount":"8","operator":"virtual4"},"zalo":{"count":"\u2705 3  \u0639\u062f\u062f","amount":"5","operator":"virtual17"},"zoho":{"count":"\u2705 3  \u0639\u062f\u062f","amount":"14","operator":""},"digikala":{"count":"\u2705 3  \u0639\u062f\u062f","amount":"9","operator":"virtual21"},"divar":{"count":"\u2705 3  \u0639\u062f\u062f","amount":"7","operator":"virtual4"},"hamrahaval":{"count":"\u2705 3  \u0639\u062f\u062f","amount":"8","operator":"virtual23"},"irancell":{"count":"\u2705 3  \u0639\u062f\u062f","amount":"9","operator":"virtual4"},"zomato":{"count":"\u2705 1000  \u0639\u062f\u062f","amount":"12.5","operator":""}}