{"1688":{"count":"\u2705 1000  \u0639\u062f\u062f","amount":"17","operator":""},"1xbet":{"count":"\u2705 1000  \u0639\u062f\u062f","amount":"22","operator":""},"23red":{"count":"\u274c","operator":"virtual23","amount":"\u2757\ufe0f"},"ace2three":{"count":"\u274c","operator":"","amount":"\u2757\ufe0f"},"adidas":{"count":"\u2705 5  \u0639\u062f\u062f","operator":"","amount":"7"},"airbnb":{"count":"\u274c","operator":"virtual16","amount":"\u2757\ufe0f"},"airtel":{"count":"\u2705 5  \u0639\u062f\u062f","operator":"virtual23","amount":"7"},"akelni":{"count":"\u274c","operator":"virtual18","amount":"\u2757\ufe0f"},"alibaba":{"count":"\u2705 1000  \u0639\u062f\u062f","operator":"","amount":"16.61"},"aliexpress":{"count":"\u2705 1000  \u0639\u062f\u062f","operator":"virtual4","amount":"25"},"alipay":{"count":"\u274c","operator":"virtual17","amount":"\u2757\ufe0f"},"amasia":{"count":"\u2705 5  \u0639\u062f\u062f","operator":"","amount":"8"},"amazon":{"count":"\u2705 3  \u0639\u062f\u062f","operator":"virtual21","amount":"19"},"aol":{"count":"\u2705 5  \u0639\u062f\u062f","operator":"","amount":"13"},"avito":{"count":"\u2705 5  \u0639\u062f\u062f","operator":"virtual4","amount":"6"},"azino":{"count":"\u274c","operator":"virtual4","amount":"\u2757\ufe0f"},"b4ucabs":{"count":"\u274c","operator":"virtual4","amount":"\u2757\ufe0f"},"bigcash":{"count":"\u274c","operator":"virtual18","amount":"\u2757\ufe0f"},"bigolive":{"count":"\u2705 5  \u0639\u062f\u062f","operator":"","amount":"9"},"bitclout":{"count":"\u274c","operator":"","amount":"\u2757\ufe0f"},"bittube":{"count":"\u274c","operator":"","amount":"\u2757\ufe0f"},"blablacar":{"count":"\u2705 5  \u0639\u062f\u062f","operator":"","amount":"8"},"blizzard":{"count":"\u2705 1000  \u0639\u062f\u062f","amount":"12.08","operator":""},"blockchain":{"count":"\u274c","operator":"virtual23","amount":"\u2757\ufe0f"},"burgerking":{"count":"\u2705 5  \u0639\u062f\u062f","operator":"","amount":"8"},"careem":{"count":"\u2705 21880  \u0639\u062f\u062f","amount":"26.25","operator":""},"cdkeys":{"count":"\u2705 5  \u0639\u062f\u062f","operator":"","amount":"7"},"cekkazan":{"count":"\u274c","operator":"","amount":"\u2757\ufe0f"},"citymobil":{"count":"\u2705 5  \u0639\u062f\u062f","operator":"","amount":"6"},"clickentregas":{"count":"\u274c","operator":"","amount":"\u2757\ufe0f"},"coinbase":{"count":"\u2705 5  \u0639\u062f\u062f","amount":"24","operator":""},"craigslist":{"count":"\u2705 1000  \u0639\u062f\u062f","amount":"22.3","operator":""},"deliveroo":{"count":"\u2705 5  \u0639\u062f\u062f","operator":"virtual4","amount":"8"},"delivery":{"count":"\u2705 5  \u0639\u062f\u062f","operator":"","amount":"8"},"dent":{"count":"\u2705 5  \u0639\u062f\u062f","operator":"","amount":"2"},"didi":{"count":"\u2705 5  \u0639\u062f\u062f","operator":"","amount":"8"},"discord":{"count":"\u2705 997  \u0639\u062f\u062f","operator":"","amount":"13.13"},"dixy":{"count":"\u274c","operator":"virtual4","amount":"\u2757\ufe0f"},"dodopizza":{"count":"\u2705 5  \u0639\u062f\u062f","operator":"","amount":"7"},"domdara":{"count":"\u274c","operator":"","amount":"\u2757\ufe0f"},"dostavista":{"count":"\u2705 5  \u0639\u062f\u062f","operator":"","amount":"5"},"douyu":{"count":"\u2705 1000  \u0639\u062f\u062f","amount":"28.3","operator":""},"drom":{"count":"\u2705 5  \u0639\u062f\u062f","operator":"","amount":"9"},"drugvokrug":{"count":"\u2705 5  \u0639\u062f\u062f","operator":"","amount":"5"},"dukascopy":{"count":"\u274c","operator":"","amount":"\u2757\ufe0f"},"ebay":{"count":"\u2705 1279  \u0639\u062f\u062f","operator":"virtual19","amount":"32.88"},"edgeless":{"count":"\u274c","operator":"virtual23","amount":"\u2757\ufe0f"},"electroneum":{"count":"\u274c","operator":"virtual4","amount":"\u2757\ufe0f"},"ezway":{"count":"\u274c","operator":"","amount":"\u2757\ufe0f"},"facebook":{"count":"\u2705 1000  \u0639\u062f\u062f","amount":"9.12","operator":""},"fiverr":{"count":"\u274c","operator":"virtual23","amount":"\u2757\ufe0f"},"flipkart":{"count":"\u274c","operator":"","amount":"\u2757\ufe0f"},"foodpanda":{"count":"\u2705 1000  \u0639\u062f\u062f","amount":"11.72","operator":""},"foody":{"count":"\u2705 5  \u0639\u062f\u062f","operator":"virtual4","amount":"9"},"forwarding":{"count":"\u274c","operator":"virtual4","amount":"\u2757\ufe0f"},"galaxy":{"count":"\u274c","operator":"","amount":"\u2757\ufe0f"},"gameflip":{"count":"\u274c","operator":"","amount":"\u2757\ufe0f"},"gcash":{"count":"\u274c","operator":"","amount":"\u2757\ufe0f"},"get":{"count":"\u274c","operator":"","amount":"\u2757\ufe0f"},"getir":{"count":"\u2705 5  \u0639\u062f\u062f","operator":"","amount":"7"},"gett":{"count":"\u2705 5  \u0639\u062f\u062f","operator":"","amount":"8"},"globus":{"count":"\u2705 5  \u0639\u062f\u062f","operator":"","amount":"9"},"glovo":{"count":"\u274c","operator":"","amount":"\u2757\ufe0f"},"google":{"count":"\u2705 1000  \u0639\u062f\u062f","amount":"12.76","operator":""},"grabtaxi":{"count":"\u2705 5  \u0639\u062f\u062f","operator":"virtual4","amount":"9"},"green":{"count":"\u274c","operator":"virtual23","amount":"\u2757\ufe0f"},"grindr":{"count":"\u2705 5  \u0639\u062f\u062f","operator":"","amount":"6"},"haraj":{"count":"\u2705 5  \u0639\u062f\u062f","amount":"36","operator":""},"hezzl":{"count":"\u2705 5  \u0639\u062f\u062f","operator":"","amount":"6"},"hopi":{"count":"\u2705 5  \u0639\u062f\u062f","operator":"","amount":"5"},"hqtrivia":{"count":"\u2705 5  \u0639\u062f\u062f","operator":"","amount":"1"},"icard":{"count":"\u274c","operator":"","amount":"\u2757\ufe0f"},"icq":{"count":"\u2705 5  \u0639\u062f\u062f","operator":"","amount":"8"},"imo":{"count":"\u2705 5  \u0639\u062f\u062f","operator":"","amount":"16"},"ininal":{"count":"\u2705 5  \u0639\u062f\u062f","operator":"","amount":"8"},"instagram":{"count":"\u2705 1000  \u0639\u062f\u062f","operator":"virtual19","amount":"12.95"},"iost":{"count":"\u274c","operator":"virtual23","amount":"\u2757\ufe0f"},"jd":{"count":"\u2705 1  \u0639\u062f\u062f","operator":"virtual19","amount":"8"},"justdating":{"count":"\u2705 5  \u0639\u062f\u062f","operator":"virtual18","amount":"8"},"kakaotalk":{"count":"\u2705 1000  \u0639\u062f\u062f","amount":"21.77","operator":"virtual21"},"keybase":{"count":"\u2705 12135  \u0639\u062f\u062f","amount":"26.25","operator":"virtual19"},"komandacard":{"count":"\u274c","operator":"virtual4","amount":"\u2757\ufe0f"},"kotak811":{"count":"\u2705 5  \u0639\u062f\u062f","operator":"virtual4","amount":"8"},"kufarby":{"count":"\u2705 5  \u0639\u062f\u062f","operator":"","amount":"5"},"kwai":{"count":"\u274c","operator":"virtual21","amount":"\u2757\ufe0f"},"lazada":{"count":"\u274c","operator":"virtual4","amount":"\u2757\ufe0f"},"lbry":{"count":"\u274c","operator":"","amount":"\u2757\ufe0f"},"lenta":{"count":"\u2705 5  \u0639\u062f\u062f","operator":"","amount":"10"},"lianxin":{"count":"\u274c","operator":"","amount":"\u2757\ufe0f"},"line":{"count":"\u274c","operator":"virtual21","amount":"18"},"linkedin":{"count":"\u274c","amount":"\u2757\ufe0f","operator":"virtual23"},"livescore":{"count":"\u2705 5  \u0639\u062f\u062f","operator":"virtual4","amount":"8"},"magnit":{"count":"\u2705 5  \u0639\u062f\u062f","operator":"","amount":"6"},"magnolia":{"count":"\u2705 5  \u0639\u062f\u062f","operator":"","amount":"9"},"mailru":{"count":"\u2705 5  \u0639\u062f\u062f","operator":"","amount":"10"},"mamba":{"count":"\u2705 5  \u0639\u062f\u062f","operator":"","amount":"9"},"mcdonalds":{"count":"\u2705 5  \u0639\u062f\u062f","operator":"","amount":"8"},"meetme":{"count":"\u274c","operator":"","amount":"\u2757\ufe0f"},"mega":{"count":"\u2705 5  \u0639\u062f\u062f","operator":"","amount":"8"},"mercado":{"count":"\u2705 5  \u0639\u062f\u062f","operator":"","amount":"6"},"michat":{"count":"\u2705 5  \u0639\u062f\u062f","amount":"17","operator":""},"microsoft":{"count":"\u2705 1  \u0639\u062f\u062f","operator":"virtual21","amount":"2"},"miratorg":{"count":"\u2705 5  \u0639\u062f\u062f","operator":"virtual23","amount":"7"},"mtscashback":{"count":"\u2705 5  \u0639\u062f\u062f","amount":"18","operator":""},"nana":{"count":"\u274c","operator":"virtual4","amount":"\u2757\ufe0f"},"naver":{"count":"\u2705 1000  \u0639\u062f\u062f","amount":"13.63","operator":"virtual21"},"netflix":{"count":"\u2705 1000  \u0639\u062f\u062f","amount":"11.5","operator":""},"nhseven":{"count":"\u2705 5  \u0639\u062f\u062f","operator":"virtual23","amount":"9"},"nifty":{"count":"\u274c","operator":"virtual4","amount":"\u2757\ufe0f"},"nike":{"count":"\u2705 5  \u0639\u062f\u062f","amount":"10","operator":""},"nimses":{"count":"\u274c","operator":"virtual4","amount":"\u2757\ufe0f"},"nttgame":{"count":"\u2705 1000  \u0639\u062f\u062f","amount":"13.36","operator":""},"odnoklassniki":{"count":"\u2705 5  \u0639\u062f\u062f","operator":"virtual4","amount":"3"},"offerup":{"count":"\u2705 5  \u0639\u062f\u062f","operator":"","amount":"18"},"okcupid":{"count":"\u274c","operator":"virtual4","amount":"\u2757\ufe0f"},"okey":{"count":"\u274c","operator":"virtual4","amount":"\u2757\ufe0f"},"olx":{"count":"\u2705 810  \u0639\u062f\u062f","amount":"15.75","operator":""},"openpoint":{"count":"\u274c","operator":"virtual4","amount":"\u2757\ufe0f"},"oraclecloud":{"count":"\u274c","operator":"virtual4","amount":"\u2757\ufe0f"},"other":{"count":"\u2705 5  \u0639\u062f\u062f","operator":"virtual19","amount":"10"},"ozon":{"count":"\u2705 5  \u0639\u062f\u062f","operator":"","amount":"6"},"pairs":{"count":"\u2705 5  \u0639\u062f\u062f","operator":"","amount":"6"},"papara":{"count":"\u2705 5  \u0639\u062f\u062f","amount":"24","operator":""},"paycell":{"count":"\u2705 5  \u0639\u062f\u062f","amount":"18","operator":""},"paymaya":{"count":"\u274c","operator":"","amount":"\u2757\ufe0f"},"paypal":{"count":"\u2705 5  \u0639\u062f\u062f","operator":"virtual20","amount":"30"},"paysend":{"count":"\u2705 5  \u0639\u062f\u062f","operator":"virtual18","amount":"6"},"peoplecom":{"count":"\u274c","operator":"virtual18","amount":"\u2757\ufe0f"},"perekrestok":{"count":"\u2705 5  \u0639\u062f\u062f","operator":"","amount":"9"},"pof":{"count":"\u2705 10322  \u0639\u062f\u062f","amount":"15.75","operator":"virtual20"},"pokec":{"count":"\u274c","operator":"virtual4","amount":"\u2757\ufe0f"},"pokermaster":{"count":"\u274c","operator":"","amount":"\u2757\ufe0f"},"potato":{"count":"\u2705 5  \u0639\u062f\u062f","operator":"","amount":"5"},"proton":{"count":"\u274c","operator":"","amount":"\u2757\ufe0f"},"protp":{"count":"\u2705 5  \u0639\u062f\u062f","operator":"","amount":"7"},"pubg":{"count":"\u274c","operator":"","amount":"\u2757\ufe0f"},"pyaterochka":{"count":"\u2705 5  \u0639\u062f\u062f","operator":"","amount":"8"},"qiwiwallet":{"count":"\u2705 5  \u0639\u062f\u062f","operator":"","amount":"10"},"quioo":{"count":"\u274c","operator":"","amount":"\u2757\ufe0f"},"quipp":{"count":"\u2705 5  \u0639\u062f\u062f","operator":"","amount":"8"},"reuse":{"count":"\u274c","operator":"","amount":"\u2757\ufe0f"},"ripkord":{"count":"\u274c","operator":"","amount":"\u2757\ufe0f"},"samokat":{"count":"\u2705 5  \u0639\u062f\u062f","operator":"","amount":"9"},"seosprint":{"count":"\u2705 5  \u0639\u062f\u062f","operator":"","amount":"9"},"sheerid":{"count":"\u2705 5  \u0639\u062f\u062f","operator":"","amount":"7"},"shopee":{"count":"\u2705 5  \u0639\u062f\u062f","amount":"18","operator":""},"signal":{"count":"\u274c","operator":"virtual21","amount":"\u2757\ufe0f"},"sikayetvar":{"count":"\u2705 5  \u0639\u062f\u062f","operator":"","amount":"8"},"skout":{"count":"\u2705 18627  \u0639\u062f\u062f","amount":"13.13","operator":""},"snapchat":{"count":"\u2705 5  \u0639\u062f\u062f","amount":"19","operator":""},"steam":{"count":"\u2705 1000  \u0639\u062f\u062f","amount":"11.89","operator":""},"swvl":{"count":"\u2705 5  \u0639\u062f\u062f","operator":"","amount":"6"},"taksheel":{"count":"\u2705 462  \u0639\u062f\u062f","operator":"virtual4","amount":"39.38"},"tango":{"count":"\u2705 5  \u0639\u062f\u062f","operator":"","amount":"5"},"tantan":{"count":"\u274c","operator":"virtual4","amount":"\u2757\ufe0f"},"taobao":{"count":"\u2705 1000  \u0639\u062f\u062f","amount":"15.61","operator":""},"telegram":{"count":"\u2705 1000  \u0639\u062f\u062f","amount":"13.36","operator":"virtual23|virtual4|virtual18||"},"tencentqq":{"count":"\u274c","operator":"virtual21","amount":"\u2757\ufe0f"},"tiktok":{"count":"\u274c","operator":"virtual21","amount":"13"},"tinder":{"count":"\u2705 1000  \u0639\u062f\u062f","amount":"11.37","operator":""},"tosla":{"count":"\u2705 5  \u0639\u062f\u062f","operator":"virtual23","amount":"7"},"totalcoin":{"count":"\u274c","operator":"virtual4","amount":"\u2757\ufe0f"},"touchance":{"count":"\u2705 5  \u0639\u062f\u062f","operator":"virtual23","amount":"9"},"trendyol":{"count":"\u2705 5  \u0639\u062f\u062f","operator":"","amount":"6"},"truecaller":{"count":"\u2705 5  \u0639\u062f\u062f","amount":"16","operator":""},"twitter":{"count":"\u2705 1000  \u0639\u062f\u062f","amount":"12.7","operator":"virtual21"},"uber":{"count":"\u2705 1000  \u0639\u062f\u062f","amount":"13.5","operator":""},"uploaded":{"count":"\u274c","operator":"virtual23","amount":"\u2757\ufe0f"},"vernyi":{"count":"\u274c","operator":"virtual23","amount":"\u2757\ufe0f"},"viber":{"count":"\u2705 4  \u0639\u062f\u062f","amount":"14","operator":""},"vkontakte":{"count":"\u2705 1000  \u0639\u062f\u062f","amount":"10.2","operator":""},"voopee":{"count":"\u274c","operator":"virtual23","amount":"\u2757\ufe0f"},"wechat":{"count":"\u2705 1599  \u0639\u062f\u062f","operator":"virtual23","amount":"91.88"},"weibo":{"count":"\u2705 5  \u0639\u062f\u062f","amount":"14","operator":""},"weku":{"count":"\u274c","operator":"virtual4","amount":"\u2757\ufe0f"},"whatsapp":{"count":"\u2705 1000  \u0639\u062f\u062f","amount":"11.64","operator":"virtual18|virtual21|virtual23|virtual4|"},"winston":{"count":"\u274c","operator":"virtual23","amount":"\u2757\ufe0f"},"wish":{"count":"\u2705 5  \u0639\u062f\u062f","operator":"","amount":"7"},"yahoo":{"count":"\u2705 24408  \u0639\u062f\u062f","operator":"virtual2","amount":"13.13"},"yalla":{"count":"\u2705 5  \u0639\u062f\u062f","operator":"virtual20","amount":"17"},"yandex":{"count":"\u2705 5  \u0639\u062f\u062f","operator":"virtual2","amount":"12"},"yemeksepeti":{"count":"\u2705 5  \u0639\u062f\u062f","operator":"virtual4","amount":"7"},"youdo":{"count":"\u274c","operator":"virtual23","amount":"\u2757\ufe0f"},"youla":{"count":"\u2705 5  \u0639\u062f\u062f","operator":"","amount":"6"},"zalo":{"count":"\u2705 5  \u0639\u062f\u062f","operator":"","amount":"3"},"zoho":{"count":"\u2705 5  \u0639\u062f\u062f","amount":"14","operator":""},"digikala":{"count":"\u2705 5  \u0639\u062f\u062f","operator":"","amount":"6"},"divar":{"count":"\u2705 5  \u0639\u062f\u062f","operator":"","amount":"7"},"hamrahaval":{"count":"\u2705 5  \u0639\u062f\u062f","operator":"","amount":"6"},"irancell":{"count":"\u2705 5  \u0639\u062f\u062f","operator":"","amount":"6"},"zomato":{"count":"\u2705 1000  \u0639\u062f\u062f","amount":"12.5","operator":""}}